Swear_Phrase,Language,Intensity
madarchod bhosdike bhosdike mar,Hinglish,Nuclear
phadke lavda choos lawda,Hinglish,Nuclear
behen ki chut bhosdike mar,Hinglish,Nuclear
gaandu gaandu harami lawda,Hinglish,Nuclear
gand mar mar randi,Hinglish,Nuclear
harami kutte ki aulad randi,Hinglish,Nuclear
phadke gaand phaad phad dunga,Hinglish,Nuclear
phad dunga gaandu harami hijda,Hinglish,Nuclear
madarchod kutte ki aulad hijda,Hinglish,Nuclear
pucchi khajvya mar bhosdike,Hinglish/Marathi Mix,Nuclear
bhosdi wali randi ki aulad,Hinglish,Nuclear
hijda zavadya madarchod mar,Hinglish,Nuclear
gand mar randi bhadwa,Hinglish,Nuclear
tuzya aaicha foda phad dunga chutiya,Hinglish/Marathi Mix,Nuclear
randi ayica dana chutiya,Hinglish,Nuclear
tuzya aaicha foda lund ki aulad,Hinglish/Marathi Mix,Nuclear
randi ka lund madarchod mar,Hinglish,Nuclear
maa ka bhosada bhosdike harami,Hinglish,Nuclear
lavde ka baal phadke ki aulad,Hinglish,Nuclear
behenchod randi randi lund,Hinglish,Nuclear
lavde ka baal hijda madarchod,Hinglish,Nuclear
bhosdi wali choos hijda,Hinglish,Nuclear
behen ki chut mar hijda,Hinglish,Nuclear
gand phatli bhenchod chutiya choos,Hinglish/Marathi Mix,Nuclear
bhosdi wali lund mar,Hinglish,Nuclear
randi chut mein lund daal dunga,Hinglish,Nuclear
behenchod randi choos madarchod,Hinglish,Nuclear
tuzya aaichi pucchi bhosdike bhosdike,Hinglish/Marathi Mix,Nuclear
zavadya madarchod bhadwa mar,Hinglish,Nuclear
teri maa ki chut phad dunga chutiya,Hinglish,Nuclear
lund tuzya aaicha foda phadke,Hinglish/Marathi Mix,Nuclear
pucchi khajvya harami mar,Hinglish/Marathi Mix,Nuclear
behenchod randi phadke ki aulad,Hinglish,Nuclear
zavadya madarchod lund bhadwa,Hinglish,Nuclear
randi zavadya madarchod daal dunga,Hinglish,Nuclear
lavde ka baal lawda ki aulad,Hinglish,Nuclear
choos gaandu harami gaandu,Hinglish,Nuclear
bhosdike madarchod bhosdike phad dunga,Hinglish,Nuclear
zavadya madarchod choos phad dunga,Hinglish,Nuclear
phad dunga pucchi khajvya hijda,Hinglish/Marathi Mix,Nuclear
choos kutte ki aulad phad dunga,Hinglish,Nuclear
ayica dana harami chutiya,Hinglish,Nuclear
hijda bhosdi wali ki aulad,Hinglish,Nuclear
chut mein lund bhosdike randi,Hinglish,Nuclear
zavadya madarchod chutiya lawda,Hinglish,Nuclear
harami behenchod randi lawda,Hinglish,Nuclear
gaand phaad choos lawda,Hinglish,Nuclear
tuzya aaicha foda lund randi,Hinglish/Marathi Mix,Nuclear
bhosdi wali ki aulad madarchod,Hinglish,Nuclear
bhosdi wali lund phad dunga,Hinglish,Nuclear
hijda harami chutiya ki aulad,Hinglish,Nuclear
randi behenchod randi gaandu,Hinglish,Nuclear
randi gand phatli bhenchod choos,Hinglish/Marathi Mix,Nuclear
randi ka lund phadke lund,Hinglish,Nuclear
phadke tujha aila kutryawani hijda,Hinglish,Nuclear
lavde ka baal lund chutiya,Hinglish,Nuclear
choos pucchi khajvya bhosdike,Hinglish/Marathi Mix,Nuclear
daal dunga ayica dana madarchod,Hinglish,Nuclear
mar madarchod bhosdike lund,Hinglish,Nuclear
harami chutiya daal dunga gaandu,Hinglish,Nuclear
randi ka lund harami daal dunga,Hinglish,Nuclear
harami gaandu harami chutiya,Hinglish,Nuclear
gand phatli bhenchod madarchod ki aulad,Hinglish/Marathi Mix,Nuclear
pucchi khajvya chutiya randi,Hinglish/Marathi Mix,Nuclear
randi ka lund harami madarchod,Hinglish,Nuclear
lavda choos phad dunga madarchod,Hinglish,Nuclear
gaand phaad phadke bhosdike,Hinglish,Nuclear
daal dunga tujha aila kutryawani hijda,Hinglish,Nuclear
phadke bhosdi wali ki aulad,Hinglish,Nuclear
pucchi khajvya gaandu harami,Hinglish/Marathi Mix,Nuclear
bhosdi wali bhadwa harami,Hinglish,Nuclear
daal dunga kutte ki aulad madarchod,Hinglish,Nuclear
ki aulad behenchod randi hijda,Hinglish,Nuclear
bhosdike aai chi gand gaandu,Hinglish/Marathi Mix,Nuclear
randi ka lund phad dunga madarchod,Hinglish,Nuclear
tuzya aaicha foda chutiya bhosdike,Hinglish/Marathi Mix,Nuclear
mar ayica dana randi,Hinglish,Nuclear
phad dunga gaandu harami harami,Hinglish,Nuclear
chutiya harami chutiya hijda,Hinglish,Nuclear
phadke gaandu harami bhosdike,Hinglish,Nuclear
hijda zavadya madarchod gaandu,Hinglish,Nuclear
mar aai chi gand hijda,Hinglish/Marathi Mix,Nuclear
daal dunga randi ka lund randi,Hinglish,Nuclear
bhosdike gaand phaad ki aulad,Hinglish,Nuclear
lavde ka baal bhosdike madarchod,Hinglish,Nuclear
bhadwa tuzya aaicha foda daal dunga,Hinglish/Marathi Mix,Nuclear
mar tujha aila kutryawani phad dunga,Hinglish,Nuclear
daal dunga tuzya aaicha foda phadke,Hinglish/Marathi Mix,Nuclear
ayica dana madarchod gaandu,Hinglish,Nuclear
gaandu harami mar ki aulad,Hinglish,Nuclear
gand mar daal dunga phadke,Hinglish,Nuclear
mar gaand phaad choos,Hinglish,Nuclear
tuzya aaichi pucchi madarchod madarchod,Hinglish/Marathi Mix,Nuclear
lavde ka baal gaandu phad dunga,Hinglish,Nuclear
tujha aila kutryawani lund ki aulad,Hinglish,Nuclear
mar gaandu harami lawda,Hinglish,Nuclear
pucchi khajvya harami lawda,Hinglish/Marathi Mix,Nuclear
madarchod lavde ka baal mar,Hinglish,Nuclear
bhadwa teri maa ki chut bhadwa,Hinglish,Nuclear
ayica dana lawda phad dunga,Hinglish,Nuclear
gaandu gaandu harami bhosdike,Hinglish,Nuclear
madarchod gaand phaad hijda,Hinglish,Nuclear
harami chutiya randi phadke,Hinglish,Nuclear
daal dunga gaand phaad randi,Hinglish,Nuclear
phadke madarchod bhosdike chutiya,Hinglish,Nuclear
ki aulad teri maa ki chut harami,Hinglish,Nuclear
zavadya madarchod harami chutiya,Hinglish,Nuclear
teri maa ki chut phadke chutiya,Hinglish,Nuclear
lavda choos mar randi,Hinglish,Nuclear
teri maa ki chut choos bhadwa,Hinglish,Nuclear
randi gaandu harami lund,Hinglish,Nuclear
aai chi gand phad dunga mar,Hinglish/Marathi Mix,Nuclear
gaandu aai chi gand randi,Hinglish/Marathi Mix,Nuclear
zavadya madarchod lund harami,Hinglish,Nuclear
ayica dana chutiya phad dunga,Hinglish,Nuclear
lavda choos ki aulad choos,Hinglish,Nuclear
hijda gaand phaad mar,Hinglish,Nuclear
daal dunga aai chi gand harami,Hinglish/Marathi Mix,Nuclear
chut mein lund gaandu mar,Hinglish,Nuclear
zavadya madarchod phad dunga madarchod,Hinglish,Nuclear
tuzya aaicha foda ki aulad mar,Hinglish/Marathi Mix,Nuclear
bhadwa harami chutiya mar,Hinglish,Nuclear
madarchod behen ki chut phadke,Hinglish,Nuclear
randi ka lund chutiya randi,Hinglish,Nuclear
gand phatli bhenchod bhadwa hijda,Hinglish/Marathi Mix,Nuclear
choos bhosdi wali phad dunga,Hinglish,Nuclear
phadke aai chi gand daal dunga,Hinglish/Marathi Mix,Nuclear
madarchod gand phatli bhenchod phad dunga,Hinglish/Marathi Mix,Nuclear
gaand phaad randi harami,Hinglish,Nuclear
harami zavadya madarchod phadke,Hinglish,Nuclear
tujha aila kutryawani madarchod gaandu,Hinglish,Nuclear
bhosdike gand mar phad dunga,Hinglish,Nuclear
bhadwa lavde ka baal lund,Hinglish,Nuclear
mar behenchod randi mar,Hinglish,Nuclear
ayica dana lund bhadwa,Hinglish,Nuclear
chutiya tuzya aaicha foda randi,Hinglish/Marathi Mix,Nuclear
hijda ayica dana ki aulad,Hinglish,Nuclear
bhosdi wali ki aulad ki aulad,Hinglish,Nuclear
harami chutiya choos choos,Hinglish,Nuclear
gaandu harami phadke phad dunga,Hinglish,Nuclear
behenchod randi gaandu bhadwa,Hinglish,Nuclear
lavde ka baal hijda randi,Hinglish,Nuclear
aai chi gand bhosdike randi,Hinglish/Marathi Mix,Nuclear
bhosdike lavde ka baal randi,Hinglish,Nuclear
phad dunga tuzya aaichi pucchi madarchod,Hinglish/Marathi Mix,Nuclear
tujha aila kutryawani hijda phadke,Hinglish,Nuclear
phadke zavadya madarchod daal dunga,Hinglish,Nuclear
gand mar randi lund,Hinglish,Nuclear
bhadwa randi ka lund phad dunga,Hinglish,Nuclear
ayica dana bhadwa mar,Hinglish,Nuclear
kutte ki aulad lund gaandu,Hinglish,Nuclear
phadke harami chutiya phadke,Hinglish,Nuclear
tuzya aaicha foda madarchod lawda,Hinglish/Marathi Mix,Nuclear
bhosdike chut mein lund randi,Hinglish,Nuclear
harami aai chi gand ki aulad,Hinglish/Marathi Mix,Nuclear
bhadwa gand mar lund,Hinglish,Nuclear
ki aulad aai chi gand choos,Hinglish/Marathi Mix,Nuclear
lavde ka baal bhosdike gaandu,Hinglish,Nuclear
pucchi khajvya madarchod chutiya,Hinglish/Marathi Mix,Nuclear
bhosdike tuzya aaichi pucchi ki aulad,Hinglish/Marathi Mix,Nuclear
lund gaandu harami hijda,Hinglish,Nuclear
tujha aila kutryawani choos randi,Hinglish,Nuclear
chutiya tuzya aaicha foda madarchod,Hinglish/Marathi Mix,Nuclear
ki aulad lavde ka baal madarchod,Hinglish,Nuclear
randi behen ki chut phad dunga,Hinglish,Nuclear
lavda choos mar bhosdike,Hinglish,Nuclear
daal dunga randi ka lund mar,Hinglish,Nuclear
chut mein lund mar phadke,Hinglish,Nuclear
choos harami chutiya randi,Hinglish,Nuclear
behenchod randi mar lund,Hinglish,Nuclear
madarchod bhosdike lawda bhadwa,Hinglish,Nuclear
gaandu pucchi khajvya chutiya,Hinglish/Marathi Mix,Nuclear
gaandu harami harami randi,Hinglish,Nuclear
gaandu bhosdi wali mar,Hinglish,Nuclear
hijda tuzya aaichi pucchi gaandu,Hinglish/Marathi Mix,Nuclear
daal dunga tujha aila kutryawani bhadwa,Hinglish,Nuclear
phad dunga ayica dana lund,Hinglish,Nuclear
gaand phaad mar bhadwa,Hinglish,Nuclear
behen ki chut mar ki aulad,Hinglish,Nuclear
chut mein lund phadke chutiya,Hinglish,Nuclear
maa ka bhosada chutiya gaandu,Hinglish,Nuclear
bhosdike lavde ka baal lawda,Hinglish,Nuclear
daal dunga tuzya aaicha foda lund,Hinglish/Marathi Mix,Nuclear
phad dunga teri maa ki chut harami,Hinglish,Nuclear
hijda maa ka bhosada chutiya,Hinglish,Nuclear
bhadwa behenchod randi randi,Hinglish,Nuclear
phadke pucchi khajvya lund,Hinglish/Marathi Mix,Nuclear
mar maa ka bhosada ki aulad,Hinglish,Nuclear
hijda lavda choos ki aulad,Hinglish,Nuclear
gand mar choos hijda,Hinglish,Nuclear
lund pucchi khajvya bhosdike,Hinglish/Marathi Mix,Nuclear
aai chi gand randi hijda,Hinglish/Marathi Mix,Nuclear
kutte ki aulad lund hijda,Hinglish,Nuclear
randi tujha aila kutryawani mar,Hinglish,Nuclear
phadke gaandu harami phad dunga,Hinglish,Nuclear
daal dunga lavde ka baal gaandu,Hinglish,Nuclear
mar pucchi khajvya mar,Hinglish/Marathi Mix,Nuclear
teri maa ki chut phadke randi,Hinglish,Nuclear
zavadya madarchod harami daal dunga,Hinglish,Nuclear
gaandu harami chutiya hijda,Hinglish,Nuclear
randi ka lund daal dunga gaandu,Hinglish,Nuclear
gaandu chut mein lund randi,Hinglish,Nuclear
chut mein lund daal dunga mar,Hinglish,Nuclear
harami harami chutiya mar,Hinglish,Nuclear
randi lavde ka baal gaandu,Hinglish,Nuclear
ki aulad harami chutiya phad dunga,Hinglish,Nuclear
kutte ki aulad phadke lawda,Hinglish,Nuclear
zavadya madarchod lund phad dunga,Hinglish,Nuclear
randi tuzya aaichi pucchi daal dunga,Hinglish/Marathi Mix,Nuclear
kutte ki aulad lund bhosdike,Hinglish,Nuclear
randi ka lund madarchod choos,Hinglish,Nuclear
phad dunga pucchi khajvya madarchod,Hinglish/Marathi Mix,Nuclear
behenchod randi bhosdike choos,Hinglish,Nuclear
lavde ka baal gaandu lund,Hinglish,Nuclear
ki aulad tuzya aaicha foda harami,Hinglish/Marathi Mix,Nuclear
gaandu harami lund lawda,Hinglish,Nuclear
madarchod lavde ka baal hijda,Hinglish,Nuclear
madarchod bhosdike bhosdike phad dunga,Hinglish,Nuclear
gaandu harami madarchod ki aulad,Hinglish,Nuclear
aai chi gand ki aulad phadke,Hinglish/Marathi Mix,Nuclear
ayica dana daal dunga lund,Hinglish,Nuclear
daal dunga tuzya aaicha foda chutiya,Hinglish/Marathi Mix,Nuclear
tuzya aaichi pucchi daal dunga phad dunga,Hinglish/Marathi Mix,Nuclear
lavde ka baal lund ki aulad,Hinglish,Nuclear
pucchi khajvya mar hijda,Hinglish/Marathi Mix,Nuclear
randi gaandu harami randi,Hinglish,Nuclear
lund gand phatli bhenchod madarchod,Hinglish/Marathi Mix,Nuclear
phadke chut mein lund lawda,Hinglish,Nuclear
lavda choos madarchod lawda,Hinglish,Nuclear
lawda harami chutiya daal dunga,Hinglish,Nuclear
gaand phaad lund phadke,Hinglish,Nuclear
chutiya harami chutiya daal dunga,Hinglish,Nuclear
lavde ka baal bhosdike phadke,Hinglish,Nuclear
maa ka bhosada hijda daal dunga,Hinglish,Nuclear
gaandu harami mar lund,Hinglish,Nuclear
tuzya aaicha foda lund mar,Hinglish/Marathi Mix,Nuclear
bhosdike zavadya madarchod bhadwa,Hinglish,Nuclear
teri maa ki chut chutiya phad dunga,Hinglish,Nuclear
lawda ayica dana phad dunga,Hinglish,Nuclear
lund lavda choos daal dunga,Hinglish,Nuclear
choos gaand phaad lund,Hinglish,Nuclear
zavadya madarchod lund gaandu,Hinglish,Nuclear
choos gaand phaad bhosdike,Hinglish,Nuclear
gaandu zavadya madarchod daal dunga,Hinglish,Nuclear
lund ayica dana phad dunga,Hinglish,Nuclear
harami chutiya lund daal dunga,Hinglish,Nuclear
tuzya aaicha foda bhosdike chutiya,Hinglish/Marathi Mix,Nuclear
hijda tuzya aaichi pucchi randi,Hinglish/Marathi Mix,Nuclear
bhadwa pucchi khajvya daal dunga,Hinglish/Marathi Mix,Nuclear
harami gand phatli bhenchod madarchod,Hinglish/Marathi Mix,Nuclear
bhosdike maa ka bhosada bhadwa,Hinglish,Nuclear
harami chutiya mar hijda,Hinglish,Nuclear
harami chutiya randi lund,Hinglish,Nuclear
lavda choos harami gaandu,Hinglish,Nuclear
pucchi khajvya ki aulad phad dunga,Hinglish/Marathi Mix,Nuclear
teri maa ki chut chutiya randi,Hinglish,Nuclear
behen ki chut choos bhadwa,Hinglish,Nuclear
harami pucchi khajvya phad dunga,Hinglish/Marathi Mix,Nuclear
hijda tujha aila kutryawani harami,Hinglish,Nuclear
gand mar mar madarchod,Hinglish,Nuclear
gaandu harami randi randi,Hinglish,Nuclear
kutte ki aulad harami bhadwa,Hinglish,Nuclear
chut mein lund mar hijda,Hinglish,Nuclear
harami chutiya bhadwa lund,Hinglish,Nuclear
choos teri maa ki chut choos,Hinglish,Nuclear
gaand phaad phadke gaandu,Hinglish,Nuclear
bhadwa gaand phaad randi,Hinglish,Nuclear
gaandu lavde ka baal hijda,Hinglish,Nuclear
behenchod randi phad dunga choos,Hinglish,Nuclear
hijda lavda choos phadke,Hinglish,Nuclear
maa ka bhosada ki aulad lund,Hinglish,Nuclear
teri maa ki chut gaandu randi,Hinglish,Nuclear
gand phatli bhenchod harami lund,Hinglish/Marathi Mix,Nuclear
ayica dana madarchod daal dunga,Hinglish,Nuclear
choos gaand phaad hijda,Hinglish,Nuclear
ayica dana mar harami,Hinglish,Nuclear
mar zavadya madarchod madarchod,Hinglish,Nuclear
kutte ki aulad lawda harami,Hinglish,Nuclear
harami lavde ka baal lund,Hinglish,Nuclear
madarchod lavde ka baal phadke,Hinglish,Nuclear
gand mar bhadwa bhadwa,Hinglish,Nuclear
choos chut mein lund ki aulad,Hinglish,Nuclear
gaand phaad hijda hijda,Hinglish,Nuclear
tuzya aaicha foda lawda lund,Hinglish/Marathi Mix,Nuclear
daal dunga gaandu harami gaandu,Hinglish,Nuclear
gaand phaad daal dunga mar,Hinglish,Nuclear
zavadya madarchod choos mar,Hinglish,Nuclear
phad dunga chut mein lund gaandu,Hinglish,Nuclear
phadke pucchi khajvya hijda,Hinglish/Marathi Mix,Nuclear
choos maa ka bhosada lund,Hinglish,Nuclear
phadke zavadya madarchod hijda,Hinglish,Nuclear
choos ayica dana ki aulad,Hinglish,Nuclear
gaandu tujha aila kutryawani hijda,Hinglish,Nuclear
chutiya behen ki chut phad dunga,Hinglish,Nuclear
mar gaand phaad phadke,Hinglish,Nuclear
randi ka lund choos gaandu,Hinglish,Nuclear
tujha aila kutryawani phadke phadke,Hinglish,Nuclear
randi ka lund choos bhosdike,Hinglish,Nuclear
gand mar phad dunga bhadwa,Hinglish,Nuclear
hijda behen ki chut hijda,Hinglish,Nuclear
ki aulad gand phatli bhenchod daal dunga,Hinglish/Marathi Mix,Nuclear
hijda madarchod bhosdike ki aulad,Hinglish,Nuclear
bhosdike aai chi gand harami,Hinglish/Marathi Mix,Nuclear
ayica dana lund mar,Hinglish,Nuclear
hijda gand phatli bhenchod randi,Hinglish/Marathi Mix,Nuclear
tuzya aaichi pucchi gaandu daal dunga,Hinglish/Marathi Mix,Nuclear
phad dunga lavde ka baal ki aulad,Hinglish,Nuclear
harami randi ka lund ki aulad,Hinglish,Nuclear
lund tuzya aaichi pucchi randi,Hinglish/Marathi Mix,Nuclear
chut mein lund harami madarchod,Hinglish,Nuclear
bhosdi wali phad dunga madarchod,Hinglish,Nuclear
pucchi khajvya lawda randi,Hinglish/Marathi Mix,Nuclear
tuzya aaicha foda lawda bhadwa,Hinglish/Marathi Mix,Nuclear
bhosdi wali daal dunga madarchod,Hinglish,Nuclear
phadke maa ka bhosada daal dunga,Hinglish,Nuclear
gaandu harami hijda hijda,Hinglish,Nuclear
harami chutiya harami daal dunga,Hinglish,Nuclear
hijda gaandu harami ki aulad,Hinglish,Nuclear
pucchi khajvya daal dunga bhosdike,Hinglish/Marathi Mix,Nuclear
lawda lavda choos phadke,Hinglish,Nuclear
kutte ki aulad harami bhosdike,Hinglish,Nuclear
lawda teri maa ki chut harami,Hinglish,Nuclear
phadke tujha aila kutryawani harami,Hinglish,Nuclear
lavde ka baal madarchod randi,Hinglish,Nuclear
lavda choos gaandu lund,Hinglish,Nuclear
zavadya madarchod lawda daal dunga,Hinglish,Nuclear
phadke pucchi khajvya lawda,Hinglish/Marathi Mix,Nuclear
harami chut mein lund gaandu,Hinglish,Nuclear
pucchi khajvya ki aulad randi,Hinglish/Marathi Mix,Nuclear
bhosdike behenchod randi choos,Hinglish,Nuclear
bhadwa randi ka lund daal dunga,Hinglish,Nuclear
tuzya aaicha foda ki aulad hijda,Hinglish/Marathi Mix,Nuclear
madarchod lavde ka baal harami,Hinglish,Nuclear
behenchod randi hijda bhadwa,Hinglish,Nuclear
lawda chut mein lund daal dunga,Hinglish,Nuclear
tujha aila kutryawani gaandu mar,Hinglish,Nuclear
tuzya aaichi pucchi lund lawda,Hinglish/Marathi Mix,Nuclear
madarchod bhosdike ki aulad phadke,Hinglish,Nuclear
bhosdi wali chutiya bhosdike,Hinglish,Nuclear
gaandu gand phatli bhenchod randi,Hinglish/Marathi Mix,Nuclear
madarchod kutte ki aulad phadke,Hinglish,Nuclear
aai chi gand bhosdike phad dunga,Hinglish/Marathi Mix,Nuclear
tujha aila kutryawani harami randi,Hinglish,Nuclear
zavadya madarchod daal dunga mar,Hinglish,Nuclear
zavadya madarchod phadke madarchod,Hinglish,Nuclear
gaand phaad harami chutiya,Hinglish,Nuclear
chutiya madarchod bhosdike lund,Hinglish,Nuclear
lawda ayica dana gaandu,Hinglish,Nuclear
madarchod harami chutiya daal dunga,Hinglish,Nuclear
madarchod tujha aila kutryawani ki aulad,Hinglish,Nuclear
lawda teri maa ki chut bhosdike,Hinglish,Nuclear
lavde ka baal lawda harami,Hinglish,Nuclear
aai chi gand ki aulad lund,Hinglish/Marathi Mix,Nuclear
randi bhosdi wali phadke,Hinglish,Nuclear
tujha aila kutryawani randi ki aulad,Hinglish,Nuclear
zavadya madarchod phadke lund,Hinglish,Nuclear
phadke gand phatli bhenchod lawda,Hinglish/Marathi Mix,Nuclear
tuzya aaichi pucchi randi chutiya,Hinglish/Marathi Mix,Nuclear
chutiya lavde ka baal randi,Hinglish,Nuclear
bhosdike gaand phaad lund,Hinglish,Nuclear
maa ka bhosada bhosdike randi,Hinglish,Nuclear
harami behenchod randi gaandu,Hinglish,Nuclear
behen ki chut lund chutiya,Hinglish,Nuclear
madarchod gaandu harami bhadwa,Hinglish,Nuclear
ayica dana phadke bhadwa,Hinglish,Nuclear
randi tuzya aaichi pucchi lawda,Hinglish/Marathi Mix,Nuclear
behenchod randi phadke hijda,Hinglish,Nuclear
phad dunga gaandu harami gaandu,Hinglish,Nuclear
phad dunga chut mein lund ki aulad,Hinglish,Nuclear
hijda teri maa ki chut daal dunga,Hinglish,Nuclear
hijda pucchi khajvya randi,Hinglish/Marathi Mix,Nuclear
choos harami chutiya choos,Hinglish,Nuclear
daal dunga behen ki chut ki aulad,Hinglish,Nuclear
tuzya aaicha foda ki aulad bhadwa,Hinglish/Marathi Mix,Nuclear
kutte ki aulad randi mar,Hinglish,Nuclear
gaand phaad harami bhadwa,Hinglish,Nuclear
maa ka bhosada randi madarchod,Hinglish,Nuclear
bhadwa bhosdi wali randi,Hinglish,Nuclear
chutiya zavadya madarchod chutiya,Hinglish,Nuclear
gaandu ayica dana phad dunga,Hinglish,Nuclear
randi tujha aila kutryawani chutiya,Hinglish,Nuclear
harami gand mar phadke,Hinglish,Nuclear
tujha aila kutryawani bhadwa randi,Hinglish,Nuclear
choos pucchi khajvya daal dunga,Hinglish/Marathi Mix,Nuclear
kutte ki aulad bhadwa gaandu,Hinglish,Nuclear
harami randi ka lund harami,Hinglish,Nuclear
randi behenchod randi lawda,Hinglish,Nuclear
harami tujha aila kutryawani phadke,Hinglish,Nuclear
choos chut mein lund phadke,Hinglish,Nuclear
bhosdike pucchi khajvya gaandu,Hinglish/Marathi Mix,Nuclear
pucchi khajvya ki aulad gaandu,Hinglish/Marathi Mix,Nuclear
madarchod madarchod bhosdike phad dunga,Hinglish,Nuclear
phad dunga tujha aila kutryawani phad dunga,Hinglish,Nuclear
gand mar ki aulad phad dunga,Hinglish,Nuclear
tuzya aaichi pucchi bhadwa hijda,Hinglish/Marathi Mix,Nuclear
chut mein lund phadke lawda,Hinglish,Nuclear
behen ki chut phad dunga chutiya,Hinglish,Nuclear
randi ka lund chutiya mar,Hinglish,Nuclear
daal dunga harami chutiya lawda,Hinglish,Nuclear
ayica dana chutiya ki aulad,Hinglish,Nuclear
zavadya madarchod bhadwa hijda,Hinglish,Nuclear
ayica dana daal dunga lawda,Hinglish,Nuclear
mar madarchod bhosdike gaandu,Hinglish,Nuclear
daal dunga tujha aila kutryawani mar,Hinglish,Nuclear
gaand phaad choos choos,Hinglish,Nuclear
lund randi ka lund lund,Hinglish,Nuclear
gaand phaad bhosdike randi,Hinglish,Nuclear
tujha aila kutryawani lund harami,Hinglish,Nuclear
behen ki chut lawda mar,Hinglish,Nuclear
zavadya madarchod ki aulad phad dunga,Hinglish,Nuclear
tujha aila kutryawani chutiya ki aulad,Hinglish,Nuclear
maa ka bhosada bhadwa bhadwa,Hinglish,Nuclear
hijda maa ka bhosada harami,Hinglish,Nuclear
ki aulad behen ki chut ki aulad,Hinglish,Nuclear
madarchod bhosdike lund harami,Hinglish,Nuclear
madarchod bhosdike harami bhosdike,Hinglish,Nuclear
phad dunga behenchod randi madarchod,Hinglish,Nuclear
lavda choos ki aulad mar,Hinglish,Nuclear
gaandu tuzya aaicha foda randi,Hinglish/Marathi Mix,Nuclear
randi ka lund phad dunga harami,Hinglish,Nuclear
tuzya aaichi pucchi harami mar,Hinglish/Marathi Mix,Nuclear
harami chutiya phadke harami,Hinglish,Nuclear
behen ki chut chutiya bhadwa,Hinglish,Nuclear
randi ka lund daal dunga chutiya,Hinglish,Nuclear
phad dunga tuzya aaicha foda mar,Hinglish/Marathi Mix,Nuclear
randi pucchi khajvya chutiya,Hinglish/Marathi Mix,Nuclear
behenchod randi harami gaandu,Hinglish,Nuclear
hijda madarchod bhosdike lund,Hinglish,Nuclear
teri maa ki chut randi mar,Hinglish,Nuclear
zavadya madarchod phad dunga bhadwa,Hinglish,Nuclear
choos randi ka lund bhadwa,Hinglish,Nuclear
bhosdike lavde ka baal harami,Hinglish,Nuclear
ki aulad tuzya aaichi pucchi lund,Hinglish/Marathi Mix,Nuclear
ki aulad zavadya madarchod madarchod,Hinglish,Nuclear
hijda gand mar hijda,Hinglish,Nuclear
phadke tuzya aaicha foda lund,Hinglish/Marathi Mix,Nuclear
aai chi gand harami ki aulad,Hinglish/Marathi Mix,Nuclear
hijda pucchi khajvya daal dunga,Hinglish/Marathi Mix,Nuclear
pucchi khajvya phadke daal dunga,Hinglish/Marathi Mix,Nuclear
zavadya madarchod choos choos,Hinglish,Nuclear
hijda behenchod randi phadke,Hinglish,Nuclear
aai chi gand phad dunga bhadwa,Hinglish/Marathi Mix,Nuclear
lund harami chutiya choos,Hinglish,Nuclear
daal dunga pucchi khajvya chutiya,Hinglish/Marathi Mix,Nuclear
ki aulad gaand phaad phadke,Hinglish,Nuclear
gaandu behen ki chut gaandu,Hinglish,Nuclear
behen ki chut phadke harami,Hinglish,Nuclear
pucchi khajvya gaandu bhosdike,Hinglish/Marathi Mix,Nuclear
lavda choos lawda daal dunga,Hinglish,Nuclear
chutiya gand mar harami,Hinglish,Nuclear
aai chi gand ki aulad madarchod,Hinglish/Marathi Mix,Nuclear
gand mar ki aulad bhadwa,Hinglish,Nuclear
gand phatli bhenchod bhadwa phadke,Hinglish/Marathi Mix,Nuclear
bhosdi wali choos lawda,Hinglish,Nuclear
tujha aila kutryawani gaandu lund,Hinglish,Nuclear
pucchi khajvya bhosdike bhadwa,Hinglish/Marathi Mix,Nuclear
maa ka bhosada lawda bhadwa,Hinglish,Nuclear
lund tuzya aaichi pucchi harami,Hinglish/Marathi Mix,Nuclear
choos aai chi gand ki aulad,Hinglish/Marathi Mix,Nuclear
choos behenchod randi bhadwa,Hinglish,Nuclear
teri maa ki chut daal dunga lawda,Hinglish,Nuclear
ki aulad behenchod randi bhadwa,Hinglish,Nuclear
bhosdike gaandu harami phadke,Hinglish,Nuclear
chutiya maa ka bhosada chutiya,Hinglish,Nuclear
tuzya aaicha foda chutiya madarchod,Hinglish/Marathi Mix,Nuclear
madarchod ayica dana choos,Hinglish,Nuclear
phadke kutte ki aulad mar,Hinglish,Nuclear
randi ka lund mar hijda,Hinglish,Nuclear
aai chi gand lawda daal dunga,Hinglish/Marathi Mix,Nuclear
mar teri maa ki chut gaandu,Hinglish,Nuclear
gaand phaad hijda lawda,Hinglish,Nuclear
ki aulad maa ka bhosada choos,Hinglish,Nuclear
randi gaandu harami bhosdike,Hinglish,Nuclear
ki aulad gand phatli bhenchod randi,Hinglish/Marathi Mix,Nuclear
ayica dana bhadwa phad dunga,Hinglish,Nuclear
ayica dana hijda choos,Hinglish,Nuclear
hijda gand mar lawda,Hinglish,Nuclear
harami aai chi gand madarchod,Hinglish/Marathi Mix,Nuclear
maa ka bhosada phad dunga mar,Hinglish,Nuclear
lund gaandu harami ki aulad,Hinglish,Nuclear
phadke zavadya madarchod bhadwa,Hinglish,Nuclear
randi tuzya aaicha foda lawda,Hinglish/Marathi Mix,Nuclear
harami chutiya mar chutiya,Hinglish,Nuclear
gaandu randi ka lund ki aulad,Hinglish,Nuclear
daal dunga aai chi gand randi,Hinglish/Marathi Mix,Nuclear
mar tuzya aaicha foda phadke,Hinglish/Marathi Mix,Nuclear
bhosdike behen ki chut harami,Hinglish,Nuclear
daal dunga aai chi gand phad dunga,Hinglish/Marathi Mix,Nuclear
ki aulad gand mar hijda,Hinglish,Nuclear
lavda choos gaandu phad dunga,Hinglish,Nuclear
tujha aila kutryawani phad dunga madarchod,Hinglish,Nuclear
randi ka lund ki aulad madarchod,Hinglish,Nuclear
teri maa ki chut ki aulad lawda,Hinglish,Nuclear
randi gaandu harami chutiya,Hinglish,Nuclear
bhosdike chut mein lund phad dunga,Hinglish,Nuclear
lawda tujha aila kutryawani hijda,Hinglish,Nuclear
chut mein lund phadke bhosdike,Hinglish,Nuclear
bhosdike ayica dana bhosdike,Hinglish,Nuclear
gaand phaad bhadwa randi,Hinglish,Nuclear
gaandu harami randi mar,Hinglish,Nuclear
behen ki chut hijda randi,Hinglish,Nuclear
lavde ka baal harami lund,Hinglish,Nuclear
madarchod lavde ka baal ki aulad,Hinglish,Nuclear
chut mein lund mar choos,Hinglish,Nuclear
mar maa ka bhosada choos,Hinglish,Nuclear
daal dunga tuzya aaichi pucchi chutiya,Hinglish/Marathi Mix,Nuclear
randi ka lund lund chutiya,Hinglish,Nuclear
randi ka lund lund hijda,Hinglish,Nuclear
bhosdi wali phad dunga mar,Hinglish,Nuclear
ki aulad madarchod bhosdike mar,Hinglish,Nuclear
tujha aila kutryawani harami lund,Hinglish,Nuclear
bhosdi wali mar daal dunga,Hinglish,Nuclear
behen ki chut phad dunga phad dunga,Hinglish,Nuclear
lavde ka baal harami bhadwa,Hinglish,Nuclear
lavde ka baal choos randi,Hinglish,Nuclear
zavadya madarchod madarchod bhadwa,Hinglish,Nuclear
bhadwa pucchi khajvya madarchod,Hinglish/Marathi Mix,Nuclear
pucchi khajvya ki aulad phadke,Hinglish/Marathi Mix,Nuclear
hijda tuzya aaicha foda lund,Hinglish/Marathi Mix,Nuclear
lawda behen ki chut harami,Hinglish,Nuclear
madarchod madarchod bhosdike chutiya,Hinglish,Nuclear
mar tuzya aaicha foda ki aulad,Hinglish/Marathi Mix,Nuclear
madarchod bhosdi wali daal dunga,Hinglish,Nuclear
tuzya aaicha foda chutiya hijda,Hinglish/Marathi Mix,Nuclear
mar maa ka bhosada lund,Hinglish,Nuclear
bhadwa tuzya aaichi pucchi harami,Hinglish/Marathi Mix,Nuclear
madarchod harami chutiya bhadwa,Hinglish,Nuclear
gaandu harami ki aulad madarchod,Hinglish,Nuclear
lawda tuzya aaicha foda lund,Hinglish/Marathi Mix,Nuclear
gaandu harami randi madarchod,Hinglish,Nuclear
pucchi khajvya bhosdike madarchod,Hinglish/Marathi Mix,Nuclear
bhosdi wali lawda phad dunga,Hinglish,Nuclear
bhosdi wali phad dunga chutiya,Hinglish,Nuclear
lawda bhosdi wali lund,Hinglish,Nuclear
randi aai chi gand bhadwa,Hinglish/Marathi Mix,Nuclear
phadke lavde ka baal daal dunga,Hinglish,Nuclear
gand mar hijda madarchod,Hinglish,Nuclear
harami chutiya bhadwa madarchod,Hinglish,Nuclear
randi bhosdi wali choos,Hinglish,Nuclear
choos maa ka bhosada bhadwa,Hinglish,Nuclear
tujha aila kutryawani ki aulad bhosdike,Hinglish,Nuclear
daal dunga harami chutiya harami,Hinglish,Nuclear
ayica dana lawda daal dunga,Hinglish,Nuclear
harami maa ka bhosada chutiya,Hinglish,Nuclear
ayica dana daal dunga chutiya,Hinglish,Nuclear
bhadwa lavde ka baal ki aulad,Hinglish,Nuclear
lavda choos bhosdike bhosdike,Hinglish,Nuclear
choos gaand phaad bhadwa,Hinglish,Nuclear
harami chutiya mar madarchod,Hinglish,Nuclear
harami gaand phaad madarchod,Hinglish,Nuclear
madarchod madarchod bhosdike mar,Hinglish,Nuclear
randi ka lund bhosdike lund,Hinglish,Nuclear
harami chutiya choos phad dunga,Hinglish,Nuclear
chutiya chut mein lund randi,Hinglish,Nuclear
kutte ki aulad phad dunga daal dunga,Hinglish,Nuclear
kutte ki aulad bhosdike gaandu,Hinglish,Nuclear
ki aulad pucchi khajvya phadke,Hinglish/Marathi Mix,Nuclear
tuzya aaicha foda lawda bhosdike,Hinglish/Marathi Mix,Nuclear
harami gaand phaad gaandu,Hinglish,Nuclear
behen ki chut lund lawda,Hinglish,Nuclear
lavda choos daal dunga lund,Hinglish,Nuclear
gand mar ki aulad ki aulad,Hinglish,Nuclear
gaandu aai chi gand phadke,Hinglish/Marathi Mix,Nuclear
phadke gand phatli bhenchod bhosdike,Hinglish/Marathi Mix,Nuclear
tujha aila kutryawani phad dunga gaandu,Hinglish,Nuclear
gand phatli bhenchod ki aulad lawda,Hinglish/Marathi Mix,Nuclear
madarchod tuzya aaicha foda madarchod,Hinglish/Marathi Mix,Nuclear
behen ki chut randi ki aulad,Hinglish,Nuclear
madarchod behenchod randi phadke,Hinglish,Nuclear
gaandu kutte ki aulad daal dunga,Hinglish,Nuclear
aai chi gand bhosdike daal dunga,Hinglish/Marathi Mix,Nuclear
harami ayica dana randi,Hinglish,Nuclear
gaand phaad ki aulad phadke,Hinglish,Nuclear
lund randi ka lund mar,Hinglish,Nuclear
madarchod bhosdike bhadwa gaandu,Hinglish,Nuclear
bhosdi wali ki aulad chutiya,Hinglish,Nuclear
tujha aila kutryawani phad dunga hijda,Hinglish,Nuclear
gaandu harami randi daal dunga,Hinglish,Nuclear
gaand phaad harami phad dunga,Hinglish,Nuclear
lund behenchod randi lund,Hinglish,Nuclear
zavadya madarchod bhosdike daal dunga,Hinglish,Nuclear
gaandu harami phadke mar,Hinglish,Nuclear
teri maa ki chut mar madarchod,Hinglish,Nuclear
gaand phaad ki aulad lawda,Hinglish,Nuclear
hijda behen ki chut lawda,Hinglish,Nuclear
harami chutiya bhadwa randi,Hinglish,Nuclear
tujha aila kutryawani bhadwa mar,Hinglish,Nuclear
zavadya madarchod phad dunga choos,Hinglish,Nuclear
zavadya madarchod lawda randi,Hinglish,Nuclear
madarchod bhosdike bhosdike chutiya,Hinglish,Nuclear
daal dunga tujha aila kutryawani phadke,Hinglish,Nuclear
gand mar ki aulad mar,Hinglish,Nuclear
behen ki chut choos chutiya,Hinglish,Nuclear
bhosdike gaand phaad bhosdike,Hinglish,Nuclear
lund teri maa ki chut hijda,Hinglish,Nuclear
bhosdike zavadya madarchod bhosdike,Hinglish,Nuclear
lavda choos madarchod chutiya,Hinglish,Nuclear
ayica dana daal dunga choos,Hinglish,Nuclear
phad dunga behen ki chut lund,Hinglish,Nuclear
tujha aila kutryawani phad dunga phadke,Hinglish,Nuclear
lavde ka baal phadke madarchod,Hinglish,Nuclear
bhosdike zavadya madarchod daal dunga,Hinglish,Nuclear
chutiya gaandu harami harami,Hinglish,Nuclear
randi randi ka lund lawda,Hinglish,Nuclear
lavde ka baal bhadwa bhosdike,Hinglish,Nuclear
tuzya aaichi pucchi madarchod bhosdike,Hinglish/Marathi Mix,Nuclear
gaandu harami gaandu phadke,Hinglish,Nuclear
lund gand mar bhosdike,Hinglish,Nuclear
gaandu kutte ki aulad lund,Hinglish,Nuclear
randi maa ka bhosada lund,Hinglish,Nuclear
kutte ki aulad ki aulad gaandu,Hinglish,Nuclear
randi teri maa ki chut bhadwa,Hinglish,Nuclear
harami kutte ki aulad chutiya,Hinglish,Nuclear
pucchi khajvya phad dunga randi,Hinglish/Marathi Mix,Nuclear
gaand phaad chutiya choos,Hinglish,Nuclear
teri maa ki chut daal dunga randi,Hinglish,Nuclear
mar tuzya aaicha foda mar,Hinglish/Marathi Mix,Nuclear
tujha aila kutryawani chutiya madarchod,Hinglish,Nuclear
phadke maa ka bhosada bhosdike,Hinglish,Nuclear
choos tujha aila kutryawani madarchod,Hinglish,Nuclear
zavadya madarchod madarchod randi,Hinglish,Nuclear
chutiya gand phatli bhenchod bhosdike,Hinglish/Marathi Mix,Nuclear
randi ka lund phad dunga mar,Hinglish,Nuclear
kutte ki aulad gaandu madarchod,Hinglish,Nuclear
choos gand phatli bhenchod daal dunga,Hinglish/Marathi Mix,Nuclear
gaandu gand mar lawda,Hinglish,Nuclear
gand phatli bhenchod bhosdike chutiya,Hinglish/Marathi Mix,Nuclear
choos lavde ka baal madarchod,Hinglish,Nuclear
teri maa ki chut bhadwa phad dunga,Hinglish,Nuclear
kutte ki aulad bhosdike madarchod,Hinglish,Nuclear
lawda ayica dana ki aulad,Hinglish,Nuclear
chut mein lund choos ki aulad,Hinglish,Nuclear
randi ka lund phadke mar,Hinglish,Nuclear
bhosdike chut mein lund choos,Hinglish,Nuclear
tuzya aaichi pucchi chutiya phad dunga,Hinglish/Marathi Mix,Nuclear
maa ka bhosada choos hijda,Hinglish,Nuclear
lund gand mar choos,Hinglish,Nuclear
gaandu harami daal dunga bhadwa,Hinglish,Nuclear
gaandu harami lawda choos,Hinglish,Nuclear
phad dunga pucchi khajvya mar,Hinglish/Marathi Mix,Nuclear
gaand phaad randi mar,Hinglish,Nuclear
daal dunga gand phatli bhenchod ki aulad,Hinglish/Marathi Mix,Nuclear
lavde ka baal ki aulad mar,Hinglish,Nuclear
bhosdike behen ki chut phadke,Hinglish,Nuclear
harami gaandu harami lund,Hinglish,Nuclear
tuzya aaicha foda phad dunga gaandu,Hinglish/Marathi Mix,Nuclear
madarchod chut mein lund randi,Hinglish,Nuclear
lund behen ki chut daal dunga,Hinglish,Nuclear
pucchi khajvya madarchod bhosdike,Hinglish/Marathi Mix,Nuclear
tujha aila kutryawani choos lawda,Hinglish,Nuclear
bhosdi wali hijda lawda,Hinglish,Nuclear
mar gaandu harami phad dunga,Hinglish,Nuclear
bhosdi wali madarchod gaandu,Hinglish,Nuclear
hijda behenchod randi lawda,Hinglish,Nuclear
chut mein lund ki aulad bhadwa,Hinglish,Nuclear
tuzya aaicha foda randi phad dunga,Hinglish/Marathi Mix,Nuclear
ki aulad harami chutiya bhosdike,Hinglish,Nuclear
kutte ki aulad lawda phadke,Hinglish,Nuclear
lawda chut mein lund choos,Hinglish,Nuclear
behenchod randi phad dunga bhosdike,Hinglish,Nuclear
harami gand mar daal dunga,Hinglish,Nuclear
chutiya gaand phaad gaandu,Hinglish,Nuclear
maa ka bhosada lund harami,Hinglish,Nuclear
chut mein lund phad dunga lund,Hinglish,Nuclear
zavadya madarchod lawda hijda,Hinglish,Nuclear
kutte ki aulad madarchod bhosdike,Hinglish,Nuclear
bhosdike harami chutiya chutiya,Hinglish,Nuclear
tuzya aaicha foda phadke ki aulad,Hinglish/Marathi Mix,Nuclear
randi gaand phaad phad dunga,Hinglish,Nuclear
daal dunga madarchod bhosdike choos,Hinglish,Nuclear
phadke harami chutiya ki aulad,Hinglish,Nuclear
madarchod bhosdike randi choos,Hinglish,Nuclear
chutiya teri maa ki chut randi,Hinglish,Nuclear
lund tuzya aaicha foda harami,Hinglish/Marathi Mix,Nuclear
lawda aai chi gand choos,Hinglish/Marathi Mix,Nuclear
maa ka bhosada chutiya bhosdike,Hinglish,Nuclear
daal dunga gaandu harami bhadwa,Hinglish,Nuclear
gand phatli bhenchod lund phad dunga,Hinglish/Marathi Mix,Nuclear
tujha aila kutryawani lund phad dunga,Hinglish,Nuclear
hijda gand mar madarchod,Hinglish,Nuclear
zavadya madarchod choos phadke,Hinglish,Nuclear
maa ka bhosada bhosdike bhosdike,Hinglish,Nuclear
lund lavde ka baal harami,Hinglish,Nuclear
lund randi ka lund madarchod,Hinglish,Nuclear
gaandu harami madarchod randi,Hinglish,Nuclear
behenchod randi chutiya hijda,Hinglish,Nuclear
tujha aila kutryawani bhosdike hijda,Hinglish,Nuclear
ayica dana phad dunga chutiya,Hinglish,Nuclear
gand phatli bhenchod ki aulad madarchod,Hinglish/Marathi Mix,Nuclear
maa ka bhosada gaandu ki aulad,Hinglish,Nuclear
randi kutte ki aulad phad dunga,Hinglish,Nuclear
tujha aila kutryawani hijda chutiya,Hinglish,Nuclear
randi zavadya madarchod gaandu,Hinglish,Nuclear
behenchod randi phadke randi,Hinglish,Nuclear
gand phatli bhenchod bhadwa mar,Hinglish/Marathi Mix,Nuclear
randi ka lund randi bhadwa,Hinglish,Nuclear
ki aulad harami chutiya ki aulad,Hinglish,Nuclear
behenchod randi bhosdike phad dunga,Hinglish,Nuclear
daal dunga gand phatli bhenchod chutiya,Hinglish/Marathi Mix,Nuclear
gaandu gaandu harami phad dunga,Hinglish,Nuclear
gand phatli bhenchod lawda mar,Hinglish/Marathi Mix,Nuclear
aai chi gand gaandu randi,Hinglish/Marathi Mix,Nuclear
ayica dana harami lund,Hinglish,Nuclear
behenchod randi madarchod chutiya,Hinglish,Nuclear
maa ka bhosada lawda randi,Hinglish,Nuclear
gaandu harami chutiya harami,Hinglish,Nuclear
gaandu harami daal dunga lund,Hinglish,Nuclear
lavda choos lund madarchod,Hinglish,Nuclear
bhosdike aai chi gand choos,Hinglish/Marathi Mix,Nuclear
harami tujha aila kutryawani phad dunga,Hinglish,Nuclear
kutte ki aulad phad dunga harami,Hinglish,Nuclear
gand mar phad dunga chutiya,Hinglish,Nuclear
ki aulad lavde ka baal lawda,Hinglish,Nuclear
madarchod behen ki chut harami,Hinglish,Nuclear
gand mar gaandu madarchod,Hinglish,Nuclear
lawda randi ka lund ki aulad,Hinglish,Nuclear
chutiya chut mein lund mar,Hinglish,Nuclear
gaandu teri maa ki chut lund,Hinglish,Nuclear
zavadya madarchod lund randi,Hinglish,Nuclear
hijda randi ka lund daal dunga,Hinglish,Nuclear
randi gaand phaad bhadwa,Hinglish,Nuclear
lund ayica dana daal dunga,Hinglish,Nuclear
bhosdi wali lawda choos,Hinglish,Nuclear
maa ka bhosada ki aulad lawda,Hinglish,Nuclear
ki aulad behen ki chut harami,Hinglish,Nuclear
pucchi khajvya mar bhadwa,Hinglish/Marathi Mix,Nuclear
phad dunga gaandu harami bhadwa,Hinglish,Nuclear
chutiya madarchod bhosdike daal dunga,Hinglish,Nuclear
hijda gaandu harami lawda,Hinglish,Nuclear
gaandu harami mar randi,Hinglish,Nuclear
lund aai chi gand daal dunga,Hinglish/Marathi Mix,Nuclear
madarchod bhosdike phad dunga ki aulad,Hinglish,Nuclear
choos maa ka bhosada lawda,Hinglish,Nuclear
zavadya madarchod phadke phad dunga,Hinglish,Nuclear
daal dunga kutte ki aulad harami,Hinglish,Nuclear
chut mein lund harami bhadwa,Hinglish,Nuclear
phadke teri maa ki chut randi,Hinglish,Nuclear
ayica dana harami phadke,Hinglish,Nuclear
tujha aila kutryawani phad dunga phad dunga,Hinglish,Nuclear
hijda gaandu harami phad dunga,Hinglish,Nuclear
phadke bhosdi wali bhosdike,Hinglish,Nuclear
lund teri maa ki chut bhadwa,Hinglish,Nuclear
randi gand mar harami,Hinglish,Nuclear
hijda tuzya aaicha foda bhadwa,Hinglish/Marathi Mix,Nuclear
lavde ka baal madarchod daal dunga,Hinglish,Nuclear
choos gaandu harami lund,Hinglish,Nuclear
chutiya gaand phaad phad dunga,Hinglish,Nuclear
harami tuzya aaichi pucchi daal dunga,Hinglish/Marathi Mix,Nuclear
bhosdi wali chutiya daal dunga,Hinglish,Nuclear
madarchod kutte ki aulad gaandu,Hinglish,Nuclear
behenchod randi hijda choos,Hinglish,Nuclear
bhosdike behen ki chut daal dunga,Hinglish,Nuclear
madarchod bhosdike lawda chutiya,Hinglish,Nuclear
harami chutiya daal dunga phadke,Hinglish,Nuclear
randi ka lund randi madarchod,Hinglish,Nuclear
bhosdike kutte ki aulad bhosdike,Hinglish,Nuclear
bhosdike bhosdi wali daal dunga,Hinglish,Nuclear
tuzya aaicha foda choos chutiya,Hinglish/Marathi Mix,Nuclear
gand mar madarchod chutiya,Hinglish,Nuclear
ki aulad gand phatli bhenchod hijda,Hinglish/Marathi Mix,Nuclear
madarchod bhosdike choos madarchod,Hinglish,Nuclear
zavadya madarchod phadke phadke,Hinglish,Nuclear
behenchod randi lawda choos,Hinglish,Nuclear
phad dunga gaand phaad randi,Hinglish,Nuclear
chut mein lund madarchod daal dunga,Hinglish,Nuclear
ki aulad lavde ka baal phadke,Hinglish,Nuclear
gaandu tuzya aaicha foda daal dunga,Hinglish/Marathi Mix,Nuclear
madarchod zavadya madarchod hijda,Hinglish,Nuclear
harami chutiya lawda mar,Hinglish,Nuclear
zavadya madarchod lawda phadke,Hinglish,Nuclear
choos aai chi gand madarchod,Hinglish/Marathi Mix,Nuclear
ki aulad behenchod randi choos,Hinglish,Nuclear
lavda choos phad dunga phadke,Hinglish,Nuclear
madarchod teri maa ki chut bhosdike,Hinglish,Nuclear
phad dunga bhosdi wali chutiya,Hinglish,Nuclear
bhosdi wali phadke gaandu,Hinglish,Nuclear
ayica dana ki aulad madarchod,Hinglish,Nuclear
chutiya gaand phaad choos,Hinglish,Nuclear
phadke randi ka lund ki aulad,Hinglish,Nuclear
mar lavda choos madarchod,Hinglish,Nuclear
pucchi khajvya choos ki aulad,Hinglish/Marathi Mix,Nuclear
bhosdi wali randi bhosdike,Hinglish,Nuclear
mar tujha aila kutryawani madarchod,Hinglish,Nuclear
behenchod randi madarchod bhadwa,Hinglish,Nuclear
phadke ayica dana madarchod,Hinglish,Nuclear
gand mar lund chutiya,Hinglish,Nuclear
madarchod lavde ka baal lawda,Hinglish,Nuclear
maa ka bhosada bhadwa harami,Hinglish,Nuclear
behenchod randi phadke choos,Hinglish,Nuclear
ki aulad pucchi khajvya hijda,Hinglish/Marathi Mix,Nuclear
kutte ki aulad bhadwa ki aulad,Hinglish,Nuclear
kutte ki aulad mar daal dunga,Hinglish,Nuclear
zavadya madarchod phad dunga harami,Hinglish,Nuclear
kutte ki aulad madarchod phad dunga,Hinglish,Nuclear
bhadwa tujha aila kutryawani bhosdike,Hinglish,Nuclear
tujha aila kutryawani mar daal dunga,Hinglish,Nuclear
madarchod bhosdike ki aulad madarchod,Hinglish,Nuclear
randi kutte ki aulad harami,Hinglish,Nuclear
gand mar gaandu phad dunga,Hinglish,Nuclear
randi zavadya madarchod choos,Hinglish,Nuclear
gaand phaad madarchod harami,Hinglish,Nuclear
bhosdike gaand phaad hijda,Hinglish,Nuclear
harami kutte ki aulad madarchod,Hinglish,Nuclear
chutiya maa ka bhosada ki aulad,Hinglish,Nuclear
bhosdi wali hijda choos,Hinglish,Nuclear
gand phatli bhenchod madarchod daal dunga,Hinglish/Marathi Mix,Nuclear
chut mein lund hijda bhosdike,Hinglish,Nuclear
randi ka lund mar bhosdike,Hinglish,Nuclear
hijda tuzya aaicha foda daal dunga,Hinglish/Marathi Mix,Nuclear
chut mein lund chutiya daal dunga,Hinglish,Nuclear
madarchod bhosdike phad dunga randi,Hinglish,Nuclear
chut mein lund bhosdike mar,Hinglish,Nuclear
bhadwa pucchi khajvya gaandu,Hinglish/Marathi Mix,Nuclear
daal dunga aai chi gand ki aulad,Hinglish/Marathi Mix,Nuclear
bhosdike tuzya aaicha foda madarchod,Hinglish/Marathi Mix,Nuclear
tuzya aaichi pucchi mar phad dunga,Hinglish/Marathi Mix,Nuclear
lund gand phatli bhenchod lund,Hinglish/Marathi Mix,Nuclear
zavadya madarchod bhosdike gaandu,Hinglish,Nuclear
daal dunga gand phatli bhenchod choos,Hinglish/Marathi Mix,Nuclear
maa ka bhosada mar hijda,Hinglish,Nuclear
gand mar lawda randi,Hinglish,Nuclear
lawda kutte ki aulad mar,Hinglish,Nuclear
lavda choos phad dunga phad dunga,Hinglish,Nuclear
daal dunga chut mein lund choos,Hinglish,Nuclear
tuzya aaicha foda daal dunga ki aulad,Hinglish/Marathi Mix,Nuclear
chutiya tuzya aaicha foda chutiya,Hinglish/Marathi Mix,Nuclear
kutte ki aulad choos phad dunga,Hinglish,Nuclear
madarchod teri maa ki chut lawda,Hinglish,Nuclear
gaand phaad choos harami,Hinglish,Nuclear
harami ayica dana lund,Hinglish,Nuclear
madarchod randi ka lund phadke,Hinglish,Nuclear
phad dunga madarchod bhosdike phad dunga,Hinglish,Nuclear
tujha aila kutryawani hijda phad dunga,Hinglish,Nuclear
bhosdi wali lawda chutiya,Hinglish,Nuclear
lawda aai chi gand harami,Hinglish/Marathi Mix,Nuclear
mar aai chi gand chutiya,Hinglish/Marathi Mix,Nuclear
madarchod lavde ka baal choos,Hinglish,Nuclear
tuzya aaichi pucchi mar gaandu,Hinglish/Marathi Mix,Nuclear
chut mein lund chutiya mar,Hinglish,Nuclear
teri maa ki chut lund madarchod,Hinglish,Nuclear
randi bhosdi wali randi,Hinglish,Nuclear
chut mein lund gaandu lawda,Hinglish,Nuclear
randi ka lund phadke phadke,Hinglish,Nuclear
chutiya ayica dana bhosdike,Hinglish,Nuclear
mar aai chi gand ki aulad,Hinglish/Marathi Mix,Nuclear
randi ka lund daal dunga daal dunga,Hinglish,Nuclear
madarchod bhosdike lawda daal dunga,Hinglish,Nuclear
madarchod ayica dana randi,Hinglish,Nuclear
lawda chut mein lund harami,Hinglish,Nuclear
bhadwa behen ki chut lund,Hinglish,Nuclear
randi chut mein lund hijda,Hinglish,Nuclear
mar lavda choos randi,Hinglish,Nuclear
gand mar choos harami,Hinglish,Nuclear
lavda choos phadke choos,Hinglish,Nuclear
bhadwa bhosdi wali hijda,Hinglish,Nuclear
aai chi gand bhosdike choos,Hinglish/Marathi Mix,Nuclear
ayica dana harami lawda,Hinglish,Nuclear
phadke tuzya aaicha foda daal dunga,Hinglish/Marathi Mix,Nuclear
chut mein lund harami choos,Hinglish,Nuclear
choos teri maa ki chut phadke,Hinglish,Nuclear
harami tuzya aaicha foda choos,Hinglish/Marathi Mix,Nuclear
lavde ka baal daal dunga randi,Hinglish,Nuclear
bhosdike randi ka lund daal dunga,Hinglish,Nuclear
harami chut mein lund phad dunga,Hinglish,Nuclear
behen ki chut chutiya lund,Hinglish,Nuclear
chut mein lund gaandu phad dunga,Hinglish,Nuclear
chutiya lavde ka baal chutiya,Hinglish,Nuclear
madarchod tuzya aaichi pucchi harami,Hinglish/Marathi Mix,Nuclear
aai chi gand hijda bhosdike,Hinglish/Marathi Mix,Nuclear
teri maa ki chut harami daal dunga,Hinglish,Nuclear
harami tujha aila kutryawani harami,Hinglish,Nuclear
teri maa ki chut mar bhadwa,Hinglish,Nuclear
gand mar mar harami,Hinglish,Nuclear
chutiya maa ka bhosada phad dunga,Hinglish,Nuclear
randi randi ka lund chutiya,Hinglish,Nuclear
mar gaandu harami choos,Hinglish,Nuclear
teri maa ki chut bhosdike madarchod,Hinglish,Nuclear
randi ka lund lawda ki aulad,Hinglish,Nuclear
gand phatli bhenchod choos phadke,Hinglish/Marathi Mix,Nuclear
hijda gand phatli bhenchod mar,Hinglish/Marathi Mix,Nuclear
madarchod bhosdike madarchod mar,Hinglish,Nuclear
phad dunga randi ka lund phadke,Hinglish,Nuclear
choos lavda choos madarchod,Hinglish,Nuclear
madarchod behenchod randi mar,Hinglish,Nuclear
madarchod chut mein lund daal dunga,Hinglish,Nuclear
phadke behenchod randi bhosdike,Hinglish,Nuclear
gaand phaad chutiya madarchod,Hinglish,Nuclear
bhosdi wali chutiya phadke,Hinglish,Nuclear
randi ka lund hijda bhosdike,Hinglish,Nuclear
madarchod bhosdike hijda mar,Hinglish,Nuclear
tuzya aaichi pucchi harami harami,Hinglish/Marathi Mix,Nuclear
daal dunga gaandu harami lawda,Hinglish,Nuclear
gaandu gand phatli bhenchod choos,Hinglish/Marathi Mix,Nuclear
tuzya aaicha foda bhosdike phad dunga,Hinglish/Marathi Mix,Nuclear
gaandu tujha aila kutryawani choos,Hinglish,Nuclear
ki aulad lavda choos madarchod,Hinglish,Nuclear
gand mar bhosdike lawda,Hinglish,Nuclear
aai chi gand randi madarchod,Hinglish/Marathi Mix,Nuclear
tuzya aaicha foda madarchod daal dunga,Hinglish/Marathi Mix,Nuclear
hijda lavda choos randi,Hinglish,Nuclear
bhadwa aai chi gand chutiya,Hinglish/Marathi Mix,Nuclear
tujha aila kutryawani gaandu bhadwa,Hinglish,Nuclear
gand phatli bhenchod phad dunga bhadwa,Hinglish/Marathi Mix,Nuclear
gaandu gand mar randi,Hinglish,Nuclear
lavda choos choos daal dunga,Hinglish,Nuclear
ayica dana phadke madarchod,Hinglish,Nuclear
chutiya behenchod randi lawda,Hinglish,Nuclear
madarchod bhosdike phadke phadke,Hinglish,Nuclear
bhosdi wali gaandu ki aulad,Hinglish,Nuclear
gaand phaad bhadwa choos,Hinglish,Nuclear
gaandu madarchod bhosdike hijda,Hinglish,Nuclear
randi ka lund phadke gaandu,Hinglish,Nuclear
ki aulad behenchod randi phadke,Hinglish,Nuclear
behenchod randi harami hijda,Hinglish,Nuclear
teri maa ki chut bhosdike lawda,Hinglish,Nuclear
ayica dana chutiya phadke,Hinglish,Nuclear
kutte ki aulad daal dunga lund,Hinglish,Nuclear
gand mar hijda hijda,Hinglish,Nuclear
choos gand mar phadke,Hinglish,Nuclear
chutiya behenchod randi phad dunga,Hinglish,Nuclear
lawda tuzya aaichi pucchi bhadwa,Hinglish/Marathi Mix,Nuclear
gand phatli bhenchod lund randi,Hinglish/Marathi Mix,Nuclear
harami chutiya daal dunga chutiya,Hinglish,Nuclear
lavde ka baal bhosdike phad dunga,Hinglish,Nuclear
randi harami chutiya randi,Hinglish,Nuclear
mar zavadya madarchod phad dunga,Hinglish,Nuclear
bhadwa tuzya aaichi pucchi phadke,Hinglish/Marathi Mix,Nuclear
ayica dana phadke harami,Hinglish,Nuclear
tujha aila kutryawani mar gaandu,Hinglish,Nuclear
gaandu ayica dana chutiya,Hinglish,Nuclear
bhadwa pucchi khajvya bhosdike,Hinglish/Marathi Mix,Nuclear
lund tuzya aaicha foda madarchod,Hinglish/Marathi Mix,Nuclear
daal dunga ayica dana bhadwa,Hinglish,Nuclear
gaandu ayica dana madarchod,Hinglish,Nuclear
tujha aila kutryawani lawda phadke,Hinglish,Nuclear
ayica dana chutiya mar,Hinglish,Nuclear
bhosdi wali daal dunga harami,Hinglish,Nuclear
teri maa ki chut madarchod phad dunga,Hinglish,Nuclear
chut mein lund hijda mar,Hinglish,Nuclear
lavda choos chutiya mar,Hinglish,Nuclear
ki aulad tujha aila kutryawani choos,Hinglish,Nuclear
pucchi khajvya lund lund,Hinglish/Marathi Mix,Nuclear
madarchod kutte ki aulad randi,Hinglish,Nuclear
randi ka lund bhosdike mar,Hinglish,Nuclear
madarchod bhosdike harami gaandu,Hinglish,Nuclear
kutte ki aulad choos ki aulad,Hinglish,Nuclear
choos randi ka lund madarchod,Hinglish,Nuclear
harami gaandu harami gaandu,Hinglish,Nuclear
gaand phaad mar ki aulad,Hinglish,Nuclear
ki aulad aai chi gand randi,Hinglish/Marathi Mix,Nuclear
gand mar harami lund,Hinglish,Nuclear
mar behenchod randi lawda,Hinglish,Nuclear
lawda bhosdi wali madarchod,Hinglish,Nuclear
randi chut mein lund gaandu,Hinglish,Nuclear
madarchod bhosdike randi gaandu,Hinglish,Nuclear
bhadwa gaand phaad phad dunga,Hinglish,Nuclear
choos tujha aila kutryawani ki aulad,Hinglish,Nuclear
tuzya aaicha foda harami harami,Hinglish/Marathi Mix,Nuclear
choos tuzya aaicha foda phadke,Hinglish/Marathi Mix,Nuclear
behenchod randi harami lawda,Hinglish,Nuclear
kutte ki aulad bhosdike lawda,Hinglish,Nuclear
gand mar gaandu choos,Hinglish,Nuclear
randi chut mein lund randi,Hinglish,Nuclear
madarchod bhosdike daal dunga phad dunga,Hinglish,Nuclear
bhosdi wali ki aulad lund,Hinglish,Nuclear
bhadwa aai chi gand gaandu,Hinglish/Marathi Mix,Nuclear
madarchod bhosdike gaandu hijda,Hinglish,Nuclear
phadke chut mein lund hijda,Hinglish,Nuclear
randi madarchod bhosdike chutiya,Hinglish,Nuclear
behen ki chut choos bhosdike,Hinglish,Nuclear
tuzya aaichi pucchi randi harami,Hinglish/Marathi Mix,Nuclear
bhosdi wali madarchod hijda,Hinglish,Nuclear
bhosdike gand phatli bhenchod choos,Hinglish/Marathi Mix,Nuclear
tuzya aaicha foda bhosdike ki aulad,Hinglish/Marathi Mix,Nuclear
harami tujha aila kutryawani ki aulad,Hinglish,Nuclear
daal dunga teri maa ki chut hijda,Hinglish,Nuclear
phadke lavde ka baal lawda,Hinglish,Nuclear
daal dunga tujha aila kutryawani gaandu,Hinglish,Nuclear
gaandu teri maa ki chut gaandu,Hinglish,Nuclear
tuzya aaicha foda lawda gaandu,Hinglish/Marathi Mix,Nuclear
hijda aai chi gand choos,Hinglish/Marathi Mix,Nuclear
gaandu ayica dana phadke,Hinglish,Nuclear
gand mar bhosdike bhosdike,Hinglish,Nuclear
bhadwa pucchi khajvya lawda,Hinglish/Marathi Mix,Nuclear
gaand phaad madarchod lawda,Hinglish,Nuclear
pucchi khajvya randi chutiya,Hinglish/Marathi Mix,Nuclear
behen ki chut randi bhadwa,Hinglish,Nuclear
choos behenchod randi daal dunga,Hinglish,Nuclear
daal dunga pucchi khajvya ki aulad,Hinglish/Marathi Mix,Nuclear
ki aulad lavde ka baal gaandu,Hinglish,Nuclear
behen ki chut mar phad dunga,Hinglish,Nuclear
ayica dana lawda mar,Hinglish,Nuclear
behenchod randi bhosdike hijda,Hinglish,Nuclear
harami harami chutiya phad dunga,Hinglish,Nuclear
ki aulad madarchod bhosdike phad dunga,Hinglish,Nuclear
hijda gand phatli bhenchod hijda,Hinglish/Marathi Mix,Nuclear
teri maa ki chut gaandu harami,Hinglish,Nuclear
gaandu lavda choos randi,Hinglish,Nuclear
phad dunga gand mar choos,Hinglish,Nuclear
chutiya gand phatli bhenchod harami,Hinglish/Marathi Mix,Nuclear
choos tuzya aaicha foda bhosdike,Hinglish/Marathi Mix,Nuclear
gand phatli bhenchod lawda ki aulad,Hinglish/Marathi Mix,Nuclear
maa ka bhosada daal dunga phadke,Hinglish,Nuclear
hijda pucchi khajvya ki aulad,Hinglish/Marathi Mix,Nuclear
chutiya teri maa ki chut bhadwa,Hinglish,Nuclear
zavadya madarchod hijda chutiya,Hinglish,Nuclear
daal dunga harami chutiya gaandu,Hinglish,Nuclear
chutiya madarchod bhosdike hijda,Hinglish,Nuclear
lawda bhosdi wali phadke,Hinglish,Nuclear
daal dunga bhosdi wali chutiya,Hinglish,Nuclear
phadke chut mein lund ki aulad,Hinglish,Nuclear
bhadwa tuzya aaichi pucchi chutiya,Hinglish/Marathi Mix,Nuclear
phad dunga gand phatli bhenchod bhadwa,Hinglish/Marathi Mix,Nuclear
tuzya aaichi pucchi randi phad dunga,Hinglish/Marathi Mix,Nuclear
gaandu tuzya aaicha foda choos,Hinglish/Marathi Mix,Nuclear
phadke bhosdi wali phadke,Hinglish,Nuclear
tujha aila kutryawani phad dunga bhosdike,Hinglish,Nuclear
harami gand phatli bhenchod harami,Hinglish/Marathi Mix,Nuclear
behen ki chut phad dunga choos,Hinglish,Nuclear
hijda lavda choos mar,Hinglish,Nuclear
zavadya madarchod chutiya madarchod,Hinglish,Nuclear
chutiya randi ka lund lawda,Hinglish,Nuclear
madarchod bhosdike choos bhadwa,Hinglish,Nuclear
gand mar gaandu hijda,Hinglish,Nuclear
ayica dana chutiya hijda,Hinglish,Nuclear
randi ka lund phadke choos,Hinglish,Nuclear
randi ka lund chutiya choos,Hinglish,Nuclear
bhosdike maa ka bhosada bhosdike,Hinglish,Nuclear
tuzya aaichi pucchi phad dunga gaandu,Hinglish/Marathi Mix,Nuclear
maa ka bhosada lawda gaandu,Hinglish,Nuclear
chutiya maa ka bhosada daal dunga,Hinglish,Nuclear
bhosdi wali harami randi,Hinglish,Nuclear
zavadya madarchod ki aulad daal dunga,Hinglish,Nuclear
phadke tuzya aaichi pucchi gaandu,Hinglish/Marathi Mix,Nuclear
aai chi gand choos bhadwa,Hinglish/Marathi Mix,Nuclear
lawda randi ka lund lund,Hinglish,Nuclear
phad dunga randi ka lund mar,Hinglish,Nuclear
chutiya harami chutiya phadke,Hinglish,Nuclear
bhosdi wali bhadwa phad dunga,Hinglish,Nuclear
chutiya pucchi khajvya ki aulad,Hinglish/Marathi Mix,Nuclear
randi tuzya aaicha foda phad dunga,Hinglish/Marathi Mix,Nuclear
phad dunga lavde ka baal chutiya,Hinglish,Nuclear
lund ayica dana bhadwa,Hinglish,Nuclear
kutte ki aulad mar phadke,Hinglish,Nuclear
phad dunga gand phatli bhenchod madarchod,Hinglish/Marathi Mix,Nuclear
choos ayica dana phad dunga,Hinglish,Nuclear
gaandu tuzya aaicha foda bhosdike,Hinglish/Marathi Mix,Nuclear
phad dunga gand phatli bhenchod hijda,Hinglish/Marathi Mix,Nuclear
bhosdike maa ka bhosada gaandu,Hinglish,Nuclear
bhadwa tuzya aaichi pucchi mar,Hinglish/Marathi Mix,Nuclear
behenchod randi chutiya daal dunga,Hinglish,Nuclear
choos maa ka bhosada harami,Hinglish,Nuclear
behen ki chut hijda bhosdike,Hinglish,Nuclear
gaandu kutte ki aulad harami,Hinglish,Nuclear
teri maa ki chut mar ki aulad,Hinglish,Nuclear
gaandu harami ki aulad chutiya,Hinglish,Nuclear
lund lavde ka baal madarchod,Hinglish,Nuclear
phad dunga kutte ki aulad randi,Hinglish,Nuclear
randi ka lund bhosdike gaandu,Hinglish,Nuclear
kutte ki aulad bhosdike mar,Hinglish,Nuclear
phadke tuzya aaichi pucchi phadke,Hinglish/Marathi Mix,Nuclear
gand phatli bhenchod harami randi,Hinglish/Marathi Mix,Nuclear
tuzya aaicha foda madarchod madarchod,Hinglish/Marathi Mix,Nuclear
bhosdike zavadya madarchod hijda,Hinglish,Nuclear
gand mar randi gaandu,Hinglish,Nuclear
phadke tujha aila kutryawani gaandu,Hinglish,Nuclear
phadke pucchi khajvya randi,Hinglish/Marathi Mix,Nuclear
gaandu madarchod bhosdike bhadwa,Hinglish,Nuclear
bhadwa lavde ka baal chutiya,Hinglish,Nuclear
zavadya madarchod phadke randi,Hinglish,Nuclear
bhosdi wali choos ki aulad,Hinglish,Nuclear
hijda bhosdi wali bhadwa,Hinglish,Nuclear
phad dunga tuzya aaicha foda lawda,Hinglish/Marathi Mix,Nuclear
lawda lavda choos chutiya,Hinglish,Nuclear
lavde ka baal lawda bhosdike,Hinglish,Nuclear
phad dunga behenchod randi daal dunga,Hinglish,Nuclear
gaandu tujha aila kutryawani daal dunga,Hinglish,Nuclear
harami chutiya chutiya chutiya,Hinglish,Nuclear
maa ka bhosada phadke lawda,Hinglish,Nuclear
chutiya ayica dana gaandu,Hinglish,Nuclear
lund tuzya aaichi pucchi daal dunga,Hinglish/Marathi Mix,Nuclear
lund madarchod bhosdike phad dunga,Hinglish,Nuclear
lund kutte ki aulad lawda,Hinglish,Nuclear
behenchod randi hijda madarchod,Hinglish,Nuclear
lawda tujha aila kutryawani chutiya,Hinglish,Nuclear
tuzya aaichi pucchi choos ki aulad,Hinglish/Marathi Mix,Nuclear
gand phatli bhenchod mar bhosdike,Hinglish/Marathi Mix,Nuclear
randi tuzya aaicha foda hijda,Hinglish/Marathi Mix,Nuclear
tuzya aaicha foda bhosdike randi,Hinglish/Marathi Mix,Nuclear
bhosdike behenchod randi chutiya,Hinglish,Nuclear
lawda harami chutiya bhadwa,Hinglish,Nuclear
bhosdike gand phatli bhenchod mar,Hinglish/Marathi Mix,Nuclear
phad dunga teri maa ki chut bhosdike,Hinglish,Nuclear
choos teri maa ki chut chutiya,Hinglish,Nuclear
choos gand mar phad dunga,Hinglish,Nuclear
tuzya aaicha foda choos mar,Hinglish/Marathi Mix,Nuclear
randi ka lund bhosdike ki aulad,Hinglish,Nuclear
lund gand mar mar,Hinglish,Nuclear
daal dunga ayica dana daal dunga,Hinglish,Nuclear
randi ka lund madarchod phadke,Hinglish,Nuclear
randi madarchod bhosdike choos,Hinglish,Nuclear
behen ki chut bhadwa mar,Hinglish,Nuclear
ki aulad madarchod bhosdike bhosdike,Hinglish,Nuclear
teri maa ki chut lawda hijda,Hinglish,Nuclear
kutte ki aulad bhadwa lund,Hinglish,Nuclear
ki aulad gand mar chutiya,Hinglish,Nuclear
hijda maa ka bhosada lund,Hinglish,Nuclear
gaandu behenchod randi bhadwa,Hinglish,Nuclear
randi harami chutiya lund,Hinglish,Nuclear
kutte ki aulad daal dunga bhosdike,Hinglish,Nuclear
lawda chut mein lund lund,Hinglish,Nuclear
randi harami chutiya chutiya,Hinglish,Nuclear
tujha aila kutryawani choos ki aulad,Hinglish,Nuclear
lund madarchod bhosdike chutiya,Hinglish,Nuclear
kutte ki aulad choos daal dunga,Hinglish,Nuclear
gaandu kutte ki aulad lawda,Hinglish,Nuclear
gaandu harami phadke randi,Hinglish,Nuclear
choos bhosdi wali bhadwa,Hinglish,Nuclear
hijda randi ka lund phad dunga,Hinglish,Nuclear
randi kutte ki aulad daal dunga,Hinglish,Nuclear
phad dunga gaand phaad bhadwa,Hinglish,Nuclear
phadke gand mar bhosdike,Hinglish,Nuclear
lawda ayica dana madarchod,Hinglish,Nuclear
lawda lavda choos ki aulad,Hinglish,Nuclear
bhadwa ayica dana bhosdike,Hinglish,Nuclear
gaandu tujha aila kutryawani harami,Hinglish,Nuclear
phad dunga maa ka bhosada randi,Hinglish,Nuclear
bhadwa bhosdi wali madarchod,Hinglish,Nuclear
bhosdike madarchod bhosdike randi,Hinglish,Nuclear
gaand phaad phad dunga mar,Hinglish,Nuclear
bhosdike gand phatli bhenchod randi,Hinglish/Marathi Mix,Nuclear
pucchi khajvya ki aulad bhadwa,Hinglish/Marathi Mix,Nuclear
pucchi khajvya madarchod choos,Hinglish/Marathi Mix,Nuclear
randi lavda choos daal dunga,Hinglish,Nuclear
gand mar lawda daal dunga,Hinglish,Nuclear
tuzya aaichi pucchi bhadwa bhosdike,Hinglish/Marathi Mix,Nuclear
choos gand phatli bhenchod hijda,Hinglish/Marathi Mix,Nuclear
maa ka bhosada hijda lawda,Hinglish,Nuclear
chutiya gand mar mar,Hinglish,Nuclear
mar kutte ki aulad madarchod,Hinglish,Nuclear
lawda behenchod randi chutiya,Hinglish,Nuclear
lund tuzya aaichi pucchi chutiya,Hinglish/Marathi Mix,Nuclear
mar maa ka bhosada randi,Hinglish,Nuclear
harami kutte ki aulad lawda,Hinglish,Nuclear
lawda tuzya aaichi pucchi randi,Hinglish/Marathi Mix,Nuclear
gaand phaad phadke lawda,Hinglish,Nuclear
tuzya aaichi pucchi gaandu harami,Hinglish/Marathi Mix,Nuclear
choos ayica dana hijda,Hinglish,Nuclear
bhosdike maa ka bhosada lawda,Hinglish,Nuclear
ki aulad pucchi khajvya choos,Hinglish/Marathi Mix,Nuclear
hijda lavde ka baal lawda,Hinglish,Nuclear
mar pucchi khajvya phad dunga,Hinglish/Marathi Mix,Nuclear
phadke gand phatli bhenchod harami,Hinglish/Marathi Mix,Nuclear
aai chi gand phad dunga lund,Hinglish/Marathi Mix,Nuclear
lawda tuzya aaichi pucchi hijda,Hinglish/Marathi Mix,Nuclear
phad dunga tujha aila kutryawani choos,Hinglish,Nuclear
daal dunga ayica dana lund,Hinglish,Nuclear
lawda behenchod randi hijda,Hinglish,Nuclear
randi ayica dana bhadwa,Hinglish,Nuclear
chutiya bhosdi wali chutiya,Hinglish,Nuclear
lund maa ka bhosada bhosdike,Hinglish,Nuclear
mar tuzya aaichi pucchi harami,Hinglish/Marathi Mix,Nuclear
aai chi gand daal dunga randi,Hinglish/Marathi Mix,Nuclear
hijda ayica dana choos,Hinglish,Nuclear
lawda lavde ka baal phad dunga,Hinglish,Nuclear
pucchi khajvya ki aulad chutiya,Hinglish/Marathi Mix,Nuclear
chutiya kutte ki aulad daal dunga,Hinglish,Nuclear
phadke teri maa ki chut bhadwa,Hinglish,Nuclear
hijda randi ka lund bhosdike,Hinglish,Nuclear
zavadya madarchod harami madarchod,Hinglish,Nuclear
daal dunga lavde ka baal bhadwa,Hinglish,Nuclear
lawda tuzya aaicha foda hijda,Hinglish/Marathi Mix,Nuclear
bhosdike lavde ka baal gaandu,Hinglish,Nuclear
randi ka lund hijda mar,Hinglish,Nuclear
randi ka lund phadke bhadwa,Hinglish,Nuclear
madarchod bhosdi wali chutiya,Hinglish,Nuclear
mar gand phatli bhenchod bhosdike,Hinglish/Marathi Mix,Nuclear
randi lavda choos hijda,Hinglish,Nuclear
gaand phaad phad dunga bhadwa,Hinglish,Nuclear
madarchod gaand phaad bhosdike,Hinglish,Nuclear
bhosdike behenchod randi madarchod,Hinglish,Nuclear
zavadya madarchod bhadwa harami,Hinglish,Nuclear
bhosdi wali lawda gaandu,Hinglish,Nuclear
lund bhosdi wali phad dunga,Hinglish,Nuclear
behenchod randi lund mar,Hinglish,Nuclear
lawda bhosdi wali lawda,Hinglish,Nuclear
lavde ka baal chutiya lund,Hinglish,Nuclear
bhadwa randi ka lund hijda,Hinglish,Nuclear
chut mein lund daal dunga gaandu,Hinglish,Nuclear
madarchod tuzya aaichi pucchi bhosdike,Hinglish/Marathi Mix,Nuclear
bhosdi wali bhosdike lund,Hinglish,Nuclear
ayica dana bhosdike hijda,Hinglish,Nuclear
hijda gand mar mar,Hinglish,Nuclear
lawda chut mein lund bhosdike,Hinglish,Nuclear
lawda behen ki chut hijda,Hinglish,Nuclear
gaandu harami randi chutiya,Hinglish,Nuclear
hijda lavda choos harami,Hinglish,Nuclear
lund maa ka bhosada gaandu,Hinglish,Nuclear
harami harami chutiya daal dunga,Hinglish,Nuclear
ki aulad teri maa ki chut mar,Hinglish,Nuclear
randi lavde ka baal chutiya,Hinglish,Nuclear
gaand phaad daal dunga randi,Hinglish,Nuclear
lawda bhosdi wali bhosdike,Hinglish,Nuclear
randi randi ka lund choos,Hinglish,Nuclear
madarchod bhosdike chutiya choos,Hinglish,Nuclear
gaand phaad hijda chutiya,Hinglish,Nuclear
choos ayica dana bhadwa,Hinglish,Nuclear
bhosdi wali ki aulad bhadwa,Hinglish,Nuclear
bhosdike kutte ki aulad bhadwa,Hinglish,Nuclear
bhosdike behenchod randi harami,Hinglish,Nuclear
bhosdike behenchod randi phadke,Hinglish,Nuclear
daal dunga pucchi khajvya harami,Hinglish/Marathi Mix,Nuclear
choos lavde ka baal chutiya,Hinglish,Nuclear
teri maa ki chut ki aulad randi,Hinglish,Nuclear
gand mar lawda chutiya,Hinglish,Nuclear
randi gaandu harami phadke,Hinglish,Nuclear
harami chutiya gaandu bhadwa,Hinglish,Nuclear
gaand phaad madarchod hijda,Hinglish,Nuclear
gaand phaad hijda mar,Hinglish,Nuclear
pucchi khajvya harami choos,Hinglish/Marathi Mix,Nuclear
gand phatli bhenchod harami gaandu,Hinglish/Marathi Mix,Nuclear
gand phatli bhenchod harami chutiya,Hinglish/Marathi Mix,Nuclear
bhadwa maa ka bhosada bhadwa,Hinglish,Nuclear
pucchi khajvya choos lawda,Hinglish/Marathi Mix,Nuclear
lavda choos bhadwa phadke,Hinglish,Nuclear
gaand phaad harami phadke,Hinglish,Nuclear
chut mein lund lund phadke,Hinglish,Nuclear
gaandu bhosdi wali gaandu,Hinglish,Nuclear
gaandu harami randi lawda,Hinglish,Nuclear
gaand phaad lund lawda,Hinglish,Nuclear
tuzya aaichi pucchi lawda daal dunga,Hinglish/Marathi Mix,Nuclear
kutte ki aulad bhadwa choos,Hinglish,Nuclear
maa ka bhosada lund lund,Hinglish,Nuclear
lavde ka baal bhosdike randi,Hinglish,Nuclear
bhadwa chut mein lund phad dunga,Hinglish,Nuclear
chut mein lund phad dunga daal dunga,Hinglish,Nuclear
madarchod tuzya aaicha foda choos,Hinglish/Marathi Mix,Nuclear
teri maa ki chut phad dunga ki aulad,Hinglish,Nuclear
pucchi khajvya bhadwa mar,Hinglish/Marathi Mix,Nuclear
behenchod randi ki aulad ki aulad,Hinglish,Nuclear
lawda harami chutiya mar,Hinglish,Nuclear
tujha aila kutryawani daal dunga hijda,Hinglish,Nuclear
lund teri maa ki chut chutiya,Hinglish,Nuclear
gaand phaad bhosdike ki aulad,Hinglish,Nuclear
zavadya madarchod harami mar,Hinglish,Nuclear
kutte ki aulad bhosdike choos,Hinglish,Nuclear
behen ki chut harami phadke,Hinglish,Nuclear
gaandu gand mar bhadwa,Hinglish,Nuclear
bhosdike kutte ki aulad choos,Hinglish,Nuclear
chut mein lund hijda ki aulad,Hinglish,Nuclear
randi ayica dana mar,Hinglish,Nuclear
gaandu gaand phaad randi,Hinglish,Nuclear
madarchod lavde ka baal chutiya,Hinglish,Nuclear
lavda choos mar mar,Hinglish,Nuclear
chut mein lund harami bhosdike,Hinglish,Nuclear
chutiya teri maa ki chut chutiya,Hinglish,Nuclear
maa ka bhosada choos randi,Hinglish,Nuclear
hijda tujha aila kutryawani lund,Hinglish,Nuclear
pucchi khajvya chutiya madarchod,Hinglish/Marathi Mix,Nuclear
harami maa ka bhosada mar,Hinglish,Nuclear
bhosdi wali mar ki aulad,Hinglish,Nuclear
bhosdike behen ki chut bhosdike,Hinglish,Nuclear
lawda tuzya aaichi pucchi lawda,Hinglish/Marathi Mix,Nuclear
mar aai chi gand phadke,Hinglish/Marathi Mix,Nuclear
ayica dana lawda bhadwa,Hinglish,Nuclear
kutte ki aulad bhadwa harami,Hinglish,Nuclear
kutte ki aulad phad dunga lund,Hinglish,Nuclear
chut mein lund bhadwa lund,Hinglish,Nuclear
tuzya aaichi pucchi bhosdike ki aulad,Hinglish/Marathi Mix,Nuclear
hijda randi ka lund bhadwa,Hinglish,Nuclear
ayica dana ki aulad lawda,Hinglish,Nuclear
madarchod bhosdike hijda lund,Hinglish,Nuclear
tujha aila kutryawani phadke gaandu,Hinglish,Nuclear
phadke tuzya aaicha foda ki aulad,Hinglish/Marathi Mix,Nuclear
madarchod pucchi khajvya bhosdike,Hinglish/Marathi Mix,Nuclear
chut mein lund lund ki aulad,Hinglish,Nuclear
choos ayica dana randi,Hinglish,Nuclear
kutte ki aulad daal dunga ki aulad,Hinglish,Nuclear
lawda gand mar chutiya,Hinglish,Nuclear
bhosdi wali mar harami,Hinglish,Nuclear
randi tuzya aaichi pucchi phad dunga,Hinglish/Marathi Mix,Nuclear
daal dunga maa ka bhosada mar,Hinglish,Nuclear
harami harami chutiya ki aulad,Hinglish,Nuclear
phadke kutte ki aulad phadke,Hinglish,Nuclear
phad dunga gaand phaad madarchod,Hinglish,Nuclear
phad dunga tuzya aaichi pucchi bhadwa,Hinglish/Marathi Mix,Nuclear
gaandu harami gaandu lund,Hinglish,Nuclear
bhadwa pucchi khajvya mar,Hinglish/Marathi Mix,Nuclear
gaandu harami phad dunga randi,Hinglish,Nuclear
daal dunga tuzya aaichi pucchi lawda,Hinglish/Marathi Mix,Nuclear
harami aai chi gand chutiya,Hinglish/Marathi Mix,Nuclear
tuzya aaicha foda choos choos,Hinglish/Marathi Mix,Nuclear
ayica dana bhosdike choos,Hinglish,Nuclear
daal dunga lavde ka baal phadke,Hinglish,Nuclear
gand phatli bhenchod gaandu daal dunga,Hinglish/Marathi Mix,Nuclear
aai chi gand ki aulad lawda,Hinglish/Marathi Mix,Nuclear
harami chutiya ki aulad phadke,Hinglish,Nuclear
aai chi gand bhadwa choos,Hinglish/Marathi Mix,Nuclear
tuzya aaicha foda gaandu ki aulad,Hinglish/Marathi Mix,Nuclear
aai chi gand choos lund,Hinglish/Marathi Mix,Nuclear
behen ki chut bhosdike lawda,Hinglish,Nuclear
aai chi gand harami choos,Hinglish/Marathi Mix,Nuclear
lavda choos phadke bhadwa,Hinglish,Nuclear
madarchod tuzya aaicha foda gaandu,Hinglish/Marathi Mix,Nuclear
lawda chut mein lund randi,Hinglish,Nuclear
gaandu tujha aila kutryawani phad dunga,Hinglish,Nuclear
tuzya aaichi pucchi lawda gaandu,Hinglish/Marathi Mix,Nuclear
randi gaandu harami harami,Hinglish,Nuclear
choos lavda choos choos,Hinglish,Nuclear
phad dunga teri maa ki chut choos,Hinglish,Nuclear
phadke teri maa ki chut phadke,Hinglish,Nuclear
tujha aila kutryawani madarchod daal dunga,Hinglish,Nuclear
bhadwa gaandu harami madarchod,Hinglish,Nuclear
gand phatli bhenchod phadke bhosdike,Hinglish/Marathi Mix,Nuclear
bhosdike lavda choos lund,Hinglish,Nuclear
chutiya gaand phaad hijda,Hinglish,Nuclear
madarchod bhosdike hijda phadke,Hinglish,Nuclear
bhosdike aai chi gand madarchod,Hinglish/Marathi Mix,Nuclear
kutte ki aulad randi lawda,Hinglish,Nuclear
tuzya aaicha foda harami phad dunga,Hinglish/Marathi Mix,Nuclear
kutte ki aulad ki aulad lund,Hinglish,Nuclear
harami chutiya gaandu phad dunga,Hinglish,Nuclear
madarchod behenchod randi harami,Hinglish,Nuclear
lavda choos randi harami,Hinglish,Nuclear
harami chutiya mar gaandu,Hinglish,Nuclear
mar chut mein lund lund,Hinglish,Nuclear
tujha aila kutryawani lawda bhosdike,Hinglish,Nuclear
hijda lavde ka baal gaandu,Hinglish,Nuclear
gand mar harami madarchod,Hinglish,Nuclear
tuzya aaicha foda lawda ki aulad,Hinglish/Marathi Mix,Nuclear
gaandu teri maa ki chut ki aulad,Hinglish,Nuclear
ki aulad tujha aila kutryawani bhosdike,Hinglish,Nuclear
ki aulad bhosdi wali daal dunga,Hinglish,Nuclear
pucchi khajvya ki aulad harami,Hinglish/Marathi Mix,Nuclear
gaandu teri maa ki chut lawda,Hinglish,Nuclear
lawda gand phatli bhenchod bhadwa,Hinglish/Marathi Mix,Nuclear
bhosdi wali randi randi,Hinglish,Nuclear
phad dunga tuzya aaicha foda gaandu,Hinglish/Marathi Mix,Nuclear
lawda tujha aila kutryawani randi,Hinglish,Nuclear
harami chutiya mar mar,Hinglish,Nuclear
lavde ka baal daal dunga choos,Hinglish,Nuclear
tuzya aaicha foda harami phadke,Hinglish/Marathi Mix,Nuclear
pucchi khajvya lawda phadke,Hinglish/Marathi Mix,Nuclear
phad dunga randi ka lund lund,Hinglish,Nuclear
randi ka lund phadke hijda,Hinglish,Nuclear
gand mar choos madarchod,Hinglish,Nuclear
madarchod bhosdike phadke hijda,Hinglish,Nuclear
bhosdike gand phatli bhenchod bhosdike,Hinglish/Marathi Mix,Nuclear
teri maa ki chut lund choos,Hinglish,Nuclear
aai chi gand bhosdike lawda,Hinglish/Marathi Mix,Nuclear
harami chutiya bhosdike hijda,Hinglish,Nuclear
pucchi khajvya harami phad dunga,Hinglish/Marathi Mix,Nuclear
lavda choos hijda chutiya,Hinglish,Nuclear
lavda choos lund mar,Hinglish,Nuclear
behenchod randi daal dunga harami,Hinglish,Nuclear
randi ka lund harami mar,Hinglish,Nuclear
zavadya madarchod mar ki aulad,Hinglish,Nuclear
phad dunga behen ki chut harami,Hinglish,Nuclear
bhadwa gaand phaad mar,Hinglish,Nuclear
daal dunga zavadya madarchod harami,Hinglish,Nuclear
aai chi gand phad dunga phad dunga,Hinglish/Marathi Mix,Nuclear
gaandu teri maa ki chut choos,Hinglish,Nuclear
choos kutte ki aulad bhosdike,Hinglish,Nuclear
zavadya madarchod gaandu phadke,Hinglish,Nuclear
randi ka lund lawda chutiya,Hinglish,Nuclear
hijda bhosdi wali bhosdike,Hinglish,Nuclear
harami chutiya lawda randi,Hinglish,Nuclear
phad dunga teri maa ki chut chutiya,Hinglish,Nuclear
pucchi khajvya mar mar,Hinglish/Marathi Mix,Nuclear
tujha aila kutryawani bhadwa daal dunga,Hinglish,Nuclear
randi bhosdi wali phad dunga,Hinglish,Nuclear
gand phatli bhenchod lund lawda,Hinglish/Marathi Mix,Nuclear
tujha aila kutryawani chutiya lawda,Hinglish,Nuclear
lavda choos bhosdike chutiya,Hinglish,Nuclear
bhosdike pucchi khajvya lund,Hinglish/Marathi Mix,Nuclear
randi zavadya madarchod ki aulad,Hinglish,Nuclear
behen ki chut chutiya mar,Hinglish,Nuclear
phad dunga kutte ki aulad bhosdike,Hinglish,Nuclear
ayica dana hijda randi,Hinglish,Nuclear
phadke gand mar harami,Hinglish,Nuclear
harami aai chi gand hijda,Hinglish/Marathi Mix,Nuclear
bhadwa chut mein lund mar,Hinglish,Nuclear
ki aulad zavadya madarchod randi,Hinglish,Nuclear
tuzya aaicha foda ki aulad gaandu,Hinglish/Marathi Mix,Nuclear
bhosdike zavadya madarchod mar,Hinglish,Nuclear
bhosdike gand mar lund,Hinglish,Nuclear
zavadya madarchod mar lund,Hinglish,Nuclear
bhosdi wali bhosdike daal dunga,Hinglish,Nuclear
lund teri maa ki chut phad dunga,Hinglish,Nuclear
lund zavadya madarchod phadke,Hinglish,Nuclear
harami lavda choos phadke,Hinglish,Nuclear
behenchod randi randi lawda,Hinglish,Nuclear
harami ayica dana daal dunga,Hinglish,Nuclear
ayica dana daal dunga madarchod,Hinglish,Nuclear
behen ki chut lawda choos,Hinglish,Nuclear
behenchod randi hijda mar,Hinglish,Nuclear
madarchod bhosdike chutiya chutiya,Hinglish,Nuclear
gand mar mar daal dunga,Hinglish,Nuclear
hijda lavde ka baal phadke,Hinglish,Nuclear
harami chutiya lawda bhosdike,Hinglish,Nuclear
behen ki chut daal dunga choos,Hinglish,Nuclear
hijda aai chi gand daal dunga,Hinglish/Marathi Mix,Nuclear
maa ka bhosada phadke hijda,Hinglish,Nuclear
maa ka bhosada mar phadke,Hinglish,Nuclear
phadke maa ka bhosada choos,Hinglish,Nuclear
hijda madarchod bhosdike phadke,Hinglish,Nuclear
chutiya aai chi gand daal dunga,Hinglish/Marathi Mix,Nuclear
gaandu harami gaandu ki aulad,Hinglish,Nuclear
mar kutte ki aulad bhadwa,Hinglish,Nuclear
zavadya madarchod bhosdike lawda,Hinglish,Nuclear
chutiya bhosdi wali lund,Hinglish,Nuclear
phadke aai chi gand harami,Hinglish/Marathi Mix,Nuclear
ayica dana choos ki aulad,Hinglish,Nuclear
kutte ki aulad madarchod madarchod,Hinglish,Nuclear
phad dunga lavda choos lund,Hinglish,Nuclear
gaandu bhosdi wali harami,Hinglish,Nuclear
gaandu harami ki aulad randi,Hinglish,Nuclear
maa ka bhosada randi choos,Hinglish,Nuclear
choos kutte ki aulad ki aulad,Hinglish,Nuclear
phad dunga tuzya aaicha foda lund,Hinglish/Marathi Mix,Nuclear
gaandu lavde ka baal phadke,Hinglish,Nuclear
ki aulad gaand phaad phad dunga,Hinglish,Nuclear
gaand phaad randi choos,Hinglish,Nuclear
harami behen ki chut lawda,Hinglish,Nuclear
phad dunga randi ka lund gaandu,Hinglish,Nuclear
tujha aila kutryawani mar phadke,Hinglish,Nuclear
behen ki chut daal dunga lawda,Hinglish,Nuclear
pucchi khajvya daal dunga hijda,Hinglish/Marathi Mix,Nuclear
chutiya zavadya madarchod phad dunga,Hinglish,Nuclear
randi maa ka bhosada daal dunga,Hinglish,Nuclear
ayica dana phad dunga mar,Hinglish,Nuclear
teri maa ki chut chutiya lawda,Hinglish,Nuclear
chutiya tuzya aaicha foda choos,Hinglish/Marathi Mix,Nuclear
ayica dana ki aulad chutiya,Hinglish,Nuclear
zavadya madarchod ki aulad choos,Hinglish,Nuclear
bhadwa tuzya aaichi pucchi madarchod,Hinglish/Marathi Mix,Nuclear
lavde ka baal lund daal dunga,Hinglish,Nuclear
lund teri maa ki chut randi,Hinglish,Nuclear
lavde ka baal daal dunga hijda,Hinglish,Nuclear
tujha aila kutryawani gaandu choos,Hinglish,Nuclear
bhosdike gand phatli bhenchod lund,Hinglish/Marathi Mix,Nuclear
phadke harami chutiya bhadwa,Hinglish,Nuclear
zavadya madarchod bhadwa gaandu,Hinglish,Nuclear
ki aulad aai chi gand chutiya,Hinglish/Marathi Mix,Nuclear
lawda tuzya aaicha foda daal dunga,Hinglish/Marathi Mix,Nuclear
bhadwa gand phatli bhenchod hijda,Hinglish/Marathi Mix,Nuclear
madarchod lavde ka baal bhosdike,Hinglish,Nuclear
tuzya aaichi pucchi daal dunga chutiya,Hinglish/Marathi Mix,Nuclear
bhosdi wali gaandu gaandu,Hinglish,Nuclear
harami gaand phaad choos,Hinglish,Nuclear
choos teri maa ki chut randi,Hinglish,Nuclear
ayica dana phad dunga randi,Hinglish,Nuclear
bhosdi wali phadke choos,Hinglish,Nuclear
gand phatli bhenchod hijda bhosdike,Hinglish/Marathi Mix,Nuclear
choos behen ki chut mar,Hinglish,Nuclear
phadke maa ka bhosada phadke,Hinglish,Nuclear
phadke gand mar chutiya,Hinglish,Nuclear
chut mein lund hijda phadke,Hinglish,Nuclear
harami gand mar phad dunga,Hinglish,Nuclear
lavda choos gaandu bhosdike,Hinglish,Nuclear
ki aulad tuzya aaicha foda randi,Hinglish/Marathi Mix,Nuclear
bhadwa behenchod randi gaandu,Hinglish,Nuclear
aai chi gand lawda bhadwa,Hinglish/Marathi Mix,Nuclear
behenchod randi gaandu bhosdike,Hinglish,Nuclear
kutte ki aulad gaandu gaandu,Hinglish,Nuclear
lund aai chi gand mar,Hinglish/Marathi Mix,Nuclear
madarchod bhosdike chutiya hijda,Hinglish,Nuclear
mar gaandu harami hijda,Hinglish,Nuclear
harami chutiya ki aulad bhosdike,Hinglish,Nuclear
madarchod gaandu harami lund,Hinglish,Nuclear
phad dunga gand phatli bhenchod gaandu,Hinglish/Marathi Mix,Nuclear
phadke lavde ka baal chutiya,Hinglish,Nuclear
ayica dana gaandu randi,Hinglish,Nuclear
madarchod bhosdike harami choos,Hinglish,Nuclear
ki aulad aai chi gand madarchod,Hinglish/Marathi Mix,Nuclear
behen ki chut hijda bhadwa,Hinglish,Nuclear
phad dunga pucchi khajvya bhosdike,Hinglish/Marathi Mix,Nuclear
harami tujha aila kutryawani chutiya,Hinglish,Nuclear
ki aulad gand mar phadke,Hinglish,Nuclear
ki aulad teri maa ki chut phad dunga,Hinglish,Nuclear
aai chi gand chutiya phad dunga,Hinglish/Marathi Mix,Nuclear
phadke behenchod randi ki aulad,Hinglish,Nuclear
behen ki chut choos gaandu,Hinglish,Nuclear
phad dunga ayica dana randi,Hinglish,Nuclear
gand phatli bhenchod choos harami,Hinglish/Marathi Mix,Nuclear
daal dunga gand mar phad dunga,Hinglish,Nuclear
daal dunga behen ki chut gaandu,Hinglish,Nuclear
choos zavadya madarchod gaandu,Hinglish,Nuclear
lavde ka baal harami harami,Hinglish,Nuclear
mar bhosdi wali phad dunga,Hinglish,Nuclear
harami gand phatli bhenchod randi,Hinglish/Marathi Mix,Nuclear
phad dunga behenchod randi harami,Hinglish,Nuclear
madarchod behen ki chut lawda,Hinglish,Nuclear
madarchod bhosdike daal dunga daal dunga,Hinglish,Nuclear
teri maa ki chut madarchod madarchod,Hinglish,Nuclear
gaand phaad bhadwa mar,Hinglish,Nuclear
gaandu harami ki aulad lawda,Hinglish,Nuclear
harami chutiya choos madarchod,Hinglish,Nuclear
mar chut mein lund phadke,Hinglish,Nuclear
gaand phaad bhosdike hijda,Hinglish,Nuclear
gaandu ayica dana randi,Hinglish,Nuclear
gaand phaad mar phadke,Hinglish,Nuclear
lund behen ki chut chutiya,Hinglish,Nuclear
hijda lavde ka baal phad dunga,Hinglish,Nuclear
randi madarchod bhosdike randi,Hinglish,Nuclear
lund gand mar hijda,Hinglish,Nuclear
bhadwa behenchod randi harami,Hinglish,Nuclear
tujha aila kutryawani mar mar,Hinglish,Nuclear
pucchi khajvya phad dunga madarchod,Hinglish/Marathi Mix,Nuclear
lawda behen ki chut randi,Hinglish,Nuclear
daal dunga ayica dana bhosdike,Hinglish,Nuclear
randi ayica dana randi,Hinglish,Nuclear
phadke lavda choos gaandu,Hinglish,Nuclear
chutiya behen ki chut choos,Hinglish,Nuclear
bhosdike tuzya aaicha foda choos,Hinglish/Marathi Mix,Nuclear
gaandu harami lawda phadke,Hinglish,Nuclear
tuzya aaichi pucchi gaandu madarchod,Hinglish/Marathi Mix,Nuclear
bhadwa tuzya aaichi pucchi randi,Hinglish/Marathi Mix,Nuclear
behen ki chut choos lawda,Hinglish,Nuclear
harami tuzya aaicha foda ki aulad,Hinglish/Marathi Mix,Nuclear
kutte ki aulad bhosdike lund,Hinglish,Nuclear
mar pucchi khajvya phadke,Hinglish/Marathi Mix,Nuclear
bhadwa gand phatli bhenchod phadke,Hinglish/Marathi Mix,Nuclear
lawda lavda choos harami,Hinglish,Nuclear
hijda kutte ki aulad bhadwa,Hinglish,Nuclear
chut mein lund daal dunga lund,Hinglish,Nuclear
tuzya aaichi pucchi madarchod daal dunga,Hinglish/Marathi Mix,Nuclear
lavda choos ki aulad harami,Hinglish,Nuclear
harami ayica dana phadke,Hinglish,Nuclear
randi aai chi gand phadke,Hinglish/Marathi Mix,Nuclear
chutiya behen ki chut lawda,Hinglish,Nuclear
lavde ka baal gaandu daal dunga,Hinglish,Nuclear
lawda tuzya aaichi pucchi ki aulad,Hinglish/Marathi Mix,Nuclear
madarchod tuzya aaicha foda lund,Hinglish/Marathi Mix,Nuclear
gaandu harami mar chutiya,Hinglish,Nuclear
aai chi gand randi harami,Hinglish/Marathi Mix,Nuclear
zavadya madarchod randi lund,Hinglish,Nuclear
gaandu harami chutiya randi,Hinglish,Nuclear
kutte ki aulad phadke choos,Hinglish,Nuclear
ayica dana lawda choos,Hinglish,Nuclear
chut mein lund lawda phad dunga,Hinglish,Nuclear
phad dunga kutte ki aulad lund,Hinglish,Nuclear
bhadwa tuzya aaichi pucchi choos,Hinglish/Marathi Mix,Nuclear
lund behenchod randi choos,Hinglish,Nuclear
teri maa ki chut harami harami,Hinglish,Nuclear
bhadwa randi ka lund randi,Hinglish,Nuclear
ayica dana lawda randi,Hinglish,Nuclear
mar tuzya aaicha foda phad dunga,Hinglish/Marathi Mix,Nuclear
madarchod lavda choos gaandu,Hinglish,Nuclear
bhosdike teri maa ki chut choos,Hinglish,Nuclear
gand mar phad dunga madarchod,Hinglish,Nuclear
choos behen ki chut lawda,Hinglish,Nuclear
randi aai chi gand lawda,Hinglish/Marathi Mix,Nuclear
phad dunga tuzya aaichi pucchi choos,Hinglish/Marathi Mix,Nuclear
hijda chut mein lund daal dunga,Hinglish,Nuclear
ki aulad kutte ki aulad choos,Hinglish,Nuclear
harami gaandu harami hijda,Hinglish,Nuclear
harami chutiya choos lund,Hinglish,Nuclear
phad dunga ayica dana harami,Hinglish,Nuclear
chutiya aai chi gand bhosdike,Hinglish/Marathi Mix,Nuclear
aai chi gand bhadwa gaandu,Hinglish/Marathi Mix,Nuclear
pucchi khajvya lund randi,Hinglish/Marathi Mix,Nuclear
phad dunga maa ka bhosada phadke,Hinglish,Nuclear
ki aulad randi ka lund chutiya,Hinglish,Nuclear
lavde ka baal randi lund,Hinglish,Nuclear
randi ka lund gaandu phad dunga,Hinglish,Nuclear
ki aulad bhosdi wali chutiya,Hinglish,Nuclear
gand phatli bhenchod phad dunga lund,Hinglish/Marathi Mix,Nuclear
harami maa ka bhosada bhadwa,Hinglish,Nuclear
lawda madarchod bhosdike gaandu,Hinglish,Nuclear
lawda tuzya aaichi pucchi phad dunga,Hinglish/Marathi Mix,Nuclear
mar lavde ka baal hijda,Hinglish,Nuclear
teri maa ki chut madarchod bhadwa,Hinglish,Nuclear
chut mein lund bhadwa bhosdike,Hinglish,Nuclear
lawda kutte ki aulad hijda,Hinglish,Nuclear
madarchod aai chi gand ki aulad,Hinglish/Marathi Mix,Nuclear
hijda gand mar randi,Hinglish,Nuclear
teri maa ki chut lund phad dunga,Hinglish,Nuclear
aai chi gand bhadwa madarchod,Hinglish/Marathi Mix,Nuclear
lund kutte ki aulad chutiya,Hinglish,Nuclear
ayica dana randi mar,Hinglish,Nuclear
phadke aai chi gand phadke,Hinglish/Marathi Mix,Nuclear
randi tuzya aaichi pucchi randi,Hinglish/Marathi Mix,Nuclear
harami kutte ki aulad gaandu,Hinglish,Nuclear
behen ki chut bhadwa phad dunga,Hinglish,Nuclear
gaandu harami chutiya mar,Hinglish,Nuclear
aai chi gand gaandu harami,Hinglish/Marathi Mix,Nuclear
maa ka bhosada lund gaandu,Hinglish,Nuclear
kutte ki aulad madarchod randi,Hinglish,Nuclear
phadke behenchod randi lawda,Hinglish,Nuclear
lawda gand mar mar,Hinglish,Nuclear
ki aulad teri maa ki chut hijda,Hinglish,Nuclear
hijda gand phatli bhenchod lund,Hinglish/Marathi Mix,Nuclear
behen ki chut chutiya hijda,Hinglish,Nuclear
zavadya madarchod lund phadke,Hinglish,Nuclear
gaandu ayica dana lawda,Hinglish,Nuclear
maa ka bhosada bhosdike gaandu,Hinglish,Nuclear
bhadwa tuzya aaichi pucchi bhosdike,Hinglish/Marathi Mix,Nuclear
bhosdike aai chi gand bhadwa,Hinglish/Marathi Mix,Nuclear
behenchod randi mar randi,Hinglish,Nuclear
lund chut mein lund randi,Hinglish,Nuclear
tuzya aaichi pucchi harami lund,Hinglish/Marathi Mix,Nuclear
chutiya gand phatli bhenchod hijda,Hinglish/Marathi Mix,Nuclear
lavde ka baal madarchod lawda,Hinglish,Nuclear
choos behen ki chut phad dunga,Hinglish,Nuclear
ki aulad lavda choos hijda,Hinglish,Nuclear
gand phatli bhenchod gaandu harami,Hinglish/Marathi Mix,Nuclear
gaand phaad madarchod daal dunga,Hinglish,Nuclear
bhadwa behen ki chut chutiya,Hinglish,Nuclear
ki aulad lavde ka baal lund,Hinglish,Nuclear
pucchi khajvya gaandu randi,Hinglish/Marathi Mix,Nuclear
gaand phaad randi phad dunga,Hinglish,Nuclear
harami zavadya madarchod bhosdike,Hinglish,Nuclear
harami gaand phaad ki aulad,Hinglish,Nuclear
chutiya behen ki chut harami,Hinglish,Nuclear
behenchod randi lund lawda,Hinglish,Nuclear
gaand phaad lawda lund,Hinglish,Nuclear
ayica dana daal dunga gaandu,Hinglish,Nuclear
madarchod lavda choos phad dunga,Hinglish,Nuclear
tujha aila kutryawani chutiya bhadwa,Hinglish,Nuclear
randi tuzya aaichi pucchi phadke,Hinglish/Marathi Mix,Nuclear
tuzya aaichi pucchi bhadwa harami,Hinglish/Marathi Mix,Nuclear
madarchod bhosdike choos lund,Hinglish,Nuclear
randi tuzya aaichi pucchi bhadwa,Hinglish/Marathi Mix,Nuclear
daal dunga behenchod randi randi,Hinglish,Nuclear
behen ki chut lawda hijda,Hinglish,Nuclear
ayica dana mar bhosdike,Hinglish,Nuclear
pucchi khajvya mar ki aulad,Hinglish/Marathi Mix,Nuclear
lund gaand phaad daal dunga,Hinglish,Nuclear
bhadwa randi ka lund lawda,Hinglish,Nuclear
lavda choos hijda daal dunga,Hinglish,Nuclear
harami pucchi khajvya daal dunga,Hinglish/Marathi Mix,Nuclear
chutiya randi ka lund bhosdike,Hinglish,Nuclear
behenchod randi ki aulad chutiya,Hinglish,Nuclear
maa ka bhosada randi randi,Hinglish,Nuclear
gaandu gand mar madarchod,Hinglish,Nuclear
gaand phaad chutiya lund,Hinglish,Nuclear
aai chi gand mar hijda,Hinglish/Marathi Mix,Nuclear
chutiya chut mein lund hijda,Hinglish,Nuclear
hijda tuzya aaichi pucchi daal dunga,Hinglish/Marathi Mix,Nuclear
kutte ki aulad lawda madarchod,Hinglish,Nuclear
choos zavadya madarchod mar,Hinglish,Nuclear
aai chi gand harami chutiya,Hinglish/Marathi Mix,Nuclear
harami harami chutiya gaandu,Hinglish,Nuclear
bhosdi wali mar phad dunga,Hinglish,Nuclear
chutiya gaandu harami phadke,Hinglish,Nuclear
chut mein lund chutiya hijda,Hinglish,Nuclear
kutte ki aulad mar lund,Hinglish,Nuclear
pucchi khajvya chutiya mar,Hinglish/Marathi Mix,Nuclear
ki aulad gand mar lund,Hinglish,Nuclear
phad dunga gaandu harami mar,Hinglish,Nuclear
ayica dana lund madarchod,Hinglish,Nuclear
tujha aila kutryawani randi randi,Hinglish,Nuclear
madarchod gand phatli bhenchod chutiya,Hinglish/Marathi Mix,Nuclear
tuzya aaicha foda daal dunga hijda,Hinglish/Marathi Mix,Nuclear
chutiya ayica dana lawda,Hinglish,Nuclear
hijda bhosdi wali harami,Hinglish,Nuclear
mar ayica dana phadke,Hinglish,Nuclear
choos gand mar mar,Hinglish,Nuclear
daal dunga kutte ki aulad daal dunga,Hinglish,Nuclear
mar tuzya aaicha foda lund,Hinglish/Marathi Mix,Nuclear
behen ki chut lund harami,Hinglish,Nuclear
choos gaand phaad lawda,Hinglish,Nuclear
randi ka lund randi chutiya,Hinglish,Nuclear
zavadya madarchod choos bhosdike,Hinglish,Nuclear
randi gand mar lund,Hinglish,Nuclear
gand mar bhosdike bhadwa,Hinglish,Nuclear
lund randi ka lund randi,Hinglish,Nuclear
phad dunga gand phatli bhenchod lawda,Hinglish/Marathi Mix,Nuclear
madarchod bhosdike harami bhadwa,Hinglish,Nuclear
phadke tujha aila kutryawani bhadwa,Hinglish,Nuclear
madarchod tuzya aaicha foda phadke,Hinglish/Marathi Mix,Nuclear
gand mar lund daal dunga,Hinglish,Nuclear
gand mar bhosdike phad dunga,Hinglish,Nuclear
choos gaandu harami phad dunga,Hinglish,Nuclear
phadke kutte ki aulad lund,Hinglish,Nuclear
randi ka lund hijda madarchod,Hinglish,Nuclear
gand mar chutiya mar,Hinglish,Nuclear
lund chut mein lund bhadwa,Hinglish,Nuclear
bhadwa tuzya aaicha foda choos,Hinglish/Marathi Mix,Nuclear
randi tujha aila kutryawani lawda,Hinglish,Nuclear
tuzya aaichi pucchi daal dunga choos,Hinglish/Marathi Mix,Nuclear
daal dunga teri maa ki chut choos,Hinglish,Nuclear
gand mar harami hijda,Hinglish,Nuclear
randi ka lund chutiya bhadwa,Hinglish,Nuclear
tujha aila kutryawani madarchod phadke,Hinglish,Nuclear
phad dunga gaand phaad lund,Hinglish,Nuclear
tuzya aaichi pucchi chutiya bhadwa,Hinglish/Marathi Mix,Nuclear
bhadwa randi ka lund gaandu,Hinglish,Nuclear
bhosdike gand mar choos,Hinglish,Nuclear
ki aulad harami chutiya lawda,Hinglish,Nuclear
harami gand phatli bhenchod hijda,Hinglish/Marathi Mix,Nuclear
harami gaandu harami mar,Hinglish,Nuclear
harami tuzya aaicha foda randi,Hinglish/Marathi Mix,Nuclear
lund maa ka bhosada harami,Hinglish,Nuclear
tujha aila kutryawani harami phadke,Hinglish,Nuclear
hijda gand phatli bhenchod gaandu,Hinglish/Marathi Mix,Nuclear
chutiya kutte ki aulad chutiya,Hinglish,Nuclear
teri maa ki chut phad dunga bhosdike,Hinglish,Nuclear
choos pucchi khajvya gaandu,Hinglish/Marathi Mix,Nuclear
bhadwa tujha aila kutryawani randi,Hinglish,Nuclear
phadke kutte ki aulad gaandu,Hinglish,Nuclear
zavadya madarchod randi lawda,Hinglish,Nuclear
kutte ki aulad phad dunga phadke,Hinglish,Nuclear
bhadwa ayica dana mar,Hinglish,Nuclear
ayica dana lund choos,Hinglish,Nuclear
madarchod bhosdike lawda ki aulad,Hinglish,Nuclear
pucchi khajvya hijda phadke,Hinglish/Marathi Mix,Nuclear
teri maa ki chut phad dunga daal dunga,Hinglish,Nuclear
bhosdi wali lawda bhadwa,Hinglish,Nuclear
gand phatli bhenchod chutiya lawda,Hinglish/Marathi Mix,Nuclear
gand phatli bhenchod randi lund,Hinglish/Marathi Mix,Nuclear
daal dunga gaand phaad ki aulad,Hinglish,Nuclear
lund maa ka bhosada phad dunga,Hinglish,Nuclear
bhosdi wali ki aulad gaandu,Hinglish,Nuclear
pucchi khajvya bhadwa randi,Hinglish/Marathi Mix,Nuclear
harami gand mar lawda,Hinglish,Nuclear
tuzya aaicha foda hijda mar,Hinglish/Marathi Mix,Nuclear
phadke tuzya aaichi pucchi chutiya,Hinglish/Marathi Mix,Nuclear
lavde ka baal ki aulad madarchod,Hinglish,Nuclear
madarchod gand phatli bhenchod gaandu,Hinglish/Marathi Mix,Nuclear
chut mein lund phad dunga phadke,Hinglish,Nuclear
pucchi khajvya harami hijda,Hinglish/Marathi Mix,Nuclear
harami chutiya daal dunga ki aulad,Hinglish,Nuclear
tuzya aaicha foda daal dunga mar,Hinglish/Marathi Mix,Nuclear
lawda randi ka lund gaandu,Hinglish,Nuclear
randi ka lund chutiya chutiya,Hinglish,Nuclear
chutiya gand phatli bhenchod gaandu,Hinglish/Marathi Mix,Nuclear
gand mar phadke choos,Hinglish,Nuclear
bhosdi wali hijda daal dunga,Hinglish,Nuclear
teri maa ki chut gaandu lawda,Hinglish,Nuclear
gand phatli bhenchod gaandu hijda,Hinglish/Marathi Mix,Nuclear
choos madarchod bhosdike bhosdike,Hinglish,Nuclear
ki aulad aai chi gand bhadwa,Hinglish/Marathi Mix,Nuclear
lund gand phatli bhenchod daal dunga,Hinglish/Marathi Mix,Nuclear
bhosdike ayica dana phadke,Hinglish,Nuclear
lund tuzya aaicha foda gaandu,Hinglish/Marathi Mix,Nuclear
kutte ki aulad phadke hijda,Hinglish,Nuclear
phadke zavadya madarchod phadke,Hinglish,Nuclear
madarchod behen ki chut bhosdike,Hinglish,Nuclear
gaandu harami harami phad dunga,Hinglish,Nuclear
behenchod randi randi randi,Hinglish,Nuclear
bhosdike pucchi khajvya harami,Hinglish/Marathi Mix,Nuclear
hijda aai chi gand phadke,Hinglish/Marathi Mix,Nuclear
gaandu harami phadke ki aulad,Hinglish,Nuclear
behen ki chut choos phad dunga,Hinglish,Nuclear
harami chut mein lund ki aulad,Hinglish,Nuclear
lund tuzya aaichi pucchi madarchod,Hinglish/Marathi Mix,Nuclear
madarchod bhosdike ki aulad bhadwa,Hinglish,Nuclear
choos tuzya aaicha foda madarchod,Hinglish/Marathi Mix,Nuclear
kutte ki aulad ki aulad bhadwa,Hinglish,Nuclear
randi tujha aila kutryawani randi,Hinglish,Nuclear
gand mar hijda choos,Hinglish,Nuclear
bhadwa pucchi khajvya bhadwa,Hinglish/Marathi Mix,Nuclear
harami chutiya harami hijda,Hinglish,Nuclear
ayica dana lawda ki aulad,Hinglish,Nuclear
kutte ki aulad lund phad dunga,Hinglish,Nuclear
phadke aai chi gand bhosdike,Hinglish/Marathi Mix,Nuclear
bhosdike tuzya aaichi pucchi mar,Hinglish/Marathi Mix,Nuclear
chutiya gand mar phadke,Hinglish,Nuclear
harami tuzya aaichi pucchi mar,Hinglish/Marathi Mix,Nuclear
behen ki chut hijda daal dunga,Hinglish,Nuclear
phad dunga chut mein lund madarchod,Hinglish,Nuclear
lawda harami chutiya madarchod,Hinglish,Nuclear
madarchod bhosdike daal dunga harami,Hinglish,Nuclear
chutiya tuzya aaichi pucchi gaandu,Hinglish/Marathi Mix,Nuclear
madarchod bhosdike gaandu randi,Hinglish,Nuclear
bhosdike bhosdi wali bhosdike,Hinglish,Nuclear
ayica dana hijda gaandu,Hinglish,Nuclear
lawda behenchod randi phadke,Hinglish,Nuclear
gaandu madarchod bhosdike chutiya,Hinglish,Nuclear
phad dunga teri maa ki chut ki aulad,Hinglish,Nuclear
phad dunga lavde ka baal madarchod,Hinglish,Nuclear
lund teri maa ki chut daal dunga,Hinglish,Nuclear
bhosdike behenchod randi daal dunga,Hinglish,Nuclear
daal dunga chut mein lund madarchod,Hinglish,Nuclear
gaandu lavde ka baal lawda,Hinglish,Nuclear
phad dunga ayica dana lawda,Hinglish,Nuclear
madarchod chut mein lund lawda,Hinglish,Nuclear
gand mar phad dunga harami,Hinglish,Nuclear
madarchod bhosdike bhadwa phad dunga,Hinglish,Nuclear
pucchi khajvya daal dunga lawda,Hinglish/Marathi Mix,Nuclear
tujha aila kutryawani chutiya choos,Hinglish,Nuclear
gaandu harami bhosdike randi,Hinglish,Nuclear
gaandu gaand phaad chutiya,Hinglish,Nuclear
hijda tuzya aaichi pucchi phad dunga,Hinglish/Marathi Mix,Nuclear
tuzya aaichi pucchi lawda lund,Hinglish/Marathi Mix,Nuclear
ayica dana ki aulad bhosdike,Hinglish,Nuclear
bhadwa ayica dana phad dunga,Hinglish,Nuclear
harami chutiya phad dunga madarchod,Hinglish,Nuclear
teri maa ki chut harami chutiya,Hinglish,Nuclear
randi ka lund randi phadke,Hinglish,Nuclear
lund gaand phaad lund,Hinglish,Nuclear
gaand phaad madarchod choos,Hinglish,Nuclear
randi tuzya aaicha foda ki aulad,Hinglish/Marathi Mix,Nuclear
harami ayica dana ki aulad,Hinglish,Nuclear
phadke tuzya aaichi pucchi bhosdike,Hinglish/Marathi Mix,Nuclear
madarchod bhosdi wali harami,Hinglish,Nuclear
madarchod bhosdike randi randi,Hinglish,Nuclear
daal dunga zavadya madarchod madarchod,Hinglish,Nuclear
tuzya aaichi pucchi chutiya lund,Hinglish/Marathi Mix,Nuclear
bhosdike kutte ki aulad randi,Hinglish,Nuclear
mar chut mein lund gaandu,Hinglish,Nuclear
bhosdike harami chutiya daal dunga,Hinglish,Nuclear
kutte ki aulad chutiya mar,Hinglish,Nuclear
chutiya maa ka bhosada lund,Hinglish,Nuclear
gaandu behen ki chut randi,Hinglish,Nuclear
gaandu tuzya aaicha foda lawda,Hinglish/Marathi Mix,Nuclear
lawda gaandu harami randi,Hinglish,Nuclear
bhadwa lavde ka baal mar,Hinglish,Nuclear
chut mein lund bhosdike lund,Hinglish,Nuclear
teri maa ki chut chutiya bhosdike,Hinglish,Nuclear
gand phatli bhenchod chutiya gaandu,Hinglish/Marathi Mix,Nuclear
daal dunga bhosdi wali lawda,Hinglish,Nuclear
tuzya aaicha foda bhosdike phadke,Hinglish/Marathi Mix,Nuclear
phad dunga gaandu harami madarchod,Hinglish,Nuclear
teri maa ki chut gaandu hijda,Hinglish,Nuclear
gaandu harami choos phadke,Hinglish,Nuclear
kutte ki aulad phad dunga bhadwa,Hinglish,Nuclear
ki aulad gand phatli bhenchod phad dunga,Hinglish/Marathi Mix,Nuclear
madarchod tuzya aaichi pucchi choos,Hinglish/Marathi Mix,Nuclear
lawda gaandu harami phadke,Hinglish,Nuclear
teri maa ki chut phadke ki aulad,Hinglish,Nuclear
behenchod randi gaandu phad dunga,Hinglish,Nuclear
choos teri maa ki chut bhosdike,Hinglish,Nuclear
chutiya lavda choos bhadwa,Hinglish,Nuclear
madarchod tuzya aaichi pucchi lawda,Hinglish/Marathi Mix,Nuclear
gaandu harami bhadwa madarchod,Hinglish,Nuclear
gaandu madarchod bhosdike mar,Hinglish,Nuclear
bhadwa teri maa ki chut phad dunga,Hinglish,Nuclear
bhosdike gand mar phadke,Hinglish,Nuclear
phad dunga lavde ka baal lawda,Hinglish,Nuclear
lavda choos mar lawda,Hinglish,Nuclear
zavadya madarchod chutiya harami,Hinglish,Nuclear
kutte ki aulad madarchod choos,Hinglish,Nuclear
lund madarchod bhosdike lund,Hinglish,Nuclear
lund gaandu harami mar,Hinglish,Nuclear
pucchi khajvya choos madarchod,Hinglish/Marathi Mix,Nuclear
randi lavde ka baal phad dunga,Hinglish,Nuclear
randi bhosdi wali chutiya,Hinglish,Nuclear
pucchi khajvya gaandu chutiya,Hinglish/Marathi Mix,Nuclear
chutiya ayica dana madarchod,Hinglish,Nuclear
zavadya madarchod lund mar,Hinglish,Nuclear
mar kutte ki aulad phadke,Hinglish,Nuclear
chut mein lund hijda phad dunga,Hinglish,Nuclear
phad dunga gand mar mar,Hinglish,Nuclear
behen ki chut bhosdike choos,Hinglish,Nuclear
gaandu harami chutiya lawda,Hinglish,Nuclear
tujha aila kutryawani bhosdike lund,Hinglish,Nuclear
hijda bhosdi wali lund,Hinglish,Nuclear
pucchi khajvya gaandu phadke,Hinglish/Marathi Mix,Nuclear
daal dunga gand mar chutiya,Hinglish,Nuclear
bhadwa gand mar phad dunga,Hinglish,Nuclear
gand mar choos daal dunga,Hinglish,Nuclear
kutte ki aulad chutiya chutiya,Hinglish,Nuclear
phadke madarchod bhosdike hijda,Hinglish,Nuclear
bhadwa lavde ka baal lawda,Hinglish,Nuclear
behen ki chut hijda hijda,Hinglish,Nuclear
lavda choos phadke harami,Hinglish,Nuclear
lund aai chi gand chutiya,Hinglish/Marathi Mix,Nuclear
chut mein lund madarchod chutiya,Hinglish,Nuclear
bhosdike gand mar daal dunga,Hinglish,Nuclear
ayica dana chutiya bhosdike,Hinglish,Nuclear
phad dunga pucchi khajvya phad dunga,Hinglish/Marathi Mix,Nuclear
gaandu gaandu harami mar,Hinglish,Nuclear
chutiya harami chutiya lawda,Hinglish,Nuclear
lund teri maa ki chut gaandu,Hinglish,Nuclear
madarchod pucchi khajvya ki aulad,Hinglish/Marathi Mix,Nuclear
chutiya lavda choos gaandu,Hinglish,Nuclear
mar chut mein lund bhadwa,Hinglish,Nuclear
phadke bhosdi wali randi,Hinglish,Nuclear
gaandu randi ka lund chutiya,Hinglish,Nuclear
madarchod pucchi khajvya choos,Hinglish/Marathi Mix,Nuclear
kutte ki aulad bhadwa phadke,Hinglish,Nuclear
ki aulad ayica dana randi,Hinglish,Nuclear
ki aulad chut mein lund phad dunga,Hinglish,Nuclear
madarchod randi ka lund daal dunga,Hinglish,Nuclear
ki aulad maa ka bhosada phadke,Hinglish,Nuclear
tuzya aaicha foda lund gaandu,Hinglish/Marathi Mix,Nuclear
behenchod randi gaandu lund,Hinglish,Nuclear
lavda choos harami lawda,Hinglish,Nuclear
lund bhosdi wali chutiya,Hinglish,Nuclear
choos gand mar daal dunga,Hinglish,Nuclear
phad dunga maa ka bhosada mar,Hinglish,Nuclear
phad dunga behenchod randi hijda,Hinglish,Nuclear
bhosdike tuzya aaicha foda daal dunga,Hinglish/Marathi Mix,Nuclear
bhadwa bhosdi wali lawda,Hinglish,Nuclear
bhosdi wali randi mar,Hinglish,Nuclear
chut mein lund choos randi,Hinglish,Nuclear
phadke randi ka lund gaandu,Hinglish,Nuclear
harami chutiya ki aulad hijda,Hinglish,Nuclear
chut mein lund phad dunga gaandu,Hinglish,Nuclear
chut mein lund phad dunga ki aulad,Hinglish,Nuclear
choos lavda choos phad dunga,Hinglish,Nuclear
lund gaand phaad hijda,Hinglish,Nuclear
ayica dana bhosdike lawda,Hinglish,Nuclear
harami chutiya harami choos,Hinglish,Nuclear
behenchod randi lawda phadke,Hinglish,Nuclear
teri maa ki chut randi phad dunga,Hinglish,Nuclear
bhadwa tuzya aaicha foda bhadwa,Hinglish/Marathi Mix,Nuclear
aai chi gand randi lawda,Hinglish/Marathi Mix,Nuclear
phad dunga bhosdi wali madarchod,Hinglish,Nuclear
bhadwa zavadya madarchod ki aulad,Hinglish,Nuclear
tuzya aaichi pucchi bhosdike randi,Hinglish/Marathi Mix,Nuclear
bhosdike kutte ki aulad madarchod,Hinglish,Nuclear
bhadwa ayica dana madarchod,Hinglish,Nuclear
tujha aila kutryawani ki aulad gaandu,Hinglish,Nuclear
mar chut mein lund randi,Hinglish,Nuclear
phadke gand mar phadke,Hinglish,Nuclear
daal dunga bhosdi wali randi,Hinglish,Nuclear
zavadya madarchod hijda lawda,Hinglish,Nuclear
behenchod randi daal dunga mar,Hinglish,Nuclear
tuzya aaichi pucchi mar phadke,Hinglish/Marathi Mix,Nuclear
zavadya madarchod madarchod ki aulad,Hinglish,Nuclear
lund bhosdi wali lawda,Hinglish,Nuclear
chutiya tujha aila kutryawani mar,Hinglish,Nuclear
lawda harami chutiya gaandu,Hinglish,Nuclear
phadke tujha aila kutryawani lawda,Hinglish,Nuclear
mar tujha aila kutryawani hijda,Hinglish,Nuclear
bhosdike teri maa ki chut madarchod,Hinglish,Nuclear
aai chi gand ki aulad choos,Hinglish/Marathi Mix,Nuclear
gand phatli bhenchod lund mar,Hinglish/Marathi Mix,Nuclear
teri maa ki chut bhadwa hijda,Hinglish,Nuclear
aai chi gand hijda madarchod,Hinglish/Marathi Mix,Nuclear
choos gand mar lawda,Hinglish,Nuclear
gand phatli bhenchod mar hijda,Hinglish/Marathi Mix,Nuclear
lavde ka baal phadke mar,Hinglish,Nuclear
phad dunga chut mein lund bhosdike,Hinglish,Nuclear
behenchod randi mar gaandu,Hinglish,Nuclear
kutte ki aulad harami lawda,Hinglish,Nuclear
chutiya teri maa ki chut bhosdike,Hinglish,Nuclear
tuzya aaicha foda bhadwa bhosdike,Hinglish/Marathi Mix,Nuclear
ki aulad tuzya aaicha foda lund,Hinglish/Marathi Mix,Nuclear
choos bhosdi wali randi,Hinglish,Nuclear
lavda choos gaandu gaandu,Hinglish,Nuclear
mar pucchi khajvya bhadwa,Hinglish/Marathi Mix,Nuclear
mar gand mar choos,Hinglish,Nuclear
maa ka bhosada gaandu phad dunga,Hinglish,Nuclear
hijda tuzya aaicha foda phadke,Hinglish/Marathi Mix,Nuclear
bhosdike teri maa ki chut harami,Hinglish,Nuclear
gaandu harami phad dunga bhadwa,Hinglish,Nuclear
gand mar randi phad dunga,Hinglish,Nuclear
harami lavda choos randi,Hinglish,Nuclear
teri maa ki chut choos gaandu,Hinglish,Nuclear
maa ka bhosada chutiya phad dunga,Hinglish,Nuclear
randi behen ki chut randi,Hinglish,Nuclear
kutte ki aulad bhadwa randi,Hinglish,Nuclear
maa ka bhosada choos choos,Hinglish,Nuclear
hijda teri maa ki chut ki aulad,Hinglish,Nuclear
lund gaand phaad chutiya,Hinglish,Nuclear
maa ka bhosada mar randi,Hinglish,Nuclear
pucchi khajvya ki aulad madarchod,Hinglish/Marathi Mix,Nuclear
maa ka bhosada gaandu chutiya,Hinglish,Nuclear
chut mein lund hijda hijda,Hinglish,Nuclear
gaandu madarchod bhosdike harami,Hinglish,Nuclear
bhosdi wali mar gaandu,Hinglish,Nuclear
ayica dana daal dunga bhadwa,Hinglish,Nuclear
bhadwa tuzya aaicha foda randi,Hinglish/Marathi Mix,Nuclear
gaand phaad lund madarchod,Hinglish,Nuclear
bhosdike randi ka lund ki aulad,Hinglish,Nuclear
gaandu gaand phaad phad dunga,Hinglish,Nuclear
hijda gand mar lund,Hinglish,Nuclear
harami bhosdi wali bhadwa,Hinglish,Nuclear
hijda randi ka lund chutiya,Hinglish,Nuclear
madarchod bhosdi wali lund,Hinglish,Nuclear
pucchi khajvya madarchod phad dunga,Hinglish/Marathi Mix,Nuclear
gaandu pucchi khajvya harami,Hinglish/Marathi Mix,Nuclear
harami chut mein lund bhosdike,Hinglish,Nuclear
phad dunga tuzya aaichi pucchi mar,Hinglish/Marathi Mix,Nuclear
choos pucchi khajvya choos,Hinglish/Marathi Mix,Nuclear
tuzya aaicha foda daal dunga choos,Hinglish/Marathi Mix,Nuclear
teri maa ki chut ki aulad choos,Hinglish,Nuclear
phadke harami chutiya bhosdike,Hinglish,Nuclear
phadke gand phatli bhenchod phad dunga,Hinglish/Marathi Mix,Nuclear
harami chutiya lawda ki aulad,Hinglish,Nuclear
gaandu tujha aila kutryawani gaandu,Hinglish,Nuclear
harami bhosdi wali lund,Hinglish,Nuclear
ki aulad randi ka lund bhosdike,Hinglish,Nuclear
teri maa ki chut bhadwa ki aulad,Hinglish,Nuclear
lavda choos ki aulad phad dunga,Hinglish,Nuclear
choos kutte ki aulad daal dunga,Hinglish,Nuclear
zavadya madarchod lawda chutiya,Hinglish,Nuclear
ki aulad zavadya madarchod bhadwa,Hinglish,Nuclear
lawda behenchod randi randi,Hinglish,Nuclear
mar gand mar bhadwa,Hinglish,Nuclear
gaandu madarchod bhosdike madarchod,Hinglish,Nuclear
hijda harami chutiya chutiya,Hinglish,Nuclear
lawda maa ka bhosada lund,Hinglish,Nuclear
phadke chut mein lund chutiya,Hinglish,Nuclear
maa ka bhosada choos gaandu,Hinglish,Nuclear
ki aulad pucchi khajvya phad dunga,Hinglish/Marathi Mix,Nuclear
behenchod randi bhosdike mar,Hinglish,Nuclear
aai chi gand phadke daal dunga,Hinglish/Marathi Mix,Nuclear
tuzya aaicha foda phadke bhadwa,Hinglish/Marathi Mix,Nuclear
gand phatli bhenchod bhosdike mar,Hinglish/Marathi Mix,Nuclear
mar zavadya madarchod randi,Hinglish,Nuclear
mar gand mar daal dunga,Hinglish,Nuclear
lawda bhosdi wali hijda,Hinglish,Nuclear
behenchod randi lund phad dunga,Hinglish,Nuclear
behen ki chut choos choos,Hinglish,Nuclear
randi ka lund lund phad dunga,Hinglish,Nuclear
harami tuzya aaichi pucchi gaandu,Hinglish/Marathi Mix,Nuclear
lund kutte ki aulad gaandu,Hinglish,Nuclear
gaandu tuzya aaicha foda phadke,Hinglish/Marathi Mix,Nuclear
harami chutiya lund choos,Hinglish,Nuclear
chutiya aai chi gand bhadwa,Hinglish/Marathi Mix,Nuclear
daal dunga maa ka bhosada chutiya,Hinglish,Nuclear
kutte ki aulad lawda randi,Hinglish,Nuclear
tuzya aaicha foda bhadwa phadke,Hinglish/Marathi Mix,Nuclear
hijda lavda choos bhosdike,Hinglish,Nuclear
lavde ka baal bhadwa daal dunga,Hinglish,Nuclear
ki aulad tujha aila kutryawani hijda,Hinglish,Nuclear
bhosdi wali bhadwa lawda,Hinglish,Nuclear
aai chi gand madarchod daal dunga,Hinglish/Marathi Mix,Nuclear
mar behenchod randi hijda,Hinglish,Nuclear
lavde ka baal mar choos,Hinglish,Nuclear
gaandu gaandu harami bhadwa,Hinglish,Nuclear
ki aulad chut mein lund gaandu,Hinglish,Nuclear
lavda choos randi choos,Hinglish,Nuclear
chutiya tuzya aaichi pucchi harami,Hinglish/Marathi Mix,Nuclear
aai chi gand bhosdike harami,Hinglish/Marathi Mix,Nuclear
daal dunga maa ka bhosada choos,Hinglish,Nuclear
chut mein lund chutiya madarchod,Hinglish,Nuclear
gand mar ki aulad randi,Hinglish,Nuclear
gand phatli bhenchod mar gaandu,Hinglish/Marathi Mix,Nuclear
lavda choos madarchod mar,Hinglish,Nuclear
phadke gaand phaad choos,Hinglish,Nuclear
ki aulad bhosdi wali randi,Hinglish,Nuclear
tuzya aaichi pucchi phadke randi,Hinglish/Marathi Mix,Nuclear
choos madarchod bhosdike lund,Hinglish,Nuclear
hijda behenchod randi harami,Hinglish,Nuclear
bhadwa gand phatli bhenchod madarchod,Hinglish/Marathi Mix,Nuclear
tuzya aaichi pucchi phad dunga bhadwa,Hinglish/Marathi Mix,Nuclear
lavde ka baal madarchod chutiya,Hinglish,Nuclear
lund pucchi khajvya choos,Hinglish/Marathi Mix,Nuclear
gand phatli bhenchod lund bhosdike,Hinglish/Marathi Mix,Nuclear
bhadwa bhosdi wali phad dunga,Hinglish,Nuclear
phad dunga zavadya madarchod randi,Hinglish,Nuclear
madarchod ayica dana hijda,Hinglish,Nuclear
mar harami chutiya ki aulad,Hinglish,Nuclear
phadke tujha aila kutryawani randi,Hinglish,Nuclear
behenchod randi gaandu gaandu,Hinglish,Nuclear
choos tuzya aaicha foda lawda,Hinglish/Marathi Mix,Nuclear
phad dunga gand mar bhadwa,Hinglish,Nuclear
bhadwa madarchod bhosdike chutiya,Hinglish,Nuclear
phad dunga zavadya madarchod lawda,Hinglish,Nuclear
gand mar daal dunga randi,Hinglish,Nuclear
aai chi gand bhadwa harami,Hinglish/Marathi Mix,Nuclear
ki aulad lavda choos randi,Hinglish,Nuclear
chut mein lund mar randi,Hinglish,Nuclear
tuzya aaichi pucchi phadke ki aulad,Hinglish/Marathi Mix,Nuclear
gaand phaad hijda bhosdike,Hinglish,Nuclear
gaandu zavadya madarchod madarchod,Hinglish,Nuclear
chutiya randi ka lund bhadwa,Hinglish,Nuclear
lavda choos ki aulad chutiya,Hinglish,Nuclear
tujha aila kutryawani daal dunga randi,Hinglish,Nuclear
chutiya tuzya aaicha foda ki aulad,Hinglish/Marathi Mix,Nuclear
phadke gand mar bhadwa,Hinglish,Nuclear
aai chi gand lawda lawda,Hinglish/Marathi Mix,Nuclear
maa ka bhosada daal dunga lawda,Hinglish,Nuclear
harami pucchi khajvya lawda,Hinglish/Marathi Mix,Nuclear
pucchi khajvya bhadwa lawda,Hinglish/Marathi Mix,Nuclear
lavda choos madarchod phadke,Hinglish,Nuclear
behenchod randi bhadwa lawda,Hinglish,Nuclear
ki aulad madarchod bhosdike phadke,Hinglish,Nuclear
gaandu zavadya madarchod lawda,Hinglish,Nuclear
gand mar phadke chutiya,Hinglish,Nuclear
phad dunga gaandu harami chutiya,Hinglish,Nuclear
mar tuzya aaicha foda bhadwa,Hinglish/Marathi Mix,Nuclear
aai chi gand harami mar,Hinglish/Marathi Mix,Nuclear
lund zavadya madarchod bhosdike,Hinglish,Nuclear
gaandu pucchi khajvya phadke,Hinglish/Marathi Mix,Nuclear
daal dunga gand mar daal dunga,Hinglish,Nuclear
mar teri maa ki chut chutiya,Hinglish,Nuclear
gaandu harami bhadwa harami,Hinglish,Nuclear
behen ki chut lund phad dunga,Hinglish,Nuclear
bhadwa maa ka bhosada lund,Hinglish,Nuclear
ki aulad chut mein lund madarchod,Hinglish,Nuclear
harami chutiya gaandu choos,Hinglish,Nuclear
gaandu chut mein lund harami,Hinglish,Nuclear
behenchod randi lawda mar,Hinglish,Nuclear
choos behenchod randi gaandu,Hinglish,Nuclear
bhosdi wali ki aulad mar,Hinglish,Nuclear
behenchod randi chutiya madarchod,Hinglish,Nuclear
lund ayica dana harami,Hinglish,Nuclear
aai chi gand ki aulad daal dunga,Hinglish/Marathi Mix,Nuclear
zavadya madarchod phad dunga hijda,Hinglish,Nuclear
randi ka lund ki aulad bhosdike,Hinglish,Nuclear
lawda gaand phaad ki aulad,Hinglish,Nuclear
gand mar gaandu daal dunga,Hinglish,Nuclear
daal dunga ayica dana ki aulad,Hinglish,Nuclear
mar aai chi gand lund,Hinglish/Marathi Mix,Nuclear
phad dunga lavda choos gaandu,Hinglish,Nuclear
lawda tuzya aaicha foda bhadwa,Hinglish/Marathi Mix,Nuclear
bhosdi wali hijda ki aulad,Hinglish,Nuclear
chutiya tuzya aaichi pucchi randi,Hinglish/Marathi Mix,Nuclear
ayica dana phad dunga choos,Hinglish,Nuclear
pucchi khajvya phad dunga mar,Hinglish/Marathi Mix,Nuclear
gaandu harami mar phad dunga,Hinglish,Nuclear
tujha aila kutryawani madarchod ki aulad,Hinglish,Nuclear
bhadwa gaandu harami randi,Hinglish,Nuclear
chut mein lund hijda gaandu,Hinglish,Nuclear
behenchod randi gaandu hijda,Hinglish,Nuclear
choos bhosdi wali harami,Hinglish,Nuclear
harami chutiya phadke lawda,Hinglish,Nuclear
phadke maa ka bhosada phad dunga,Hinglish,Nuclear
tuzya aaicha foda chutiya daal dunga,Hinglish/Marathi Mix,Nuclear
harami gaandu harami phad dunga,Hinglish,Nuclear
mar aai chi gand madarchod,Hinglish/Marathi Mix,Nuclear
madarchod bhosdike madarchod ki aulad,Hinglish,Nuclear
bhosdike chut mein lund bhosdike,Hinglish,Nuclear
randi ayica dana daal dunga,Hinglish,Nuclear
madarchod randi ka lund bhadwa,Hinglish,Nuclear
ayica dana phadke ki aulad,Hinglish,Nuclear
gand phatli bhenchod bhadwa lawda,Hinglish/Marathi Mix,Nuclear
madarchod bhosdike gaandu phadke,Hinglish,Nuclear
ki aulad bhosdi wali lawda,Hinglish,Nuclear
daal dunga lavda choos bhosdike,Hinglish,Nuclear
bhadwa gaand phaad gaandu,Hinglish,Nuclear
gaandu harami mar hijda,Hinglish,Nuclear
phad dunga lavde ka baal bhosdike,Hinglish,Nuclear
madarchod bhosdike gaandu bhadwa,Hinglish,Nuclear
madarchod bhosdike chutiya daal dunga,Hinglish,Nuclear
gand phatli bhenchod phadke mar,Hinglish/Marathi Mix,Nuclear
daal dunga gaandu harami ki aulad,Hinglish,Nuclear
zavadya madarchod mar bhosdike,Hinglish,Nuclear
randi kutte ki aulad hijda,Hinglish,Nuclear
phadke aai chi gand gaandu,Hinglish/Marathi Mix,Nuclear
bhadwa gaandu harami lund,Hinglish,Nuclear
ki aulad gand phatli bhenchod lund,Hinglish/Marathi Mix,Nuclear
behenchod randi ki aulad choos,Hinglish,Nuclear
ki aulad gand mar phad dunga,Hinglish,Nuclear
tuzya aaicha foda randi daal dunga,Hinglish/Marathi Mix,Nuclear
behenchod randi gaandu ki aulad,Hinglish,Nuclear
choos zavadya madarchod randi,Hinglish,Nuclear
tujha aila kutryawani daal dunga phad dunga,Hinglish,Nuclear
teri maa ki chut hijda madarchod,Hinglish,Nuclear
gand phatli bhenchod chutiya phadke,Hinglish/Marathi Mix,Nuclear
tuzya aaichi pucchi mar bhadwa,Hinglish/Marathi Mix,Nuclear
chut mein lund bhosdike phadke,Hinglish,Nuclear
gand mar choos gaandu,Hinglish,Nuclear
choos kutte ki aulad phadke,Hinglish,Nuclear
lavde ka baal phad dunga bhadwa,Hinglish,Nuclear
phadke aai chi gand madarchod,Hinglish/Marathi Mix,Nuclear
tujha aila kutryawani ki aulad lund,Hinglish,Nuclear
bhadwa tujha aila kutryawani chutiya,Hinglish,Nuclear
aai chi gand lund lawda,Hinglish/Marathi Mix,Nuclear
ayica dana bhadwa choos,Hinglish,Nuclear
lund harami chutiya mar,Hinglish,Nuclear
hijda teri maa ki chut madarchod,Hinglish,Nuclear
gaand phaad daal dunga lund,Hinglish,Nuclear
tuzya aaicha foda ki aulad harami,Hinglish/Marathi Mix,Nuclear
aai chi gand phadke choos,Hinglish/Marathi Mix,Nuclear
bhosdike ayica dana hijda,Hinglish,Nuclear
bhadwa madarchod bhosdike ki aulad,Hinglish,Nuclear
madarchod bhosdike harami mar,Hinglish,Nuclear
behenchod randi daal dunga gaandu,Hinglish,Nuclear
ki aulad lavda choos daal dunga,Hinglish,Nuclear
gand phatli bhenchod ki aulad phadke,Hinglish/Marathi Mix,Nuclear
bhosdike lavde ka baal bhadwa,Hinglish,Nuclear
randi lavde ka baal randi,Hinglish,Nuclear
mar gaand phaad chutiya,Hinglish,Nuclear
harami chut mein lund lawda,Hinglish,Nuclear
teri maa ki chut gaandu chutiya,Hinglish,Nuclear
daal dunga maa ka bhosada randi,Hinglish,Nuclear
gaandu pucchi khajvya phad dunga,Hinglish/Marathi Mix,Nuclear
daal dunga tujha aila kutryawani harami,Hinglish,Nuclear
phadke randi ka lund chutiya,Hinglish,Nuclear
daal dunga bhosdi wali bhadwa,Hinglish,Nuclear
phad dunga gand phatli bhenchod mar,Hinglish/Marathi Mix,Nuclear
gaand phaad choos bhosdike,Hinglish,Nuclear
tuzya aaicha foda lawda choos,Hinglish/Marathi Mix,Nuclear
gand mar choos lund,Hinglish,Nuclear
behen ki chut hijda lund,Hinglish,Nuclear
kutte ki aulad hijda gaandu,Hinglish,Nuclear
hijda tuzya aaichi pucchi madarchod,Hinglish/Marathi Mix,Nuclear
tuzya aaicha foda choos harami,Hinglish/Marathi Mix,Nuclear
hijda maa ka bhosada bhadwa,Hinglish,Nuclear
randi ka lund randi lund,Hinglish,Nuclear
randi ka lund phad dunga lawda,Hinglish,Nuclear
phad dunga lavda choos phad dunga,Hinglish,Nuclear
kutte ki aulad lund madarchod,Hinglish,Nuclear
harami gaand phaad mar,Hinglish,Nuclear
ki aulad kutte ki aulad gaandu,Hinglish,Nuclear
chutiya tujha aila kutryawani ki aulad,Hinglish,Nuclear
gaandu harami bhadwa mar,Hinglish,Nuclear
gand phatli bhenchod daal dunga phad dunga,Hinglish/Marathi Mix,Nuclear
chut mein lund bhosdike chutiya,Hinglish,Nuclear
madarchod bhosdike mar daal dunga,Hinglish,Nuclear
maa ka bhosada phad dunga phadke,Hinglish,Nuclear
chutiya lavde ka baal phad dunga,Hinglish,Nuclear
phadke tuzya aaichi pucchi randi,Hinglish/Marathi Mix,Nuclear
aai chi gand harami phad dunga,Hinglish/Marathi Mix,Nuclear
kutte ki aulad bhadwa daal dunga,Hinglish,Nuclear
choos maa ka bhosada choos,Hinglish,Nuclear
lavda choos hijda phadke,Hinglish,Nuclear
phadke zavadya madarchod phad dunga,Hinglish,Nuclear
phadke ayica dana bhosdike,Hinglish,Nuclear
phad dunga madarchod bhosdike mar,Hinglish,Nuclear
behenchod randi madarchod lawda,Hinglish,Nuclear
gaandu tuzya aaicha foda bhadwa,Hinglish/Marathi Mix,Nuclear
lund zavadya madarchod gaandu,Hinglish,Nuclear
tuzya aaicha foda choos phad dunga,Hinglish/Marathi Mix,Nuclear
ki aulad gand phatli bhenchod gaandu,Hinglish/Marathi Mix,Nuclear
randi gand phatli bhenchod lawda,Hinglish/Marathi Mix,Nuclear
phad dunga gand mar harami,Hinglish,Nuclear
bhadwa teri maa ki chut randi,Hinglish,Nuclear
choos randi ka lund lawda,Hinglish,Nuclear
lavda choos phadke phadke,Hinglish,Nuclear
daal dunga harami chutiya bhadwa,Hinglish,Nuclear
ki aulad randi ka lund daal dunga,Hinglish,Nuclear
bhosdi wali bhadwa bhosdike,Hinglish,Nuclear
madarchod zavadya madarchod daal dunga,Hinglish,Nuclear
madarchod gand mar chutiya,Hinglish,Nuclear
daal dunga teri maa ki chut phadke,Hinglish,Nuclear
bhadwa teri maa ki chut lawda,Hinglish,Nuclear
behen ki chut lund lund,Hinglish,Nuclear
ki aulad tuzya aaicha foda hijda,Hinglish/Marathi Mix,Nuclear
ayica dana lund gaandu,Hinglish,Nuclear
tuzya aaichi pucchi ki aulad bhadwa,Hinglish/Marathi Mix,Nuclear
maa ka bhosada daal dunga randi,Hinglish,Nuclear
madarchod randi ka lund madarchod,Hinglish,Nuclear
daal dunga tuzya aaicha foda mar,Hinglish/Marathi Mix,Nuclear
phad dunga lavda choos ki aulad,Hinglish,Nuclear
harami chutiya bhosdike mar,Hinglish,Nuclear
phadke randi ka lund hijda,Hinglish,Nuclear
lawda maa ka bhosada randi,Hinglish,Nuclear
randi teri maa ki chut gaandu,Hinglish,Nuclear
harami gaand phaad phad dunga,Hinglish,Nuclear
chut mein lund choos lawda,Hinglish,Nuclear
phadke lavda choos choos,Hinglish,Nuclear
randi ka lund lund lawda,Hinglish,Nuclear
lavda choos bhadwa harami,Hinglish,Nuclear
randi gaand phaad mar,Hinglish,Nuclear
bhosdi wali lund madarchod,Hinglish,Nuclear
mar kutte ki aulad randi,Hinglish,Nuclear
maa ka bhosada harami daal dunga,Hinglish,Nuclear
gand phatli bhenchod gaandu choos,Hinglish/Marathi Mix,Nuclear
ki aulad tuzya aaicha foda phadke,Hinglish/Marathi Mix,Nuclear
lavda choos madarchod randi,Hinglish,Nuclear
maa ka bhosada daal dunga phad dunga,Hinglish,Nuclear
randi ka lund bhosdike phad dunga,Hinglish,Nuclear
gaand phaad hijda randi,Hinglish,Nuclear
hijda gaand phaad daal dunga,Hinglish,Nuclear
gand phatli bhenchod randi phadke,Hinglish/Marathi Mix,Nuclear
harami maa ka bhosada ki aulad,Hinglish,Nuclear
daal dunga chut mein lund gaandu,Hinglish,Nuclear
lawda randi ka lund mar,Hinglish,Nuclear
maa ka bhosada madarchod bhosdike,Hinglish,Nuclear
mar behenchod randi randi,Hinglish,Nuclear
behen ki chut lawda phadke,Hinglish,Nuclear
tuzya aaichi pucchi harami lawda,Hinglish/Marathi Mix,Nuclear
choos bhosdi wali lawda,Hinglish,Nuclear
behen ki chut gaandu bhadwa,Hinglish,Nuclear
bhosdike gaandu harami bhosdike,Hinglish,Nuclear
lavda choos gaandu choos,Hinglish,Nuclear
gand mar hijda randi,Hinglish,Nuclear
lavda choos phadke hijda,Hinglish,Nuclear
daal dunga bhosdi wali phadke,Hinglish,Nuclear
lund tuzya aaicha foda choos,Hinglish/Marathi Mix,Nuclear
lavda choos chutiya chutiya,Hinglish,Nuclear
gaandu harami hijda madarchod,Hinglish,Nuclear
behenchod randi lund choos,Hinglish,Nuclear
ayica dana gaandu phadke,Hinglish,Nuclear
pucchi khajvya phadke randi,Hinglish/Marathi Mix,Nuclear
phad dunga teri maa ki chut madarchod,Hinglish,Nuclear
aai chi gand daal dunga bhosdike,Hinglish/Marathi Mix,Nuclear
chut mein lund bhosdike gaandu,Hinglish,Nuclear
randi ka lund hijda daal dunga,Hinglish,Nuclear
kutte ki aulad daal dunga hijda,Hinglish,Nuclear
gaandu harami randi harami,Hinglish,Nuclear
choos harami chutiya phadke,Hinglish,Nuclear
lavde ka baal harami ki aulad,Hinglish,Nuclear
gaandu harami phadke chutiya,Hinglish,Nuclear
tuzya aaichi pucchi gaandu lund,Hinglish/Marathi Mix,Nuclear
phad dunga kutte ki aulad choos,Hinglish,Nuclear
maa ka bhosada phad dunga ki aulad,Hinglish,Nuclear
lavde ka baal lund madarchod,Hinglish,Nuclear
lavda choos ki aulad hijda,Hinglish,Nuclear
bhadwa lavda choos daal dunga,Hinglish,Nuclear
bhosdi wali phad dunga gaandu,Hinglish,Nuclear
bhosdi wali daal dunga hijda,Hinglish,Nuclear
madarchod zavadya madarchod gaandu,Hinglish,Nuclear
gaand phaad daal dunga choos,Hinglish,Nuclear
bhadwa behen ki chut lawda,Hinglish,Nuclear
chut mein lund lawda choos,Hinglish,Nuclear
daal dunga gaand phaad mar,Hinglish,Nuclear
gaandu harami lund phad dunga,Hinglish,Nuclear
bhadwa lavde ka baal bhosdike,Hinglish,Nuclear
gaandu lavde ka baal ki aulad,Hinglish,Nuclear
gand mar harami phadke,Hinglish,Nuclear
hijda pucchi khajvya lund,Hinglish/Marathi Mix,Nuclear
randi ka lund phadke madarchod,Hinglish,Nuclear
mar randi ka lund harami,Hinglish,Nuclear
hijda randi ka lund ki aulad,Hinglish,Nuclear
harami chutiya harami lund,Hinglish,Nuclear
maa ka bhosada phad dunga lawda,Hinglish,Nuclear
phad dunga madarchod bhosdike chutiya,Hinglish,Nuclear
lund behen ki chut choos,Hinglish,Nuclear
lawda lavda choos lund,Hinglish,Nuclear
maa ka bhosada gaandu hijda,Hinglish,Nuclear
gaandu harami bhadwa daal dunga,Hinglish,Nuclear
bhosdike chut mein lund gaandu,Hinglish,Nuclear
lavde ka baal phadke phad dunga,Hinglish,Nuclear
gaandu tuzya aaichi pucchi phad dunga,Hinglish/Marathi Mix,Nuclear
tuzya aaichi pucchi lawda phadke,Hinglish/Marathi Mix,Nuclear
zavadya madarchod lund hijda,Hinglish,Nuclear
behenchod randi mar bhadwa,Hinglish,Nuclear
chutiya randi ka lund phadke,Hinglish,Nuclear
phadke maa ka bhosada mar,Hinglish,Nuclear
gand phatli bhenchod mar phadke,Hinglish/Marathi Mix,Nuclear
randi chut mein lund bhosdike,Hinglish,Nuclear
behen ki chut phad dunga daal dunga,Hinglish,Nuclear
maa ka bhosada gaandu choos,Hinglish,Nuclear
gaandu harami chutiya choos,Hinglish,Nuclear
chut mein lund gaandu lund,Hinglish,Nuclear
lawda gand phatli bhenchod phadke,Hinglish/Marathi Mix,Nuclear
kutte ki aulad lund phadke,Hinglish,Nuclear
behen ki chut randi randi,Hinglish,Nuclear
lawda lavde ka baal chutiya,Hinglish,Nuclear
maa ka bhosada randi hijda,Hinglish,Nuclear
lavde ka baal bhosdike choos,Hinglish,Nuclear
hijda zavadya madarchod lund,Hinglish,Nuclear
behenchod randi mar madarchod,Hinglish,Nuclear
phad dunga chut mein lund randi,Hinglish,Nuclear
daal dunga zavadya madarchod randi,Hinglish,Nuclear
pucchi khajvya choos hijda,Hinglish/Marathi Mix,Nuclear
bhosdike gaand phaad daal dunga,Hinglish,Nuclear
ki aulad behen ki chut bhadwa,Hinglish,Nuclear
daal dunga behenchod randi harami,Hinglish,Nuclear
choos gaandu harami lawda,Hinglish,Nuclear
maa ka bhosada gaandu bhadwa,Hinglish,Nuclear
kutte ki aulad bhosdike randi,Hinglish,Nuclear
bhosdike tuzya aaichi pucchi phad dunga,Hinglish/Marathi Mix,Nuclear
aai chi gand randi chutiya,Hinglish/Marathi Mix,Nuclear
choos chut mein lund harami,Hinglish,Nuclear
teri maa ki chut madarchod phadke,Hinglish,Nuclear
madarchod bhosdike hijda lawda,Hinglish,Nuclear
gaandu harami lawda harami,Hinglish,Nuclear
ki aulad bhosdi wali bhosdike,Hinglish,Nuclear
chutiya tujha aila kutryawani lund,Hinglish,Nuclear
gaand phaad lawda bhadwa,Hinglish,Nuclear
chut mein lund madarchod lund,Hinglish,Nuclear
behen ki chut madarchod choos,Hinglish,Nuclear
gand phatli bhenchod bhadwa daal dunga,Hinglish/Marathi Mix,Nuclear
phadke chut mein lund gaandu,Hinglish,Nuclear
aai chi gand choos daal dunga,Hinglish/Marathi Mix,Nuclear
harami zavadya madarchod madarchod,Hinglish,Nuclear
lawda bhosdi wali daal dunga,Hinglish,Nuclear
aai chi gand harami lund,Hinglish/Marathi Mix,Nuclear
choos madarchod bhosdike gaandu,Hinglish,Nuclear
gand phatli bhenchod bhadwa lund,Hinglish/Marathi Mix,Nuclear
bhadwa gaandu harami mar,Hinglish,Nuclear
gaandu maa ka bhosada randi,Hinglish,Nuclear
bhosdike gand phatli bhenchod phad dunga,Hinglish/Marathi Mix,Nuclear
tujha aila kutryawani phadke chutiya,Hinglish,Nuclear
madarchod kutte ki aulad bhadwa,Hinglish,Nuclear
randi pucchi khajvya mar,Hinglish/Marathi Mix,Nuclear
gaandu harami daal dunga phad dunga,Hinglish,Nuclear
gaand phaad randi bhadwa,Hinglish,Nuclear
chutiya tujha aila kutryawani hijda,Hinglish,Nuclear
chutiya harami chutiya bhosdike,Hinglish,Nuclear
lawda behenchod randi ki aulad,Hinglish,Nuclear
gaandu harami choos ki aulad,Hinglish,Nuclear
harami chutiya harami madarchod,Hinglish,Nuclear
madarchod aai chi gand gaandu,Hinglish/Marathi Mix,Nuclear
phad dunga maa ka bhosada lawda,Hinglish,Nuclear
chut mein lund lawda harami,Hinglish,Nuclear
bhosdike gaand phaad gaandu,Hinglish,Nuclear
maa ka bhosada ki aulad daal dunga,Hinglish,Nuclear
gaandu ayica dana bhosdike,Hinglish,Nuclear
gaandu harami harami bhosdike,Hinglish,Nuclear
pucchi khajvya hijda harami,Hinglish/Marathi Mix,Nuclear
madarchod bhosdike lund gaandu,Hinglish,Nuclear
tuzya aaicha foda chutiya ki aulad,Hinglish/Marathi Mix,Nuclear
gaandu maa ka bhosada choos,Hinglish,Nuclear
harami chutiya daal dunga daal dunga,Hinglish,Nuclear
madarchod bhosdike bhadwa harami,Hinglish,Nuclear
mar maa ka bhosada phad dunga,Hinglish,Nuclear
phad dunga ayica dana gaandu,Hinglish,Nuclear
bhosdi wali phadke randi,Hinglish,Nuclear
gand mar harami choos,Hinglish,Nuclear
tuzya aaicha foda bhadwa choos,Hinglish/Marathi Mix,Nuclear
teri maa ki chut mar phad dunga,Hinglish,Nuclear
madarchod bhosdike bhosdike ki aulad,Hinglish,Nuclear
bhosdike gand mar bhosdike,Hinglish,Nuclear
harami chutiya ki aulad ki aulad,Hinglish,Nuclear
lund aai chi gand bhadwa,Hinglish/Marathi Mix,Nuclear
gaandu harami mar choos,Hinglish,Nuclear
lawda teri maa ki chut lawda,Hinglish,Nuclear
gand phatli bhenchod lawda hijda,Hinglish/Marathi Mix,Nuclear
madarchod bhosdike bhadwa chutiya,Hinglish,Nuclear
mar gaandu harami ki aulad,Hinglish,Nuclear
choos behen ki chut chutiya,Hinglish,Nuclear
lawda behenchod randi lund,Hinglish,Nuclear
madarchod bhosdike bhosdike hijda,Hinglish,Nuclear
randi lavda choos choos,Hinglish,Nuclear
harami chutiya madarchod phad dunga,Hinglish,Nuclear
bhadwa bhosdi wali gaandu,Hinglish,Nuclear
madarchod madarchod bhosdike hijda,Hinglish,Nuclear
maa ka bhosada choos harami,Hinglish,Nuclear
lund chut mein lund lawda,Hinglish,Nuclear
tujha aila kutryawani ki aulad phadke,Hinglish,Nuclear
behenchod randi daal dunga hijda,Hinglish,Nuclear
chutiya zavadya madarchod phadke,Hinglish,Nuclear
bhosdike maa ka bhosada harami,Hinglish,Nuclear
gaandu teri maa ki chut harami,Hinglish,Nuclear
lund tuzya aaichi pucchi phadke,Hinglish/Marathi Mix,Nuclear
tujha aila kutryawani mar phad dunga,Hinglish,Nuclear
ki aulad pucchi khajvya ki aulad,Hinglish/Marathi Mix,Nuclear
gand mar lund choos,Hinglish,Nuclear
maa ka bhosada hijda phadke,Hinglish,Nuclear
lavda choos daal dunga harami,Hinglish,Nuclear
hijda teri maa ki chut chutiya,Hinglish,Nuclear
pucchi khajvya gaandu lawda,Hinglish/Marathi Mix,Nuclear
tujha aila kutryawani lawda hijda,Hinglish,Nuclear
hijda gand mar choos,Hinglish,Nuclear
tuzya aaicha foda lawda harami,Hinglish/Marathi Mix,Nuclear
teri maa ki chut mar randi,Hinglish,Nuclear
pucchi khajvya harami randi,Hinglish/Marathi Mix,Nuclear
bhosdike teri maa ki chut hijda,Hinglish,Nuclear
gaandu chut mein lund madarchod,Hinglish,Nuclear
choos maa ka bhosada bhosdike,Hinglish,Nuclear
tujha aila kutryawani lawda madarchod,Hinglish,Nuclear
lavda choos madarchod phad dunga,Hinglish,Nuclear
harami gand mar gaandu,Hinglish,Nuclear
lund madarchod bhosdike daal dunga,Hinglish,Nuclear
phad dunga bhosdi wali choos,Hinglish,Nuclear
harami chutiya madarchod chutiya,Hinglish,Nuclear
chutiya aai chi gand phad dunga,Hinglish/Marathi Mix,Nuclear
pucchi khajvya bhosdike mar,Hinglish/Marathi Mix,Nuclear
bhosdi wali daal dunga lawda,Hinglish,Nuclear
daal dunga harami chutiya chutiya,Hinglish,Nuclear
chut mein lund choos madarchod,Hinglish,Nuclear
phad dunga gand phatli bhenchod ki aulad,Hinglish/Marathi Mix,Nuclear
tuzya aaichi pucchi harami ki aulad,Hinglish/Marathi Mix,Nuclear
gaand phaad mar mar,Hinglish,Nuclear
lawda lavde ka baal ki aulad,Hinglish,Nuclear
gaand phaad bhosdike choos,Hinglish,Nuclear
gaandu zavadya madarchod mar,Hinglish,Nuclear
chutiya lavda choos phad dunga,Hinglish,Nuclear
randi ka lund choos hijda,Hinglish,Nuclear
teri maa ki chut lawda bhadwa,Hinglish,Nuclear
mar madarchod bhosdike mar,Hinglish,Nuclear
mar madarchod bhosdike bhosdike,Hinglish,Nuclear
harami pucchi khajvya hijda,Hinglish/Marathi Mix,Nuclear
gaand phaad mar choos,Hinglish,Nuclear
daal dunga maa ka bhosada phad dunga,Hinglish,Nuclear
lavda choos phadke lund,Hinglish,Nuclear
zavadya madarchod mar chutiya,Hinglish,Nuclear
kutte ki aulad daal dunga randi,Hinglish,Nuclear
randi ka lund choos harami,Hinglish,Nuclear
ki aulad madarchod bhosdike choos,Hinglish,Nuclear
pucchi khajvya daal dunga phad dunga,Hinglish/Marathi Mix,Nuclear
lund kutte ki aulad phad dunga,Hinglish,Nuclear
ayica dana ki aulad daal dunga,Hinglish,Nuclear
lavde ka baal chutiya phad dunga,Hinglish,Nuclear
lavda choos choos gaandu,Hinglish,Nuclear
choos madarchod bhosdike chutiya,Hinglish,Nuclear
tuzya aaicha foda phad dunga choos,Hinglish/Marathi Mix,Nuclear
tujha aila kutryawani randi hijda,Hinglish,Nuclear
bhosdike lavda choos hijda,Hinglish,Nuclear
tujha aila kutryawani bhosdike daal dunga,Hinglish,Nuclear
gaandu aai chi gand chutiya,Hinglish/Marathi Mix,Nuclear
gand phatli bhenchod bhadwa harami,Hinglish/Marathi Mix,Nuclear
daal dunga bhosdi wali bhosdike,Hinglish,Nuclear
bhosdi wali bhadwa ki aulad,Hinglish,Nuclear
randi tuzya aaicha foda gaandu,Hinglish/Marathi Mix,Nuclear
gand mar hijda phad dunga,Hinglish,Nuclear
bhosdike zavadya madarchod phadke,Hinglish,Nuclear
tuzya aaicha foda mar bhosdike,Hinglish/Marathi Mix,Nuclear
gaand phaad lawda madarchod,Hinglish,Nuclear
gaandu harami hijda chutiya,Hinglish,Nuclear
phad dunga ayica dana ki aulad,Hinglish,Nuclear
aai chi gand harami daal dunga,Hinglish/Marathi Mix,Nuclear
chut mein lund lawda bhosdike,Hinglish,Nuclear
daal dunga ayica dana choos,Hinglish,Nuclear
gaandu harami choos phad dunga,Hinglish,Nuclear
gand mar bhadwa madarchod,Hinglish,Nuclear
kutte ki aulad harami phad dunga,Hinglish,Nuclear
lund tuzya aaicha foda ki aulad,Hinglish/Marathi Mix,Nuclear
harami aai chi gand bhosdike,Hinglish/Marathi Mix,Nuclear
bhosdike tuzya aaichi pucchi hijda,Hinglish/Marathi Mix,Nuclear
maa ka bhosada bhadwa madarchod,Hinglish,Nuclear
chutiya aai chi gand gaandu,Hinglish/Marathi Mix,Nuclear
tuzya aaichi pucchi phadke phad dunga,Hinglish/Marathi Mix,Nuclear
gand phatli bhenchod lawda gaandu,Hinglish/Marathi Mix,Nuclear
madarchod bhosdike daal dunga hijda,Hinglish,Nuclear
maa ka bhosada phadke bhosdike,Hinglish,Nuclear
bhosdike chut mein lund daal dunga,Hinglish,Nuclear
daal dunga aai chi gand chutiya,Hinglish/Marathi Mix,Nuclear
randi tuzya aaicha foda bhosdike,Hinglish/Marathi Mix,Nuclear
mar lavde ka baal lawda,Hinglish,Nuclear
randi ka lund mar ki aulad,Hinglish,Nuclear
zavadya madarchod bhadwa phad dunga,Hinglish,Nuclear
phad dunga gand phatli bhenchod bhosdike,Hinglish/Marathi Mix,Nuclear
mar chut mein lund bhosdike,Hinglish,Nuclear
chutiya tuzya aaichi pucchi phadke,Hinglish/Marathi Mix,Nuclear
choos gaand phaad chutiya,Hinglish,Nuclear
choos tuzya aaichi pucchi phadke,Hinglish/Marathi Mix,Nuclear
bhadwa bhosdi wali harami,Hinglish,Nuclear
choos lavda choos bhadwa,Hinglish,Nuclear
randi ayica dana lawda,Hinglish,Nuclear
chutiya harami chutiya choos,Hinglish,Nuclear
hijda bhosdi wali madarchod,Hinglish,Nuclear
bhosdike zavadya madarchod gaandu,Hinglish,Nuclear
gaand phaad gaandu daal dunga,Hinglish,Nuclear
tuzya aaichi pucchi ki aulad phadke,Hinglish/Marathi Mix,Nuclear
phadke gand mar hijda,Hinglish,Nuclear
lavde ka baal lawda madarchod,Hinglish,Nuclear
tuzya aaichi pucchi ki aulad phad dunga,Hinglish/Marathi Mix,Nuclear
harami madarchod bhosdike lawda,Hinglish,Nuclear
madarchod tujha aila kutryawani chutiya,Hinglish,Nuclear
hijda gand mar daal dunga,Hinglish,Nuclear
gand mar chutiya choos,Hinglish,Nuclear
phad dunga randi ka lund hijda,Hinglish,Nuclear
phadke gand mar mar,Hinglish,Nuclear
bhadwa harami chutiya choos,Hinglish,Nuclear
kutte ki aulad harami hijda,Hinglish,Nuclear
ayica dana mar phadke,Hinglish,Nuclear
phadke lavde ka baal randi,Hinglish,Nuclear
mar pucchi khajvya lund,Hinglish/Marathi Mix,Nuclear
harami chutiya chutiya lawda,Hinglish,Nuclear
chut mein lund choos phad dunga,Hinglish,Nuclear
kutte ki aulad chutiya madarchod,Hinglish,Nuclear
mar randi ka lund choos,Hinglish,Nuclear
tuzya aaicha foda choos hijda,Hinglish/Marathi Mix,Nuclear
hijda gand phatli bhenchod bhadwa,Hinglish/Marathi Mix,Nuclear
ayica dana ki aulad gaandu,Hinglish,Nuclear
kutte ki aulad mar bhosdike,Hinglish,Nuclear
ki aulad lavda choos mar,Hinglish,Nuclear
harami madarchod bhosdike chutiya,Hinglish,Nuclear
aai chi gand hijda randi,Hinglish/Marathi Mix,Nuclear
tuzya aaichi pucchi chutiya daal dunga,Hinglish/Marathi Mix,Nuclear
hijda behen ki chut madarchod,Hinglish,Nuclear
daal dunga ayica dana phad dunga,Hinglish,Nuclear
chut mein lund randi gaandu,Hinglish,Nuclear
madarchod teri maa ki chut mar,Hinglish,Nuclear
choos bhosdi wali ki aulad,Hinglish,Nuclear
hijda chut mein lund madarchod,Hinglish,Nuclear
mar gand mar lawda,Hinglish,Nuclear
randi lavda choos chutiya,Hinglish,Nuclear
bhosdike harami chutiya randi,Hinglish,Nuclear
phad dunga tujha aila kutryawani harami,Hinglish,Nuclear
randi ka lund chutiya bhosdike,Hinglish,Nuclear
behen ki chut bhosdike hijda,Hinglish,Nuclear
randi ka lund randi bhosdike,Hinglish,Nuclear
chutiya bhosdi wali bhosdike,Hinglish,Nuclear
bhosdike gaandu harami lawda,Hinglish,Nuclear
lavda choos daal dunga bhosdike,Hinglish,Nuclear
zavadya madarchod daal dunga madarchod,Hinglish,Nuclear
gand mar choos chutiya,Hinglish,Nuclear
aai chi gand phad dunga bhosdike,Hinglish/Marathi Mix,Nuclear
madarchod pucchi khajvya lawda,Hinglish/Marathi Mix,Nuclear
choos teri maa ki chut gaandu,Hinglish,Nuclear
lavda choos phad dunga randi,Hinglish,Nuclear
phad dunga aai chi gand bhosdike,Hinglish/Marathi Mix,Nuclear
tuzya aaichi pucchi ki aulad ki aulad,Hinglish/Marathi Mix,Nuclear
randi lavde ka baal ki aulad,Hinglish,Nuclear
aai chi gand harami gaandu,Hinglish/Marathi Mix,Nuclear
gaandu behenchod randi choos,Hinglish,Nuclear
randi gand mar randi,Hinglish,Nuclear
randi teri maa ki chut harami,Hinglish,Nuclear
choos gaand phaad randi,Hinglish,Nuclear
hijda randi ka lund harami,Hinglish,Nuclear
gaandu madarchod bhosdike lund,Hinglish,Nuclear
gand phatli bhenchod bhosdike bhadwa,Hinglish/Marathi Mix,Nuclear
pucchi khajvya randi madarchod,Hinglish/Marathi Mix,Nuclear
harami chutiya phadke daal dunga,Hinglish,Nuclear
maa ka bhosada chutiya choos,Hinglish,Nuclear
behen ki chut phad dunga mar,Hinglish,Nuclear
randi madarchod bhosdike phad dunga,Hinglish,Nuclear
gaand phaad gaandu phad dunga,Hinglish,Nuclear
chutiya aai chi gand randi,Hinglish/Marathi Mix,Nuclear
chutiya pucchi khajvya choos,Hinglish/Marathi Mix,Nuclear
madarchod madarchod bhosdike madarchod,Hinglish,Nuclear
tuzya aaicha foda randi bhosdike,Hinglish/Marathi Mix,Nuclear
mar randi ka lund bhadwa,Hinglish,Nuclear
bhadwa maa ka bhosada chutiya,Hinglish,Nuclear
harami maa ka bhosada lawda,Hinglish,Nuclear
madarchod bhosdike madarchod bhadwa,Hinglish,Nuclear
kutte ki aulad mar gaandu,Hinglish,Nuclear
madarchod bhosdike harami madarchod,Hinglish,Nuclear
harami chutiya choos randi,Hinglish,Nuclear
teri maa ki chut harami phad dunga,Hinglish,Nuclear
bhosdike chut mein lund lawda,Hinglish,Nuclear
hijda tuzya aaicha foda choos,Hinglish/Marathi Mix,Nuclear
phad dunga gand mar phad dunga,Hinglish,Nuclear
aai chi gand chutiya phadke,Hinglish/Marathi Mix,Nuclear
tuzya aaichi pucchi phad dunga harami,Hinglish/Marathi Mix,Nuclear
madarchod teri maa ki chut choos,Hinglish,Nuclear
randi ka lund mar harami,Hinglish,Nuclear
madarchod lavda choos hijda,Hinglish,Nuclear
tujha aila kutryawani lawda lawda,Hinglish,Nuclear
tuzya aaichi pucchi choos gaandu,Hinglish/Marathi Mix,Nuclear
tuzya aaichi pucchi randi lawda,Hinglish/Marathi Mix,Nuclear
randi ka lund bhadwa phadke,Hinglish,Nuclear
gand phatli bhenchod gaandu phadke,Hinglish/Marathi Mix,Nuclear
harami tuzya aaicha foda daal dunga,Hinglish/Marathi Mix,Nuclear
chutiya pucchi khajvya harami,Hinglish/Marathi Mix,Nuclear
ki aulad gaandu harami daal dunga,Hinglish,Nuclear
teri maa ki chut choos madarchod,Hinglish,Nuclear
lawda teri maa ki chut daal dunga,Hinglish,Nuclear
gaandu chut mein lund mar,Hinglish,Nuclear
gaandu behen ki chut madarchod,Hinglish,Nuclear
chut mein lund lund madarchod,Hinglish,Nuclear
maa ka bhosada bhosdike bhadwa,Hinglish,Nuclear
choos tuzya aaichi pucchi lund,Hinglish/Marathi Mix,Nuclear
daal dunga lavde ka baal lawda,Hinglish,Nuclear
hijda lavde ka baal mar,Hinglish,Nuclear
gaandu pucchi khajvya mar,Hinglish/Marathi Mix,Nuclear
phadke madarchod bhosdike randi,Hinglish,Nuclear
phad dunga gaand phaad phadke,Hinglish,Nuclear
chutiya lavde ka baal bhadwa,Hinglish,Nuclear
randi aai chi gand gaandu,Hinglish/Marathi Mix,Nuclear
gaandu harami lund mar,Hinglish,Nuclear
lavde ka baal phad dunga madarchod,Hinglish,Nuclear
mar behenchod randi choos,Hinglish,Nuclear
lund behenchod randi daal dunga,Hinglish,Nuclear
gand phatli bhenchod ki aulad phad dunga,Hinglish/Marathi Mix,Nuclear
madarchod aai chi gand choos,Hinglish/Marathi Mix,Nuclear
ayica dana bhadwa chutiya,Hinglish,Nuclear
randi behenchod randi phadke,Hinglish,Nuclear
bhosdi wali lund harami,Hinglish,Nuclear
kutte ki aulad randi daal dunga,Hinglish,Nuclear
daal dunga gaandu harami phad dunga,Hinglish,Nuclear
hijda gand phatli bhenchod daal dunga,Hinglish/Marathi Mix,Nuclear
ki aulad teri maa ki chut ki aulad,Hinglish,Nuclear
daal dunga bhosdi wali choos,Hinglish,Nuclear
madarchod bhosdike bhadwa hijda,Hinglish,Nuclear
gaand phaad mar chutiya,Hinglish,Nuclear
gaand phaad gaandu bhosdike,Hinglish,Nuclear
lavda choos gaandu madarchod,Hinglish,Nuclear
madarchod gand phatli bhenchod randi,Hinglish/Marathi Mix,Nuclear
gand phatli bhenchod mar lawda,Hinglish/Marathi Mix,Nuclear
tuzya aaicha foda randi choos,Hinglish/Marathi Mix,Nuclear
randi ka lund harami bhosdike,Hinglish,Nuclear
daal dunga lavde ka baal bhosdike,Hinglish,Nuclear
choos tuzya aaicha foda daal dunga,Hinglish/Marathi Mix,Nuclear
harami behenchod randi bhadwa,Hinglish,Nuclear
tuzya aaichi pucchi chutiya choos,Hinglish/Marathi Mix,Nuclear
behen ki chut daal dunga hijda,Hinglish,Nuclear
bhadwa gand phatli bhenchod lawda,Hinglish/Marathi Mix,Nuclear
maa ka bhosada phad dunga gaandu,Hinglish,Nuclear
chutiya teri maa ki chut harami,Hinglish,Nuclear
bhosdi wali harami mar,Hinglish,Nuclear
phad dunga zavadya madarchod phadke,Hinglish,Nuclear
ki aulad tuzya aaicha foda gaandu,Hinglish/Marathi Mix,Nuclear
daal dunga tujha aila kutryawani lawda,Hinglish,Nuclear
lund tujha aila kutryawani phad dunga,Hinglish,Nuclear
lavde ka baal bhosdike mar,Hinglish,Nuclear
randi madarchod bhosdike gaandu,Hinglish,Nuclear
lawda lavda choos choos,Hinglish,Nuclear
lund pucchi khajvya phadke,Hinglish/Marathi Mix,Nuclear
gaandu harami randi phad dunga,Hinglish,Nuclear
mar madarchod bhosdike chutiya,Hinglish,Nuclear
gand phatli bhenchod gaandu phad dunga,Hinglish/Marathi Mix,Nuclear
ayica dana mar choos,Hinglish,Nuclear
gaand phaad phad dunga daal dunga,Hinglish,Nuclear
choos gand phatli bhenchod randi,Hinglish/Marathi Mix,Nuclear
ayica dana choos chutiya,Hinglish,Nuclear
teri maa ki chut chutiya bhadwa,Hinglish,Nuclear
behen ki chut madarchod hijda,Hinglish,Nuclear
madarchod bhosdike gaandu chutiya,Hinglish,Nuclear
gaandu pucchi khajvya gaandu,Hinglish/Marathi Mix,Nuclear
choos madarchod bhosdike choos,Hinglish,Nuclear
madarchod pucchi khajvya madarchod,Hinglish/Marathi Mix,Nuclear
randi behenchod randi phad dunga,Hinglish,Nuclear
bhosdi wali bhosdike madarchod,Hinglish,Nuclear
kutte ki aulad randi choos,Hinglish,Nuclear
phadke kutte ki aulad bhosdike,Hinglish,Nuclear
behen ki chut randi harami,Hinglish,Nuclear
daal dunga gand phatli bhenchod hijda,Hinglish/Marathi Mix,Nuclear
ayica dana gaandu hijda,Hinglish,Nuclear
pucchi khajvya lund phad dunga,Hinglish/Marathi Mix,Nuclear
pucchi khajvya phad dunga choos,Hinglish/Marathi Mix,Nuclear
gaand phaad hijda lund,Hinglish,Nuclear
randi behen ki chut chutiya,Hinglish,Nuclear
zavadya madarchod phad dunga gaandu,Hinglish,Nuclear
maa ka bhosada daal dunga gaandu,Hinglish,Nuclear
mar harami chutiya mar,Hinglish,Nuclear
maa ka bhosada phad dunga madarchod,Hinglish,Nuclear
daal dunga gaand phaad choos,Hinglish,Nuclear
randi ka lund madarchod gaandu,Hinglish,Nuclear
tuzya aaicha foda bhadwa hijda,Hinglish/Marathi Mix,Nuclear
randi gand mar madarchod,Hinglish,Nuclear
hijda chut mein lund choos,Hinglish,Nuclear
harami lavda choos bhosdike,Hinglish,Nuclear
daal dunga lavde ka baal daal dunga,Hinglish,Nuclear
harami behen ki chut bhosdike,Hinglish,Nuclear
hijda behenchod randi mar,Hinglish,Nuclear
randi tujha aila kutryawani hijda,Hinglish,Nuclear
maa ka bhosada lawda choos,Hinglish,Nuclear
gand mar randi daal dunga,Hinglish,Nuclear
mar behen ki chut mar,Hinglish,Nuclear
lavda choos lawda lawda,Hinglish,Nuclear
bhosdike behen ki chut gaandu,Hinglish,Nuclear
bhosdike bhosdi wali chutiya,Hinglish,Nuclear
chutiya zavadya madarchod choos,Hinglish,Nuclear
maa ka bhosada hijda ki aulad,Hinglish,Nuclear
lavde ka baal lawda randi,Hinglish,Nuclear
lund kutte ki aulad harami,Hinglish,Nuclear
zavadya madarchod randi gaandu,Hinglish,Nuclear
gand mar bhadwa hijda,Hinglish,Nuclear
gand mar lawda phadke,Hinglish,Nuclear
harami tujha aila kutryawani hijda,Hinglish,Nuclear
gaandu randi ka lund mar,Hinglish,Nuclear
zavadya madarchod phadke bhosdike,Hinglish,Nuclear
zavadya madarchod phad dunga ki aulad,Hinglish,Nuclear
lawda harami chutiya choos,Hinglish,Nuclear
hijda teri maa ki chut bhadwa,Hinglish,Nuclear
phadke behenchod randi bhadwa,Hinglish,Nuclear
lawda behen ki chut bhosdike,Hinglish,Nuclear
harami pucchi khajvya madarchod,Hinglish/Marathi Mix,Nuclear
ki aulad tuzya aaichi pucchi daal dunga,Hinglish/Marathi Mix,Nuclear
randi bhosdi wali bhosdike,Hinglish,Nuclear
maa ka bhosada mar lawda,Hinglish,Nuclear
behen ki chut bhosdike ki aulad,Hinglish,Nuclear
daal dunga behenchod randi chutiya,Hinglish,Nuclear
lund randi ka lund gaandu,Hinglish,Nuclear
gaandu harami phadke madarchod,Hinglish,Nuclear
mar lavde ka baal phad dunga,Hinglish,Nuclear
harami chutiya madarchod harami,Hinglish,Nuclear
gaandu pucchi khajvya lawda,Hinglish/Marathi Mix,Nuclear
aai chi gand phadke hijda,Hinglish/Marathi Mix,Nuclear
bhosdike lavda choos randi,Hinglish,Nuclear
choos behen ki chut hijda,Hinglish,Nuclear
phad dunga teri maa ki chut lund,Hinglish,Nuclear
gand mar phadke phad dunga,Hinglish,Nuclear
tuzya aaichi pucchi lund hijda,Hinglish/Marathi Mix,Nuclear
chut mein lund bhosdike bhadwa,Hinglish,Nuclear
tuzya aaichi pucchi ki aulad harami,Hinglish/Marathi Mix,Nuclear
randi ka lund daal dunga lund,Hinglish,Nuclear
lawda aai chi gand daal dunga,Hinglish/Marathi Mix,Nuclear
randi ka lund daal dunga madarchod,Hinglish,Nuclear
pucchi khajvya chutiya harami,Hinglish/Marathi Mix,Nuclear
behen ki chut ki aulad phadke,Hinglish,Nuclear
lund tujha aila kutryawani gaandu,Hinglish,Nuclear
bhosdike kutte ki aulad ki aulad,Hinglish,Nuclear
ki aulad gand mar harami,Hinglish,Nuclear
randi ka lund lund madarchod,Hinglish,Nuclear
teri maa ki chut choos ki aulad,Hinglish,Nuclear
harami zavadya madarchod choos,Hinglish,Nuclear
mar behen ki chut lawda,Hinglish,Nuclear
behenchod randi harami chutiya,Hinglish,Nuclear
madarchod lavde ka baal madarchod,Hinglish,Nuclear
harami chutiya daal dunga choos,Hinglish,Nuclear
randi ka lund gaandu randi,Hinglish,Nuclear
phad dunga harami chutiya gaandu,Hinglish,Nuclear
behenchod randi daal dunga phad dunga,Hinglish,Nuclear
bhadwa gaandu harami hijda,Hinglish,Nuclear
tuzya aaicha foda hijda choos,Hinglish/Marathi Mix,Nuclear
daal dunga gand phatli bhenchod randi,Hinglish/Marathi Mix,Nuclear
bhosdike pucchi khajvya bhosdike,Hinglish/Marathi Mix,Nuclear
lavde ka baal bhadwa madarchod,Hinglish,Nuclear
daal dunga lavde ka baal madarchod,Hinglish,Nuclear
hijda aai chi gand ki aulad,Hinglish/Marathi Mix,Nuclear
behen ki chut bhosdike bhadwa,Hinglish,Nuclear
lavda choos lund phad dunga,Hinglish,Nuclear
gaandu harami lawda chutiya,Hinglish,Nuclear
bhosdi wali hijda bhosdike,Hinglish,Nuclear
madarchod harami chutiya harami,Hinglish,Nuclear
phadke gand mar daal dunga,Hinglish,Nuclear
madarchod tujha aila kutryawani hijda,Hinglish,Nuclear
hijda harami chutiya lawda,Hinglish,Nuclear
chutiya behen ki chut gaandu,Hinglish,Nuclear
harami behenchod randi harami,Hinglish,Nuclear
choos chut mein lund hijda,Hinglish,Nuclear
gaandu lavde ka baal phad dunga,Hinglish,Nuclear
gaandu randi ka lund bhosdike,Hinglish,Nuclear
phad dunga aai chi gand lund,Hinglish/Marathi Mix,Nuclear
tuzya aaichi pucchi madarchod choos,Hinglish/Marathi Mix,Nuclear
tuzya aaicha foda bhosdike hijda,Hinglish/Marathi Mix,Nuclear
lund tuzya aaicha foda bhadwa,Hinglish/Marathi Mix,Nuclear
tujha aila kutryawani lund chutiya,Hinglish,Nuclear
mar gaand phaad bhadwa,Hinglish,Nuclear
harami chutiya ki aulad daal dunga,Hinglish,Nuclear
randi ka lund phadke ki aulad,Hinglish,Nuclear
tujha aila kutryawani randi choos,Hinglish,Nuclear
hijda gaand phaad harami,Hinglish,Nuclear
daal dunga tuzya aaichi pucchi phad dunga,Hinglish/Marathi Mix,Nuclear
tujha aila kutryawani phad dunga harami,Hinglish,Nuclear
maa ka bhosada lund bhadwa,Hinglish,Nuclear
mar zavadya madarchod bhadwa,Hinglish,Nuclear
tuzya aaichi pucchi hijda daal dunga,Hinglish/Marathi Mix,Nuclear
maa ka bhosada hijda choos,Hinglish,Nuclear
gand mar hijda lawda,Hinglish,Nuclear
chut mein lund gaandu randi,Hinglish,Nuclear
gaandu bhosdi wali hijda,Hinglish,Nuclear
madarchod bhosdike daal dunga madarchod,Hinglish,Nuclear
chut mein lund phad dunga madarchod,Hinglish,Nuclear
madarchod bhosdike chutiya bhosdike,Hinglish,Nuclear
behen ki chut phad dunga bhosdike,Hinglish,Nuclear
harami behen ki chut ki aulad,Hinglish,Nuclear
pucchi khajvya phad dunga daal dunga,Hinglish/Marathi Mix,Nuclear
behenchod randi chutiya phadke,Hinglish,Nuclear
harami chutiya ki aulad mar,Hinglish,Nuclear
gand mar bhosdike randi,Hinglish,Nuclear
choos maa ka bhosada ki aulad,Hinglish,Nuclear
mar kutte ki aulad phad dunga,Hinglish,Nuclear
aai chi gand gaandu lawda,Hinglish/Marathi Mix,Nuclear
aai chi gand ki aulad bhosdike,Hinglish/Marathi Mix,Nuclear
gand mar madarchod lund,Hinglish,Nuclear
phadke behenchod randi gaandu,Hinglish,Nuclear
gaandu harami lund hijda,Hinglish,Nuclear
lund gand mar lund,Hinglish,Nuclear
lavda choos ki aulad randi,Hinglish,Nuclear
zavadya madarchod daal dunga phadke,Hinglish,Nuclear
lawda pucchi khajvya bhosdike,Hinglish/Marathi Mix,Nuclear
daal dunga behen ki chut lawda,Hinglish,Nuclear
lavde ka baal bhadwa mar,Hinglish,Nuclear
behenchod randi phadke bhadwa,Hinglish,Nuclear
bhosdi wali chutiya lund,Hinglish,Nuclear
harami chutiya choos lawda,Hinglish,Nuclear
bhosdi wali mar phadke,Hinglish,Nuclear
madarchod bhosdike bhadwa madarchod,Hinglish,Nuclear
harami tujha aila kutryawani mar,Hinglish,Nuclear
bhadwa ayica dana daal dunga,Hinglish,Nuclear
lavda choos bhadwa bhosdike,Hinglish,Nuclear
aai chi gand madarchod harami,Hinglish/Marathi Mix,Nuclear
gaandu kutte ki aulad choos,Hinglish,Nuclear
randi chut mein lund phadke,Hinglish,Nuclear
tuzya aaichi pucchi lawda hijda,Hinglish/Marathi Mix,Nuclear
behenchod randi bhadwa ki aulad,Hinglish,Nuclear
phad dunga zavadya madarchod hijda,Hinglish,Nuclear
zavadya madarchod bhadwa daal dunga,Hinglish,Nuclear
tuzya aaicha foda bhadwa mar,Hinglish/Marathi Mix,Nuclear
choos lavde ka baal phad dunga,Hinglish,Nuclear
chut mein lund bhosdike harami,Hinglish,Nuclear
lawda tuzya aaicha foda mar,Hinglish/Marathi Mix,Nuclear
lavda choos daal dunga madarchod,Hinglish,Nuclear
mar randi ka lund hijda,Hinglish,Nuclear
daal dunga lavde ka baal mar,Hinglish,Nuclear
phadke gand phatli bhenchod daal dunga,Hinglish/Marathi Mix,Nuclear
gaandu harami gaandu madarchod,Hinglish,Nuclear
tujha aila kutryawani bhadwa chutiya,Hinglish,Nuclear
gaandu zavadya madarchod bhosdike,Hinglish,Nuclear
bhosdike randi ka lund madarchod,Hinglish,Nuclear
phad dunga aai chi gand choos,Hinglish/Marathi Mix,Nuclear
behen ki chut chutiya chutiya,Hinglish,Nuclear
teri maa ki chut hijda ki aulad,Hinglish,Nuclear
madarchod zavadya madarchod phad dunga,Hinglish,Nuclear
bhosdi wali ki aulad bhosdike,Hinglish,Nuclear
gaandu harami ki aulad bhadwa,Hinglish,Nuclear
aai chi gand bhadwa phad dunga,Hinglish/Marathi Mix,Nuclear
tujha aila kutryawani daal dunga lawda,Hinglish,Nuclear
phad dunga tujha aila kutryawani lawda,Hinglish,Nuclear
lavda choos lund choos,Hinglish,Nuclear
gaand phaad bhadwa daal dunga,Hinglish,Nuclear
bhadwa teri maa ki chut bhosdike,Hinglish,Nuclear
kutte ki aulad lund harami,Hinglish,Nuclear
ayica dana daal dunga daal dunga,Hinglish,Nuclear
tujha aila kutryawani harami choos,Hinglish,Nuclear
maa ka bhosada lund daal dunga,Hinglish,Nuclear
behen ki chut choos daal dunga,Hinglish,Nuclear
tuzya aaicha foda lawda mar,Hinglish/Marathi Mix,Nuclear
gaandu maa ka bhosada harami,Hinglish,Nuclear
lavde ka baal gaandu randi,Hinglish,Nuclear
tuzya aaichi pucchi harami choos,Hinglish/Marathi Mix,Nuclear
madarchod behenchod randi lawda,Hinglish,Nuclear
bhosdike ayica dana randi,Hinglish,Nuclear
harami tuzya aaicha foda hijda,Hinglish/Marathi Mix,Nuclear
madarchod maa ka bhosada bhadwa,Hinglish,Nuclear
pucchi khajvya lawda harami,Hinglish/Marathi Mix,Nuclear
gand mar choos bhosdike,Hinglish,Nuclear
randi aai chi gand lund,Hinglish/Marathi Mix,Nuclear
gaandu behenchod randi daal dunga,Hinglish,Nuclear
gaandu harami randi choos,Hinglish,Nuclear
teri maa ki chut mar lund,Hinglish,Nuclear
maa ka bhosada mar mar,Hinglish,Nuclear
hijda bhosdi wali choos,Hinglish,Nuclear
bhadwa chut mein lund ki aulad,Hinglish,Nuclear
aai chi gand harami harami,Hinglish/Marathi Mix,Nuclear
zavadya madarchod mar phad dunga,Hinglish,Nuclear
randi maa ka bhosada hijda,Hinglish,Nuclear
chutiya bhosdi wali gaandu,Hinglish,Nuclear
tuzya aaicha foda harami ki aulad,Hinglish/Marathi Mix,Nuclear
tuzya aaichi pucchi hijda phadke,Hinglish/Marathi Mix,Nuclear
bhosdike bhosdi wali harami,Hinglish,Nuclear
gaandu gand phatli bhenchod lund,Hinglish/Marathi Mix,Nuclear
ki aulad gaandu harami randi,Hinglish,Nuclear
mar kutte ki aulad lawda,Hinglish,Nuclear
bhosdike harami chutiya choos,Hinglish,Nuclear
daal dunga chut mein lund mar,Hinglish,Nuclear
gaand phaad bhosdike chutiya,Hinglish,Nuclear
randi gaandu harami ki aulad,Hinglish,Nuclear
randi zavadya madarchod phadke,Hinglish,Nuclear
mar maa ka bhosada bhosdike,Hinglish,Nuclear
lawda ayica dana phadke,Hinglish,Nuclear
chutiya maa ka bhosada bhadwa,Hinglish,Nuclear
ki aulad tuzya aaicha foda madarchod,Hinglish/Marathi Mix,Nuclear
bhosdike teri maa ki chut randi,Hinglish,Nuclear
randi ka lund harami phadke,Hinglish,Nuclear
harami chutiya randi bhadwa,Hinglish,Nuclear
gaandu maa ka bhosada phad dunga,Hinglish,Nuclear
gand phatli bhenchod gaandu chutiya,Hinglish/Marathi Mix,Nuclear
mar behen ki chut gaandu,Hinglish,Nuclear
bhadwa gand mar randi,Hinglish,Nuclear
lund harami chutiya bhadwa,Hinglish,Nuclear
bhosdike harami chutiya madarchod,Hinglish,Nuclear
phad dunga behen ki chut lawda,Hinglish,Nuclear
ki aulad tuzya aaichi pucchi gaandu,Hinglish/Marathi Mix,Nuclear
gand mar madarchod harami,Hinglish,Nuclear
kutte ki aulad bhosdike bhosdike,Hinglish,Nuclear
chutiya zavadya madarchod lund,Hinglish,Nuclear
tuzya aaicha foda harami gaandu,Hinglish/Marathi Mix,Nuclear
gand phatli bhenchod lawda lund,Hinglish/Marathi Mix,Nuclear
zavadya madarchod hijda gaandu,Hinglish,Nuclear
bhadwa ayica dana bhadwa,Hinglish,Nuclear
randi ka lund lawda hijda,Hinglish,Nuclear
gaand phaad ki aulad ki aulad,Hinglish,Nuclear
tujha aila kutryawani madarchod madarchod,Hinglish,Nuclear
tuzya aaicha foda hijda phadke,Hinglish/Marathi Mix,Nuclear
bhadwa gaand phaad choos,Hinglish,Nuclear
bhosdike behen ki chut choos,Hinglish,Nuclear
madarchod gaand phaad bhadwa,Hinglish,Nuclear
randi bhosdi wali bhadwa,Hinglish,Nuclear
harami chutiya gaandu mar,Hinglish,Nuclear
harami chut mein lund mar,Hinglish,Nuclear
phad dunga gaandu harami choos,Hinglish,Nuclear
zavadya madarchod gaandu lawda,Hinglish,Nuclear
phad dunga behen ki chut bhadwa,Hinglish,Nuclear
phadke behen ki chut lawda,Hinglish,Nuclear
randi lavda choos phad dunga,Hinglish,Nuclear
maa ka bhosada bhadwa randi,Hinglish,Nuclear
ki aulad gand phatli bhenchod bhadwa,Hinglish/Marathi Mix,Nuclear
bhosdike gand phatli bhenchod daal dunga,Hinglish/Marathi Mix,Nuclear
lawda tuzya aaicha foda gaandu,Hinglish/Marathi Mix,Nuclear
behen ki chut lawda harami,Hinglish,Nuclear
tuzya aaichi pucchi choos lawda,Hinglish/Marathi Mix,Nuclear
madarchod bhosdike madarchod phadke,Hinglish,Nuclear
bhadwa aai chi gand harami,Hinglish/Marathi Mix,Nuclear
kutte ki aulad hijda daal dunga,Hinglish,Nuclear
bhadwa kutte ki aulad lawda,Hinglish,Nuclear
lund behenchod randi ki aulad,Hinglish,Nuclear
daal dunga tuzya aaichi pucchi ki aulad,Hinglish/Marathi Mix,Nuclear
phadke gand phatli bhenchod lund,Hinglish/Marathi Mix,Nuclear
hijda gand mar bhosdike,Hinglish,Nuclear
bhadwa tuzya aaicha foda chutiya,Hinglish/Marathi Mix,Nuclear
daal dunga behenchod randi choos,Hinglish,Nuclear
hijda ayica dana bhosdike,Hinglish,Nuclear
hijda lavde ka baal ki aulad,Hinglish,Nuclear
tujha aila kutryawani randi phad dunga,Hinglish,Nuclear
bhosdike teri maa ki chut phad dunga,Hinglish,Nuclear
zavadya madarchod daal dunga daal dunga,Hinglish,Nuclear
phadke teri maa ki chut gaandu,Hinglish,Nuclear
madarchod bhosdi wali madarchod,Hinglish,Nuclear
madarchod tujha aila kutryawani phad dunga,Hinglish,Nuclear
tujha aila kutryawani bhadwa choos,Hinglish,Nuclear
bhosdike madarchod bhosdike harami,Hinglish,Nuclear
bhosdi wali chutiya chutiya,Hinglish,Nuclear
madarchod gaandu harami lawda,Hinglish,Nuclear
chutiya bhosdi wali lawda,Hinglish,Nuclear
choos tuzya aaichi pucchi bhosdike,Hinglish/Marathi Mix,Nuclear
gand phatli bhenchod lund madarchod,Hinglish/Marathi Mix,Nuclear
phad dunga tuzya aaichi pucchi daal dunga,Hinglish/Marathi Mix,Nuclear
ki aulad lavda choos lawda,Hinglish,Nuclear
madarchod kutte ki aulad mar,Hinglish,Nuclear
pucchi khajvya gaandu lund,Hinglish/Marathi Mix,Nuclear
lavde ka baal bhosdike lawda,Hinglish,Nuclear
teri maa ki chut choos lund,Hinglish,Nuclear
lavda choos phadke mar,Hinglish,Nuclear
bhosdi wali hijda gaandu,Hinglish,Nuclear
hijda gand mar chutiya,Hinglish,Nuclear
gand mar chutiya lawda,Hinglish,Nuclear
mar zavadya madarchod chutiya,Hinglish,Nuclear
madarchod kutte ki aulad phad dunga,Hinglish,Nuclear
behenchod randi phadke mar,Hinglish,Nuclear
maa ka bhosada bhosdike choos,Hinglish,Nuclear
choos gand mar madarchod,Hinglish,Nuclear
phadke tuzya aaicha foda lawda,Hinglish/Marathi Mix,Nuclear
tuzya aaicha foda lawda randi,Hinglish/Marathi Mix,Nuclear
phad dunga lavde ka baal phad dunga,Hinglish,Nuclear
harami teri maa ki chut chutiya,Hinglish,Nuclear
gaandu behen ki chut harami,Hinglish,Nuclear
harami teri maa ki chut randi,Hinglish,Nuclear
bhadwa gand phatli bhenchod randi,Hinglish/Marathi Mix,Nuclear
madarchod madarchod bhosdike bhadwa,Hinglish,Nuclear
kutte ki aulad mar mar,Hinglish,Nuclear
ki aulad madarchod bhosdike lawda,Hinglish,Nuclear
behenchod randi daal dunga lund,Hinglish,Nuclear
gand phatli bhenchod phad dunga harami,Hinglish/Marathi Mix,Nuclear
phadke gand mar phad dunga,Hinglish,Nuclear
maa ka bhosada choos chutiya,Hinglish,Nuclear
behen ki chut bhadwa lawda,Hinglish,Nuclear
behenchod randi choos phadke,Hinglish,Nuclear
phad dunga tujha aila kutryawani madarchod,Hinglish,Nuclear
bhosdike pucchi khajvya mar,Hinglish/Marathi Mix,Nuclear
lawda zavadya madarchod bhadwa,Hinglish,Nuclear
phad dunga lavda choos choos,Hinglish,Nuclear
madarchod bhosdike hijda bhosdike,Hinglish,Nuclear
gand phatli bhenchod madarchod harami,Hinglish/Marathi Mix,Nuclear
gaandu harami ki aulad bhosdike,Hinglish,Nuclear
bhosdi wali gaandu hijda,Hinglish,Nuclear
aai chi gand gaandu gaandu,Hinglish/Marathi Mix,Nuclear
maa ka bhosada gaandu mar,Hinglish,Nuclear
lawda ayica dana mar,Hinglish,Nuclear
madarchod lavda choos randi,Hinglish,Nuclear
gaandu gand mar chutiya,Hinglish,Nuclear
randi ka lund bhosdike chutiya,Hinglish,Nuclear
aai chi gand madarchod hijda,Hinglish/Marathi Mix,Nuclear
mar gand mar mar,Hinglish,Nuclear
randi ka lund choos bhadwa,Hinglish,Nuclear
daal dunga maa ka bhosada bhadwa,Hinglish,Nuclear
kutte ki aulad phadke ki aulad,Hinglish,Nuclear
lavde ka baal ki aulad harami,Hinglish,Nuclear
chutiya gaandu harami hijda,Hinglish,Nuclear
bhosdike gaand phaad phad dunga,Hinglish,Nuclear
phadke pucchi khajvya phadke,Hinglish/Marathi Mix,Nuclear
gaandu behenchod randi madarchod,Hinglish,Nuclear
ki aulad teri maa ki chut bhadwa,Hinglish,Nuclear
gand phatli bhenchod harami harami,Hinglish/Marathi Mix,Nuclear
tujha aila kutryawani phadke bhosdike,Hinglish,Nuclear
daal dunga teri maa ki chut madarchod,Hinglish,Nuclear
tujha aila kutryawani mar ki aulad,Hinglish,Nuclear
mar lavde ka baal chutiya,Hinglish,Nuclear
ki aulad teri maa ki chut randi,Hinglish,Nuclear
madarchod bhosdike lund madarchod,Hinglish,Nuclear
choos gand mar harami,Hinglish,Nuclear
lund bhosdi wali phadke,Hinglish,Nuclear
bhadwa maa ka bhosada daal dunga,Hinglish,Nuclear
lavde ka baal daal dunga bhadwa,Hinglish,Nuclear
gand mar madarchod bhadwa,Hinglish,Nuclear
harami ayica dana gaandu,Hinglish,Nuclear
mar gand mar ki aulad,Hinglish,Nuclear
ki aulad harami chutiya mar,Hinglish,Nuclear
randi tujha aila kutryawani ki aulad,Hinglish,Nuclear
teri maa ki chut hijda lawda,Hinglish,Nuclear
hijda lavda choos hijda,Hinglish,Nuclear
lavda choos harami chutiya,Hinglish,Nuclear
randi ka lund lawda bhadwa,Hinglish,Nuclear
randi ka lund daal dunga randi,Hinglish,Nuclear
pucchi khajvya randi choos,Hinglish/Marathi Mix,Nuclear
chut mein lund ki aulad daal dunga,Hinglish,Nuclear
madarchod bhosdike harami lawda,Hinglish,Nuclear
bhosdike kutte ki aulad phadke,Hinglish,Nuclear
phadke maa ka bhosada chutiya,Hinglish,Nuclear
lund lavda choos bhosdike,Hinglish,Nuclear
teri maa ki chut choos bhosdike,Hinglish,Nuclear
daal dunga harami chutiya madarchod,Hinglish,Nuclear
ayica dana choos bhadwa,Hinglish,Nuclear
lawda gand mar randi,Hinglish,Nuclear
daal dunga gand phatli bhenchod phadke,Hinglish/Marathi Mix,Nuclear
randi ka lund hijda phad dunga,Hinglish,Nuclear
madarchod bhosdike bhosdike phadke,Hinglish,Nuclear
behenchod randi ki aulad lund,Hinglish,Nuclear
randi ka lund daal dunga ki aulad,Hinglish,Nuclear
lund maa ka bhosada lawda,Hinglish,Nuclear
ki aulad lavde ka baal daal dunga,Hinglish,Nuclear
madarchod bhosdike ki aulad ki aulad,Hinglish,Nuclear
gaandu tuzya aaichi pucchi lawda,Hinglish/Marathi Mix,Nuclear
lavde ka baal phadke bhosdike,Hinglish,Nuclear
madarchod kutte ki aulad bhosdike,Hinglish,Nuclear
tuzya aaichi pucchi chutiya bhosdike,Hinglish/Marathi Mix,Nuclear
choos gand mar randi,Hinglish,Nuclear
hijda lavda choos lawda,Hinglish,Nuclear
phad dunga madarchod bhosdike phadke,Hinglish,Nuclear
madarchod chut mein lund chutiya,Hinglish,Nuclear
gand phatli bhenchod daal dunga lawda,Hinglish/Marathi Mix,Nuclear
choos tuzya aaichi pucchi harami,Hinglish/Marathi Mix,Nuclear
tujha aila kutryawani hijda bhosdike,Hinglish,Nuclear
aai chi gand bhadwa lund,Hinglish/Marathi Mix,Nuclear
choos bhosdi wali choos,Hinglish,Nuclear
tuzya aaicha foda lawda daal dunga,Hinglish/Marathi Mix,Nuclear
lavda choos lund randi,Hinglish,Nuclear
bhadwa tujha aila kutryawani lawda,Hinglish,Nuclear
behenchod randi randi phad dunga,Hinglish,Nuclear
hijda ayica dana gaandu,Hinglish,Nuclear
mar gand phatli bhenchod hijda,Hinglish/Marathi Mix,Nuclear
tujha aila kutryawani chutiya bhosdike,Hinglish,Nuclear
harami chutiya daal dunga lawda,Hinglish,Nuclear
lund lavda choos randi,Hinglish,Nuclear
lavda choos randi gaandu,Hinglish,Nuclear
kutte ki aulad chutiya phadke,Hinglish,Nuclear
lavda choos mar chutiya,Hinglish,Nuclear
lavde ka baal randi chutiya,Hinglish,Nuclear
pucchi khajvya lawda gaandu,Hinglish/Marathi Mix,Nuclear
tuzya aaicha foda hijda bhadwa,Hinglish/Marathi Mix,Nuclear
bhosdi wali harami harami,Hinglish,Nuclear
madarchod behen ki chut ki aulad,Hinglish,Nuclear
madarchod bhosdike lund lund,Hinglish,Nuclear
lawda ayica dana lund,Hinglish,Nuclear
gaandu behen ki chut choos,Hinglish,Nuclear
ki aulad aai chi gand phad dunga,Hinglish/Marathi Mix,Nuclear
phad dunga kutte ki aulad phadke,Hinglish,Nuclear
bhosdike behenchod randi randi,Hinglish,Nuclear
behenchod randi gaandu harami,Hinglish,Nuclear
lavda choos daal dunga lawda,Hinglish,Nuclear
madarchod randi ka lund chutiya,Hinglish,Nuclear
bhosdi wali ki aulad phadke,Hinglish,Nuclear
randi tuzya aaichi pucchi mar,Hinglish/Marathi Mix,Nuclear
gand phatli bhenchod choos chutiya,Hinglish/Marathi Mix,Nuclear
zavadya madarchod lund chutiya,Hinglish,Nuclear
tuzya aaichi pucchi hijda madarchod,Hinglish/Marathi Mix,Nuclear
gand mar harami mar,Hinglish,Nuclear
mar lavde ka baal lund,Hinglish,Nuclear
lavde ka baal hijda lund,Hinglish,Nuclear
tujha aila kutryawani bhosdike harami,Hinglish,Nuclear
madarchod gaand phaad madarchod,Hinglish,Nuclear
hijda gand phatli bhenchod lawda,Hinglish/Marathi Mix,Nuclear
aai chi gand lawda lund,Hinglish/Marathi Mix,Nuclear
zavadya madarchod randi bhadwa,Hinglish,Nuclear
gaandu chut mein lund choos,Hinglish,Nuclear
tuzya aaichi pucchi choos lund,Hinglish/Marathi Mix,Nuclear
gand mar daal dunga daal dunga,Hinglish,Nuclear
aai chi gand daal dunga phad dunga,Hinglish/Marathi Mix,Nuclear
gand mar chutiya bhosdike,Hinglish,Nuclear
randi harami chutiya harami,Hinglish,Nuclear
harami tuzya aaichi pucchi phadke,Hinglish/Marathi Mix,Nuclear
chutiya kutte ki aulad mar,Hinglish,Nuclear
ki aulad kutte ki aulad mar,Hinglish,Nuclear
bhosdike behenchod randi ki aulad,Hinglish,Nuclear
ayica dana phadke hijda,Hinglish,Nuclear
choos gaand phaad mar,Hinglish,Nuclear
bhadwa bhosdi wali daal dunga,Hinglish,Nuclear
tujha aila kutryawani madarchod phad dunga,Hinglish,Nuclear
behenchod randi randi ki aulad,Hinglish,Nuclear
ayica dana randi chutiya,Hinglish,Nuclear
choos chut mein lund phad dunga,Hinglish,Nuclear
chutiya gand mar daal dunga,Hinglish,Nuclear
madarchod bhosdike gaandu ki aulad,Hinglish,Nuclear
chut mein lund ki aulad ki aulad,Hinglish,Nuclear
lawda pucchi khajvya phad dunga,Hinglish/Marathi Mix,Nuclear
ki aulad kutte ki aulad lund,Hinglish,Nuclear
tujha aila kutryawani bhosdike choos,Hinglish,Nuclear
phad dunga gaandu harami lawda,Hinglish,Nuclear
randi pucchi khajvya hijda,Hinglish/Marathi Mix,Nuclear
pucchi khajvya chutiya phadke,Hinglish/Marathi Mix,Nuclear
chutiya chut mein lund chutiya,Hinglish,Nuclear
lund bhosdi wali ki aulad,Hinglish,Nuclear
aai chi gand ki aulad bhadwa,Hinglish/Marathi Mix,Nuclear
lavde ka baal phad dunga chutiya,Hinglish,Nuclear
lavda choos hijda choos,Hinglish,Nuclear
madarchod tuzya aaichi pucchi phadke,Hinglish/Marathi Mix,Nuclear
teri maa ki chut ki aulad harami,Hinglish,Nuclear
tujha aila kutryawani harami madarchod,Hinglish,Nuclear
madarchod teri maa ki chut ki aulad,Hinglish,Nuclear
aai chi gand chutiya ki aulad,Hinglish/Marathi Mix,Nuclear
harami chutiya harami gaandu,Hinglish,Nuclear
hijda kutte ki aulad gaandu,Hinglish,Nuclear
phadke teri maa ki chut lund,Hinglish,Nuclear
behen ki chut bhosdike phad dunga,Hinglish,Nuclear
chutiya lavde ka baal choos,Hinglish,Nuclear
ki aulad lavda choos phad dunga,Hinglish,Nuclear
tuzya aaicha foda randi randi,Hinglish/Marathi Mix,Nuclear
lawda tuzya aaicha foda madarchod,Hinglish/Marathi Mix,Nuclear
daal dunga randi ka lund gaandu,Hinglish,Nuclear
zavadya madarchod mar randi,Hinglish,Nuclear
maa ka bhosada mar chutiya,Hinglish,Nuclear
mar kutte ki aulad chutiya,Hinglish,Nuclear
gaand phaad bhadwa phad dunga,Hinglish,Nuclear
ki aulad behen ki chut lawda,Hinglish,Nuclear
lawda pucchi khajvya choos,Hinglish/Marathi Mix,Nuclear
ki aulad gaandu harami harami,Hinglish,Nuclear
mar kutte ki aulad daal dunga,Hinglish,Nuclear
daal dunga aai chi gand choos,Hinglish/Marathi Mix,Nuclear
tuzya aaichi pucchi lund madarchod,Hinglish/Marathi Mix,Nuclear
gaandu tuzya aaichi pucchi choos,Hinglish/Marathi Mix,Nuclear
mar randi ka lund bhosdike,Hinglish,Nuclear
randi ka lund mar lund,Hinglish,Nuclear
tuzya aaicha foda madarchod harami,Hinglish/Marathi Mix,Nuclear
tujha aila kutryawani phadke harami,Hinglish,Nuclear
gand phatli bhenchod ki aulad hijda,Hinglish/Marathi Mix,Nuclear
pucchi khajvya bhadwa choos,Hinglish/Marathi Mix,Nuclear
behen ki chut mar lund,Hinglish,Nuclear
ayica dana mar madarchod,Hinglish,Nuclear
gand phatli bhenchod lund bhadwa,Hinglish/Marathi Mix,Nuclear
lavde ka baal lund phadke,Hinglish,Nuclear
gaand phaad lund ki aulad,Hinglish,Nuclear
gaandu bhosdi wali bhadwa,Hinglish,Nuclear
gand phatli bhenchod phad dunga hijda,Hinglish/Marathi Mix,Nuclear
pucchi khajvya gaandu ki aulad,Hinglish/Marathi Mix,Nuclear
bhosdi wali phadke bhosdike,Hinglish,Nuclear
lawda madarchod bhosdike daal dunga,Hinglish,Nuclear
chutiya aai chi gand ki aulad,Hinglish/Marathi Mix,Nuclear
maa ka bhosada choos mar,Hinglish,Nuclear
tuzya aaichi pucchi lawda lawda,Hinglish/Marathi Mix,Nuclear
chutiya tujha aila kutryawani lawda,Hinglish,Nuclear
mar chut mein lund mar,Hinglish,Nuclear
phad dunga harami chutiya chutiya,Hinglish,Nuclear
daal dunga lavde ka baal harami,Hinglish,Nuclear
phad dunga behen ki chut choos,Hinglish,Nuclear
harami tuzya aaicha foda phad dunga,Hinglish/Marathi Mix,Nuclear
bhosdike tuzya aaichi pucchi harami,Hinglish/Marathi Mix,Nuclear
gand phatli bhenchod choos gaandu,Hinglish/Marathi Mix,Nuclear
maa ka bhosada lawda lawda,Hinglish,Nuclear
behenchod randi lawda lund,Hinglish,Nuclear
lavda choos madarchod bhadwa,Hinglish,Nuclear
mar chut mein lund choos,Hinglish,Nuclear
tuzya aaicha foda bhadwa randi,Hinglish/Marathi Mix,Nuclear
zavadya madarchod mar mar,Hinglish,Nuclear
madarchod bhosdike ki aulad chutiya,Hinglish,Nuclear
harami chutiya phad dunga phadke,Hinglish,Nuclear
bhosdike tujha aila kutryawani ki aulad,Hinglish,Nuclear
gaandu harami lawda randi,Hinglish,Nuclear
bhosdi wali mar randi,Hinglish,Nuclear
bhadwa behenchod randi choos,Hinglish,Nuclear
harami chutiya ki aulad bhadwa,Hinglish,Nuclear
harami bhosdi wali lawda,Hinglish,Nuclear
bhadwa aai chi gand randi,Hinglish/Marathi Mix,Nuclear
gaand phaad lund hijda,Hinglish,Nuclear
aai chi gand bhosdike phadke,Hinglish/Marathi Mix,Nuclear
hijda tujha aila kutryawani randi,Hinglish,Nuclear
bhosdi wali harami ki aulad,Hinglish,Nuclear
gand mar madarchod ki aulad,Hinglish,Nuclear
madarchod bhosdike lund daal dunga,Hinglish,Nuclear
behenchod randi phadke lawda,Hinglish,Nuclear
choos behenchod randi randi,Hinglish,Nuclear
maa ka bhosada harami ki aulad,Hinglish,Nuclear
lavda choos daal dunga mar,Hinglish,Nuclear
teri maa ki chut randi bhadwa,Hinglish,Nuclear
gaandu harami madarchod mar,Hinglish,Nuclear
lavde ka baal randi phadke,Hinglish,Nuclear
zavadya madarchod chutiya choos,Hinglish,Nuclear
daal dunga maa ka bhosada gaandu,Hinglish,Nuclear
randi ka lund ki aulad ki aulad,Hinglish,Nuclear
ki aulad zavadya madarchod gaandu,Hinglish,Nuclear
madarchod bhosdike gaandu gaandu,Hinglish,Nuclear
lavda choos madarchod daal dunga,Hinglish,Nuclear
tuzya aaicha foda mar chutiya,Hinglish/Marathi Mix,Nuclear
bhosdi wali phad dunga lawda,Hinglish,Nuclear
daal dunga madarchod bhosdike lawda,Hinglish,Nuclear
ki aulad ayica dana lund,Hinglish,Nuclear
randi pucchi khajvya lund,Hinglish/Marathi Mix,Nuclear
lavda choos randi randi,Hinglish,Nuclear
bhosdike gand mar chutiya,Hinglish,Nuclear
hijda behenchod randi madarchod,Hinglish,Nuclear
lavda choos lawda bhosdike,Hinglish,Nuclear
phad dunga zavadya madarchod ki aulad,Hinglish,Nuclear
gaandu kutte ki aulad bhadwa,Hinglish,Nuclear
bhosdike teri maa ki chut lund,Hinglish,Nuclear
zavadya madarchod madarchod choos,Hinglish,Nuclear
madarchod chut mein lund harami,Hinglish,Nuclear
gaand phaad hijda bhadwa,Hinglish,Nuclear
choos kutte ki aulad madarchod,Hinglish,Nuclear
chut mein lund phadke hijda,Hinglish,Nuclear
daal dunga tuzya aaicha foda bhadwa,Hinglish/Marathi Mix,Nuclear
teri maa ki chut madarchod lund,Hinglish,Nuclear
gaandu ayica dana choos,Hinglish,Nuclear
daal dunga behen ki chut harami,Hinglish,Nuclear
zavadya madarchod ki aulad ki aulad,Hinglish,Nuclear
tuzya aaicha foda lawda hijda,Hinglish/Marathi Mix,Nuclear
tuzya aaichi pucchi lund daal dunga,Hinglish/Marathi Mix,Nuclear
lawda teri maa ki chut hijda,Hinglish,Nuclear
behenchod randi hijda gaandu,Hinglish,Nuclear
harami gand mar choos,Hinglish,Nuclear
aai chi gand mar chutiya,Hinglish/Marathi Mix,Nuclear
pucchi khajvya choos lund,Hinglish/Marathi Mix,Nuclear
tujha aila kutryawani ki aulad phad dunga,Hinglish,Nuclear
chut mein lund bhosdike bhosdike,Hinglish,Nuclear
chutiya kutte ki aulad hijda,Hinglish,Nuclear
lavde ka baal ki aulad phadke,Hinglish,Nuclear
ayica dana daal dunga harami,Hinglish,Nuclear
chutiya behenchod randi ki aulad,Hinglish,Nuclear
zavadya madarchod chutiya bhosdike,Hinglish,Nuclear
chut mein lund lund hijda,Hinglish,Nuclear
gaandu lavde ka baal bhosdike,Hinglish,Nuclear
mar gand phatli bhenchod harami,Hinglish/Marathi Mix,Nuclear
madarchod bhosdike phadke harami,Hinglish,Nuclear
ayica dana madarchod randi,Hinglish,Nuclear
madarchod gaand phaad phadke,Hinglish,Nuclear
behen ki chut mar harami,Hinglish,Nuclear
choos tujha aila kutryawani chutiya,Hinglish,Nuclear
tuzya aaichi pucchi bhosdike madarchod,Hinglish/Marathi Mix,Nuclear
hijda gaand phaad randi,Hinglish,Nuclear
gaandu harami lawda gaandu,Hinglish,Nuclear
gand mar randi lawda,Hinglish,Nuclear
harami chutiya madarchod daal dunga,Hinglish,Nuclear
ki aulad lavda choos gaandu,Hinglish,Nuclear
randi gand phatli bhenchod phad dunga,Hinglish/Marathi Mix,Nuclear
harami chutiya bhadwa ki aulad,Hinglish,Nuclear
behen ki chut phadke lund,Hinglish,Nuclear
tuzya aaichi pucchi phadke bhadwa,Hinglish/Marathi Mix,Nuclear
harami chutiya madarchod madarchod,Hinglish,Nuclear
lund gand mar harami,Hinglish,Nuclear
randi harami chutiya mar,Hinglish,Nuclear
tuzya aaichi pucchi daal dunga ki aulad,Hinglish/Marathi Mix,Nuclear
mar lavda choos phad dunga,Hinglish,Nuclear
gand mar lund hijda,Hinglish,Nuclear
behen ki chut ki aulad ki aulad,Hinglish,Nuclear
daal dunga zavadya madarchod daal dunga,Hinglish,Nuclear
chut mein lund phadke choos,Hinglish,Nuclear
kutte ki aulad choos hijda,Hinglish,Nuclear
tuzya aaichi pucchi phadke choos,Hinglish/Marathi Mix,Nuclear
lavda choos choos mar,Hinglish,Nuclear
lund chut mein lund choos,Hinglish,Nuclear
maa ka bhosada phadke randi,Hinglish,Nuclear
ayica dana madarchod chutiya,Hinglish,Nuclear
behen ki chut chutiya harami,Hinglish,Nuclear
gaandu harami choos bhosdike,Hinglish,Nuclear
bhadwa kutte ki aulad gaandu,Hinglish,Nuclear
bhadwa lavda choos bhadwa,Hinglish,Nuclear
behen ki chut madarchod lawda,Hinglish,Nuclear
daal dunga lavda choos mar,Hinglish,Nuclear
madarchod lavde ka baal gaandu,Hinglish,Nuclear
gaandu harami chutiya bhadwa,Hinglish,Nuclear
mar tuzya aaichi pucchi lawda,Hinglish/Marathi Mix,Nuclear
phadke gaandu harami randi,Hinglish,Nuclear
randi behenchod randi bhosdike,Hinglish,Nuclear
bhadwa teri maa ki chut chutiya,Hinglish,Nuclear
kutte ki aulad madarchod lund,Hinglish,Nuclear
harami behen ki chut randi,Hinglish,Nuclear
daal dunga bhosdi wali gaandu,Hinglish,Nuclear
bhosdike bhosdi wali mar,Hinglish,Nuclear
gand mar daal dunga bhosdike,Hinglish,Nuclear
behen ki chut lawda bhosdike,Hinglish,Nuclear
lund behenchod randi chutiya,Hinglish,Nuclear
tuzya aaicha foda mar gaandu,Hinglish/Marathi Mix,Nuclear
phad dunga gand phatli bhenchod randi,Hinglish/Marathi Mix,Nuclear
phad dunga lavda choos chutiya,Hinglish,Nuclear
zavadya madarchod bhosdike madarchod,Hinglish,Nuclear
tujha aila kutryawani phadke randi,Hinglish,Nuclear
hijda chut mein lund ki aulad,Hinglish,Nuclear
lund lavda choos gaandu,Hinglish,Nuclear
mar chut mein lund hijda,Hinglish,Nuclear
behenchod randi lund phadke,Hinglish,Nuclear
madarchod teri maa ki chut randi,Hinglish,Nuclear
harami lavde ka baal madarchod,Hinglish,Nuclear
ayica dana ki aulad ki aulad,Hinglish,Nuclear
harami chutiya randi harami,Hinglish,Nuclear
tuzya aaicha foda ki aulad madarchod,Hinglish/Marathi Mix,Nuclear
mar tuzya aaichi pucchi gaandu,Hinglish/Marathi Mix,Nuclear
kutte ki aulad lund mar,Hinglish,Nuclear
tuzya aaicha foda ki aulad daal dunga,Hinglish/Marathi Mix,Nuclear
gand mar lund bhadwa,Hinglish,Nuclear
madarchod bhosdike phadke phad dunga,Hinglish,Nuclear
maa ka bhosada gaandu gaandu,Hinglish,Nuclear
tuzya aaicha foda harami madarchod,Hinglish/Marathi Mix,Nuclear
randi gaandu harami gaandu,Hinglish,Nuclear
hijda teri maa ki chut bhosdike,Hinglish,Nuclear
gand mar chutiya madarchod,Hinglish,Nuclear
lund behen ki chut gaandu,Hinglish,Nuclear
gand phatli bhenchod bhosdike harami,Hinglish/Marathi Mix,Nuclear
gaandu gaand phaad lund,Hinglish,Nuclear
gaandu harami phadke daal dunga,Hinglish,Nuclear
bhosdi wali gaandu bhosdike,Hinglish,Nuclear
gaand phaad bhadwa lawda,Hinglish,Nuclear
randi randi ka lund daal dunga,Hinglish,Nuclear
chutiya tuzya aaichi pucchi chutiya,Hinglish/Marathi Mix,Nuclear
ayica dana phadke lund,Hinglish,Nuclear
daal dunga lavde ka baal randi,Hinglish,Nuclear
lavda choos randi phad dunga,Hinglish,Nuclear
ayica dana phadke randi,Hinglish,Nuclear
randi ayica dana harami,Hinglish,Nuclear
gaandu randi ka lund daal dunga,Hinglish,Nuclear
lawda aai chi gand randi,Hinglish/Marathi Mix,Nuclear
phadke lavde ka baal hijda,Hinglish,Nuclear
kutte ki aulad lawda lund,Hinglish,Nuclear
madarchod bhosdike mar phadke,Hinglish,Nuclear
lavde ka baal madarchod bhosdike,Hinglish,Nuclear
harami lavde ka baal choos,Hinglish,Nuclear
kutte ki aulad bhosdike hijda,Hinglish,Nuclear
madarchod bhosdike choos phadke,Hinglish,Nuclear
ayica dana lund lund,Hinglish,Nuclear
harami behenchod randi hijda,Hinglish,Nuclear
madarchod gaandu harami madarchod,Hinglish,Nuclear
harami teri maa ki chut bhosdike,Hinglish,Nuclear
bhadwa randi ka lund choos,Hinglish,Nuclear
choos tuzya aaicha foda harami,Hinglish/Marathi Mix,Nuclear
aai chi gand chutiya chutiya,Hinglish/Marathi Mix,Nuclear
ayica dana lawda lund,Hinglish,Nuclear
hijda behenchod randi daal dunga,Hinglish,Nuclear
bhadwa aai chi gand madarchod,Hinglish/Marathi Mix,Nuclear
tuzya aaichi pucchi bhosdike mar,Hinglish/Marathi Mix,Nuclear
behen ki chut phadke bhosdike,Hinglish,Nuclear
lund randi ka lund daal dunga,Hinglish,Nuclear
ki aulad lavde ka baal harami,Hinglish,Nuclear
behen ki chut daal dunga bhadwa,Hinglish,Nuclear
lavda choos chutiya daal dunga,Hinglish,Nuclear
madarchod bhosdike lund phadke,Hinglish,Nuclear
lawda pucchi khajvya randi,Hinglish/Marathi Mix,Nuclear
madarchod teri maa ki chut madarchod,Hinglish,Nuclear
phadke kutte ki aulad ki aulad,Hinglish,Nuclear
gaandu harami daal dunga mar,Hinglish,Nuclear
lavda choos bhadwa daal dunga,Hinglish,Nuclear
madarchod bhosdike lawda randi,Hinglish,Nuclear
kutte ki aulad chutiya daal dunga,Hinglish,Nuclear
randi behen ki chut madarchod,Hinglish,Nuclear
aai chi gand phad dunga phadke,Hinglish/Marathi Mix,Nuclear
aai chi gand madarchod lawda,Hinglish/Marathi Mix,Nuclear
harami tuzya aaichi pucchi choos,Hinglish/Marathi Mix,Nuclear
randi ka lund lawda madarchod,Hinglish,Nuclear
bhosdi wali lawda mar,Hinglish,Nuclear
harami ayica dana madarchod,Hinglish,Nuclear
ki aulad gand phatli bhenchod lawda,Hinglish/Marathi Mix,Nuclear
phadke zavadya madarchod lund,Hinglish,Nuclear
lund aai chi gand lawda,Hinglish/Marathi Mix,Nuclear
phad dunga bhosdi wali hijda,Hinglish,Nuclear
gand phatli bhenchod lawda randi,Hinglish/Marathi Mix,Nuclear
randi ka lund madarchod harami,Hinglish,Nuclear
ayica dana madarchod madarchod,Hinglish,Nuclear
ayica dana hijda lawda,Hinglish,Nuclear
choos behenchod randi hijda,Hinglish,Nuclear
tujha aila kutryawani gaandu madarchod,Hinglish,Nuclear
madarchod bhosdike hijda harami,Hinglish,Nuclear
zavadya madarchod hijda lund,Hinglish,Nuclear
bhosdi wali madarchod chutiya,Hinglish,Nuclear
maa ka bhosada harami bhosdike,Hinglish,Nuclear
hijda kutte ki aulad madarchod,Hinglish,Nuclear
phad dunga zavadya madarchod bhadwa,Hinglish,Nuclear
madarchod bhosdike chutiya gaandu,Hinglish,Nuclear
lavda choos hijda ki aulad,Hinglish,Nuclear
lavda choos lund chutiya,Hinglish,Nuclear
randi kutte ki aulad bhosdike,Hinglish,Nuclear
bhosdi wali gaandu phadke,Hinglish,Nuclear
lavda choos harami hijda,Hinglish,Nuclear
hijda lavda choos bhadwa,Hinglish,Nuclear
madarchod bhosdike lund bhadwa,Hinglish,Nuclear
behen ki chut randi choos,Hinglish,Nuclear
gaandu harami bhadwa bhosdike,Hinglish,Nuclear
tuzya aaichi pucchi lund harami,Hinglish/Marathi Mix,Nuclear
gand phatli bhenchod madarchod phadke,Hinglish/Marathi Mix,Nuclear
randi ka lund harami choos,Hinglish,Nuclear
tuzya aaichi pucchi lawda madarchod,Hinglish/Marathi Mix,Nuclear
tuzya aaicha foda madarchod phad dunga,Hinglish/Marathi Mix,Nuclear
bhadwa tujha aila kutryawani madarchod,Hinglish,Nuclear
tuzya aaichi pucchi choos phadke,Hinglish/Marathi Mix,Nuclear
tuzya aaichi pucchi daal dunga mar,Hinglish/Marathi Mix,Nuclear
gand mar hijda harami,Hinglish,Nuclear
behenchod randi hijda randi,Hinglish,Nuclear
phad dunga tuzya aaichi pucchi bhosdike,Hinglish/Marathi Mix,Nuclear
maa ka bhosada hijda chutiya,Hinglish,Nuclear
gand phatli bhenchod choos randi,Hinglish/Marathi Mix,Nuclear
lund pucchi khajvya phad dunga,Hinglish/Marathi Mix,Nuclear
hijda zavadya madarchod phadke,Hinglish,Nuclear
lavda choos ki aulad gaandu,Hinglish,Nuclear
ki aulad pucchi khajvya lund,Hinglish/Marathi Mix,Nuclear
bhosdi wali daal dunga daal dunga,Hinglish,Nuclear
mar gand phatli bhenchod choos,Hinglish/Marathi Mix,Nuclear
chut mein lund chutiya harami,Hinglish,Nuclear
gaandu teri maa ki chut daal dunga,Hinglish,Nuclear
lund gand mar daal dunga,Hinglish,Nuclear
chutiya teri maa ki chut gaandu,Hinglish,Nuclear
gaandu bhosdi wali chutiya,Hinglish,Nuclear
phad dunga behenchod randi gaandu,Hinglish,Nuclear
behenchod randi choos hijda,Hinglish,Nuclear
randi gaandu harami mar,Hinglish,Nuclear
lavde ka baal phad dunga choos,Hinglish,Nuclear
gaandu gand mar gaandu,Hinglish,Nuclear
hijda maa ka bhosada phadke,Hinglish,Nuclear
daal dunga pucchi khajvya gaandu,Hinglish/Marathi Mix,Nuclear
randi harami chutiya bhadwa,Hinglish,Nuclear
phad dunga teri maa ki chut randi,Hinglish,Nuclear
harami behenchod randi phad dunga,Hinglish,Nuclear
lavda choos gaandu ki aulad,Hinglish,Nuclear
behen ki chut daal dunga madarchod,Hinglish,Nuclear
lavde ka baal randi madarchod,Hinglish,Nuclear
chutiya gaandu harami chutiya,Hinglish,Nuclear
behen ki chut daal dunga lund,Hinglish,Nuclear
harami chutiya phad dunga bhosdike,Hinglish,Nuclear
madarchod harami chutiya hijda,Hinglish,Nuclear
hijda maa ka bhosada daal dunga,Hinglish,Nuclear
gaandu harami ki aulad mar,Hinglish,Nuclear
mar teri maa ki chut daal dunga,Hinglish,Nuclear
bhosdike gaandu harami chutiya,Hinglish,Nuclear
bhosdi wali bhosdike chutiya,Hinglish,Nuclear
aai chi gand lund gaandu,Hinglish/Marathi Mix,Nuclear
mar zavadya madarchod harami,Hinglish,Nuclear
lund tuzya aaicha foda bhosdike,Hinglish/Marathi Mix,Nuclear
tuzya aaicha foda mar phadke,Hinglish/Marathi Mix,Nuclear
chutiya gand mar randi,Hinglish,Nuclear
lavde ka baal hijda bhosdike,Hinglish,Nuclear
madarchod zavadya madarchod lund,Hinglish,Nuclear
bhosdi wali hijda hijda,Hinglish,Nuclear
madarchod behen ki chut gaandu,Hinglish,Nuclear
lavda choos chutiya choos,Hinglish,Nuclear
lawda randi ka lund chutiya,Hinglish,Nuclear
behenchod randi randi bhadwa,Hinglish,Nuclear
lawda behenchod randi choos,Hinglish,Nuclear
bhadwa gand mar bhosdike,Hinglish,Nuclear
gaandu harami phad dunga lawda,Hinglish,Nuclear
lavda choos bhadwa lund,Hinglish,Nuclear
bhadwa chut mein lund bhosdike,Hinglish,Nuclear
behen ki chut bhadwa lund,Hinglish,Nuclear
harami tuzya aaichi pucchi randi,Hinglish/Marathi Mix,Nuclear
randi gand mar bhadwa,Hinglish,Nuclear
lavda choos bhadwa choos,Hinglish,Nuclear
teri maa ki chut harami hijda,Hinglish,Nuclear
lavde ka baal mar lawda,Hinglish,Nuclear
ki aulad tujha aila kutryawani bhadwa,Hinglish,Nuclear
kutte ki aulad phad dunga ki aulad,Hinglish,Nuclear
maa ka bhosada ki aulad chutiya,Hinglish,Nuclear
behen ki chut phadke choos,Hinglish,Nuclear
bhosdi wali chutiya bhadwa,Hinglish,Nuclear
bhosdi wali bhadwa mar,Hinglish,Nuclear
chutiya gand phatli bhenchod choos,Hinglish/Marathi Mix,Nuclear
gand phatli bhenchod lawda phad dunga,Hinglish/Marathi Mix,Nuclear
hijda kutte ki aulad harami,Hinglish,Nuclear
tujha aila kutryawani choos hijda,Hinglish,Nuclear
gaand phaad phad dunga randi,Hinglish,Nuclear
bhosdi wali daal dunga mar,Hinglish,Nuclear
behen ki chut mar bhadwa,Hinglish,Nuclear
chut mein lund ki aulad bhosdike,Hinglish,Nuclear
aai chi gand choos lawda,Hinglish/Marathi Mix,Nuclear
behen ki chut phad dunga randi,Hinglish,Nuclear
harami gand mar hijda,Hinglish,Nuclear
tujha aila kutryawani madarchod choos,Hinglish,Nuclear
madarchod bhosdike hijda phad dunga,Hinglish,Nuclear
phadke gaand phaad madarchod,Hinglish,Nuclear
tuzya aaichi pucchi phad dunga hijda,Hinglish/Marathi Mix,Nuclear
hijda zavadya madarchod ki aulad,Hinglish,Nuclear
lavda choos bhadwa lawda,Hinglish,Nuclear
daal dunga lavda choos choos,Hinglish,Nuclear
hijda chut mein lund lawda,Hinglish,Nuclear
gand mar mar bhosdike,Hinglish,Nuclear
bhosdike ayica dana bhadwa,Hinglish,Nuclear
madarchod bhosdike bhosdike lawda,Hinglish,Nuclear
behen ki chut ki aulad lawda,Hinglish,Nuclear
gaand phaad madarchod phad dunga,Hinglish,Nuclear
hijda gaandu harami choos,Hinglish,Nuclear
phadke aai chi gand bhadwa,Hinglish/Marathi Mix,Nuclear
lavde ka baal lawda daal dunga,Hinglish,Nuclear
kutte ki aulad madarchod bhadwa,Hinglish,Nuclear
daal dunga pucchi khajvya hijda,Hinglish/Marathi Mix,Nuclear
tujha aila kutryawani phad dunga lawda,Hinglish,Nuclear
zavadya madarchod bhadwa randi,Hinglish,Nuclear
pucchi khajvya hijda chutiya,Hinglish/Marathi Mix,Nuclear
randi ka lund ki aulad daal dunga,Hinglish,Nuclear
maa ka bhosada phad dunga choos,Hinglish,Nuclear
lavde ka baal harami mar,Hinglish,Nuclear
choos randi ka lund gaandu,Hinglish,Nuclear
harami chutiya choos mar,Hinglish,Nuclear
ki aulad kutte ki aulad phadke,Hinglish,Nuclear
chut mein lund lund daal dunga,Hinglish,Nuclear
tujha aila kutryawani bhadwa lawda,Hinglish,Nuclear
gaandu harami hijda bhadwa,Hinglish,Nuclear
bhadwa gand mar hijda,Hinglish,Nuclear
ayica dana harami harami,Hinglish,Nuclear
teri maa ki chut phadke mar,Hinglish,Nuclear
aai chi gand bhadwa mar,Hinglish/Marathi Mix,Nuclear
behen ki chut choos phadke,Hinglish,Nuclear
phadke madarchod bhosdike gaandu,Hinglish,Nuclear
gand phatli bhenchod bhosdike daal dunga,Hinglish/Marathi Mix,Nuclear
chutiya tuzya aaicha foda bhosdike,Hinglish/Marathi Mix,Nuclear
behenchod randi lund chutiya,Hinglish,Nuclear
lawda pucchi khajvya daal dunga,Hinglish/Marathi Mix,Nuclear
kutte ki aulad gaandu bhosdike,Hinglish,Nuclear
teri maa ki chut lawda chutiya,Hinglish,Nuclear
madarchod bhosdike hijda randi,Hinglish,Nuclear
daal dunga behen ki chut choos,Hinglish,Nuclear
zavadya madarchod lund choos,Hinglish,Nuclear
daal dunga harami chutiya hijda,Hinglish,Nuclear
bhadwa behen ki chut gaandu,Hinglish,Nuclear
gand mar ki aulad choos,Hinglish,Nuclear
lund lavda choos bhadwa,Hinglish,Nuclear
phad dunga gand phatli bhenchod chutiya,Hinglish/Marathi Mix,Nuclear
tuzya aaicha foda daal dunga phad dunga,Hinglish/Marathi Mix,Nuclear
bhosdike lavda choos bhadwa,Hinglish,Nuclear
gaandu maa ka bhosada bhadwa,Hinglish,Nuclear
ayica dana bhosdike harami,Hinglish,Nuclear
bhadwa gand phatli bhenchod chutiya,Hinglish/Marathi Mix,Nuclear
gaandu tujha aila kutryawani ki aulad,Hinglish,Nuclear
daal dunga behen ki chut phad dunga,Hinglish,Nuclear
aai chi gand daal dunga hijda,Hinglish/Marathi Mix,Nuclear
maa ka bhosada daal dunga mar,Hinglish,Nuclear
harami chutiya daal dunga mar,Hinglish,Nuclear
pucchi khajvya bhadwa phadke,Hinglish/Marathi Mix,Nuclear
tujha aila kutryawani lund mar,Hinglish,Nuclear
phadke gaand phaad phadke,Hinglish,Nuclear
daal dunga aai chi gand bhadwa,Hinglish/Marathi Mix,Nuclear
lund lavde ka baal phad dunga,Hinglish,Nuclear
harami chutiya randi hijda,Hinglish,Nuclear
ayica dana phadke lawda,Hinglish,Nuclear
madarchod gaandu harami chutiya,Hinglish,Nuclear
madarchod tuzya aaichi pucchi chutiya,Hinglish/Marathi Mix,Nuclear
bhadwa madarchod bhosdike randi,Hinglish,Nuclear
behenchod randi hijda hijda,Hinglish,Nuclear
chutiya madarchod bhosdike choos,Hinglish,Nuclear
bhosdi wali lund hijda,Hinglish,Nuclear
randi gand mar ki aulad,Hinglish,Nuclear
chutiya tujha aila kutryawani phad dunga,Hinglish,Nuclear
tujha aila kutryawani hijda hijda,Hinglish,Nuclear
behenchod randi ki aulad madarchod,Hinglish,Nuclear
kutte ki aulad madarchod ki aulad,Hinglish,Nuclear
aai chi gand choos bhosdike,Hinglish/Marathi Mix,Nuclear
madarchod aai chi gand madarchod,Hinglish/Marathi Mix,Nuclear
bhosdi wali daal dunga gaandu,Hinglish,Nuclear
harami chutiya phad dunga choos,Hinglish,Nuclear
gaandu harami gaandu chutiya,Hinglish,Nuclear
harami chutiya bhadwa lawda,Hinglish,Nuclear
tujha aila kutryawani gaandu phad dunga,Hinglish,Nuclear
harami chutiya phad dunga lawda,Hinglish,Nuclear
daal dunga gand mar bhadwa,Hinglish,Nuclear
gand phatli bhenchod harami choos,Hinglish/Marathi Mix,Nuclear
tuzya aaichi pucchi daal dunga harami,Hinglish/Marathi Mix,Nuclear
gand phatli bhenchod chutiya ki aulad,Hinglish/Marathi Mix,Nuclear
randi chut mein lund madarchod,Hinglish,Nuclear
bhadwa gaand phaad daal dunga,Hinglish,Nuclear
madarchod behen ki chut choos,Hinglish,Nuclear
kutte ki aulad hijda ki aulad,Hinglish,Nuclear
lund pucchi khajvya chutiya,Hinglish/Marathi Mix,Nuclear
zavadya madarchod ki aulad randi,Hinglish,Nuclear
lavda choos madarchod bhosdike,Hinglish,Nuclear
choos teri maa ki chut madarchod,Hinglish,Nuclear
phadke pucchi khajvya chutiya,Hinglish/Marathi Mix,Nuclear
harami chutiya madarchod bhosdike,Hinglish,Nuclear
chutiya gaandu harami bhadwa,Hinglish,Nuclear
gaandu behen ki chut bhadwa,Hinglish,Nuclear
ayica dana harami hijda,Hinglish,Nuclear
aai chi gand madarchod madarchod,Hinglish/Marathi Mix,Nuclear
daal dunga lavda choos madarchod,Hinglish,Nuclear
mar gand mar bhosdike,Hinglish,Nuclear
gaandu gaand phaad lawda,Hinglish,Nuclear
hijda chut mein lund bhosdike,Hinglish,Nuclear
choos kutte ki aulad lund,Hinglish,Nuclear
madarchod bhosdike choos hijda,Hinglish,Nuclear
mar behenchod randi bhadwa,Hinglish,Nuclear
mar kutte ki aulad lund,Hinglish,Nuclear
bhosdi wali madarchod madarchod,Hinglish,Nuclear
bhadwa maa ka bhosada lawda,Hinglish,Nuclear
behenchod randi lawda hijda,Hinglish,Nuclear
gaand phaad daal dunga phad dunga,Hinglish,Nuclear
ki aulad kutte ki aulad phad dunga,Hinglish,Nuclear
harami gaand phaad chutiya,Hinglish,Nuclear
lund kutte ki aulad daal dunga,Hinglish,Nuclear
ayica dana gaandu phad dunga,Hinglish,Nuclear
teri maa ki chut lund lund,Hinglish,Nuclear
chut mein lund madarchod madarchod,Hinglish,Nuclear
randi tuzya aaichi pucchi choos,Hinglish/Marathi Mix,Nuclear
randi tuzya aaicha foda bhadwa,Hinglish/Marathi Mix,Nuclear
teri maa ki chut hijda lund,Hinglish,Nuclear
ki aulad gaandu harami bhosdike,Hinglish,Nuclear
randi lavde ka baal lawda,Hinglish,Nuclear
phadke behen ki chut lund,Hinglish,Nuclear
lawda madarchod bhosdike mar,Hinglish,Nuclear
maa ka bhosada madarchod harami,Hinglish,Nuclear
madarchod bhosdike harami ki aulad,Hinglish,Nuclear
behenchod randi bhosdike randi,Hinglish,Nuclear
randi gand mar bhosdike,Hinglish,Nuclear
tuzya aaicha foda randi bhadwa,Hinglish/Marathi Mix,Nuclear
pucchi khajvya randi harami,Hinglish/Marathi Mix,Nuclear
ayica dana bhadwa harami,Hinglish,Nuclear
randi ka lund lawda bhosdike,Hinglish,Nuclear
daal dunga behenchod randi gaandu,Hinglish,Nuclear
lawda randi ka lund madarchod,Hinglish,Nuclear
lavda choos randi lawda,Hinglish,Nuclear
ayica dana lawda phadke,Hinglish,Nuclear
bhosdike harami chutiya lawda,Hinglish,Nuclear
lavda choos harami randi,Hinglish,Nuclear
lavda choos mar gaandu,Hinglish,Nuclear
mar pucchi khajvya lawda,Hinglish/Marathi Mix,Nuclear
mar aai chi gand choos,Hinglish/Marathi Mix,Nuclear
daal dunga kutte ki aulad randi,Hinglish,Nuclear
harami chutiya phad dunga lund,Hinglish,Nuclear
tuzya aaichi pucchi lund bhadwa,Hinglish/Marathi Mix,Nuclear
gand phatli bhenchod daal dunga phadke,Hinglish/Marathi Mix,Nuclear
phad dunga maa ka bhosada madarchod,Hinglish,Nuclear
randi ka lund harami lawda,Hinglish,Nuclear
phad dunga madarchod bhosdike randi,Hinglish,Nuclear
tuzya aaichi pucchi harami daal dunga,Hinglish/Marathi Mix,Nuclear
gaand phaad madarchod phadke,Hinglish,Nuclear
lund madarchod bhosdike randi,Hinglish,Nuclear
madarchod bhosdike daal dunga lund,Hinglish,Nuclear
pucchi khajvya lawda phad dunga,Hinglish/Marathi Mix,Nuclear
bhadwa madarchod bhosdike bhosdike,Hinglish,Nuclear
gaandu harami mar harami,Hinglish,Nuclear
daal dunga zavadya madarchod bhosdike,Hinglish,Nuclear
phadke gaandu harami phadke,Hinglish,Nuclear
harami chutiya phad dunga daal dunga,Hinglish,Nuclear
hijda behen ki chut chutiya,Hinglish,Nuclear
bhosdike aai chi gand chutiya,Hinglish/Marathi Mix,Nuclear
hijda teri maa ki chut phadke,Hinglish,Nuclear
harami chutiya bhosdike bhosdike,Hinglish,Nuclear
mar ayica dana daal dunga,Hinglish,Nuclear
randi gand phatli bhenchod randi,Hinglish/Marathi Mix,Nuclear
phadke gaandu harami gaandu,Hinglish,Nuclear
ki aulad kutte ki aulad bhadwa,Hinglish,Nuclear
madarchod randi ka lund gaandu,Hinglish,Nuclear
lavde ka baal phadke randi,Hinglish,Nuclear
choos tuzya aaicha foda randi,Hinglish/Marathi Mix,Nuclear
ki aulad teri maa ki chut phadke,Hinglish,Nuclear
mar ayica dana ki aulad,Hinglish,Nuclear
hijda madarchod bhosdike hijda,Hinglish,Nuclear
daal dunga behen ki chut hijda,Hinglish,Nuclear
gaandu harami madarchod bhosdike,Hinglish,Nuclear
harami teri maa ki chut phad dunga,Hinglish,Nuclear
chutiya harami chutiya randi,Hinglish,Nuclear
bhosdike tuzya aaicha foda ki aulad,Hinglish/Marathi Mix,Nuclear
teri maa ki chut bhosdike harami,Hinglish,Nuclear
hijda lavde ka baal randi,Hinglish,Nuclear
pucchi khajvya phad dunga lund,Hinglish/Marathi Mix,Nuclear
lawda tujha aila kutryawani harami,Hinglish,Nuclear
zavadya madarchod phadke gaandu,Hinglish,Nuclear
pucchi khajvya phadke phad dunga,Hinglish/Marathi Mix,Nuclear
teri maa ki chut hijda phad dunga,Hinglish,Nuclear
maa ka bhosada mar lund,Hinglish,Nuclear
phadke harami chutiya phad dunga,Hinglish,Nuclear
phad dunga bhosdi wali mar,Hinglish,Nuclear
randi randi ka lund bhadwa,Hinglish,Nuclear
bhadwa gand mar daal dunga,Hinglish,Nuclear
hijda maa ka bhosada ki aulad,Hinglish,Nuclear
phadke behen ki chut randi,Hinglish,Nuclear
hijda tujha aila kutryawani choos,Hinglish,Nuclear
madarchod tuzya aaichi pucchi hijda,Hinglish/Marathi Mix,Nuclear
behenchod randi bhosdike phadke,Hinglish,Nuclear
mar aai chi gand mar,Hinglish/Marathi Mix,Nuclear
gand mar bhadwa gaandu,Hinglish,Nuclear
randi ka lund phadke daal dunga,Hinglish,Nuclear
bhadwa zavadya madarchod gaandu,Hinglish,Nuclear
gaandu lavde ka baal gaandu,Hinglish,Nuclear
lund gand phatli bhenchod choos,Hinglish/Marathi Mix,Nuclear
bhosdike madarchod bhosdike choos,Hinglish,Nuclear
choos madarchod bhosdike mar,Hinglish,Nuclear
chutiya ayica dana daal dunga,Hinglish,Nuclear
madarchod bhosdike phadke randi,Hinglish,Nuclear
randi gand mar choos,Hinglish,Nuclear
gand phatli bhenchod hijda hijda,Hinglish/Marathi Mix,Nuclear
chut mein lund choos chutiya,Hinglish,Nuclear
gand phatli bhenchod daal dunga ki aulad,Hinglish/Marathi Mix,Nuclear
harami chutiya gaandu lawda,Hinglish,Nuclear
madarchod bhosdike phadke bhadwa,Hinglish,Nuclear
kutte ki aulad hijda choos,Hinglish,Nuclear
madarchod bhosdike hijda bhadwa,Hinglish,Nuclear
chutiya gaand phaad chutiya,Hinglish,Nuclear
pucchi khajvya harami gaandu,Hinglish/Marathi Mix,Nuclear
randi ka lund phadke phad dunga,Hinglish,Nuclear
gand phatli bhenchod randi madarchod,Hinglish/Marathi Mix,Nuclear
bhosdi wali chutiya randi,Hinglish,Nuclear
tuzya aaichi pucchi ki aulad lund,Hinglish/Marathi Mix,Nuclear
harami madarchod bhosdike bhadwa,Hinglish,Nuclear
ayica dana mar mar,Hinglish,Nuclear
chutiya aai chi gand lawda,Hinglish/Marathi Mix,Nuclear
gaandu kutte ki aulad ki aulad,Hinglish,Nuclear
madarchod aai chi gand bhosdike,Hinglish/Marathi Mix,Nuclear
bhosdi wali randi chutiya,Hinglish,Nuclear
gaandu harami ki aulad gaandu,Hinglish,Nuclear
madarchod zavadya madarchod lawda,Hinglish,Nuclear
ki aulad harami chutiya chutiya,Hinglish,Nuclear
bhadwa tujha aila kutryawani gaandu,Hinglish,Nuclear
gaandu harami bhosdike lund,Hinglish,Nuclear
randi ka lund gaandu choos,Hinglish,Nuclear
lawda lavde ka baal bhosdike,Hinglish,Nuclear
maa ka bhosada phadke mar,Hinglish,Nuclear
chutiya gand mar bhadwa,Hinglish,Nuclear
phadke tuzya aaicha foda gaandu,Hinglish/Marathi Mix,Nuclear
lavde ka baal bhosdike bhosdike,Hinglish,Nuclear
bhosdi wali phadke ki aulad,Hinglish,Nuclear
phadke gand phatli bhenchod choos,Hinglish/Marathi Mix,Nuclear
choos behenchod randi lund,Hinglish,Nuclear
madarchod bhosdike mar bhosdike,Hinglish,Nuclear
lavda choos chutiya harami,Hinglish,Nuclear
aai chi gand hijda phad dunga,Hinglish/Marathi Mix,Nuclear
ki aulad gand mar madarchod,Hinglish,Nuclear
madarchod tujha aila kutryawani mar,Hinglish,Nuclear
tuzya aaichi pucchi bhosdike phad dunga,Hinglish/Marathi Mix,Nuclear
randi ka lund choos chutiya,Hinglish,Nuclear
harami chutiya chutiya bhadwa,Hinglish,Nuclear
behenchod randi mar harami,Hinglish,Nuclear
ayica dana bhadwa phadke,Hinglish,Nuclear
behen ki chut hijda phadke,Hinglish,Nuclear
randi teri maa ki chut randi,Hinglish,Nuclear
gaandu harami lund bhadwa,Hinglish,Nuclear
hijda lavda choos lund,Hinglish,Nuclear
choos ayica dana harami,Hinglish,Nuclear
maa ka bhosada lund choos,Hinglish,Nuclear
hijda gand mar phadke,Hinglish,Nuclear
gand phatli bhenchod choos lund,Hinglish/Marathi Mix,Nuclear
lawda ayica dana bhadwa,Hinglish,Nuclear
madarchod ayica dana gaandu,Hinglish,Nuclear
ayica dana phadke choos,Hinglish,Nuclear
mar lavde ka baal mar,Hinglish,Nuclear
aai chi gand hijda chutiya,Hinglish/Marathi Mix,Nuclear
gand mar bhadwa harami,Hinglish,Nuclear
aai chi gand bhadwa lawda,Hinglish/Marathi Mix,Nuclear
phad dunga lavda choos randi,Hinglish,Nuclear
maa ka bhosada madarchod mar,Hinglish,Nuclear
chut mein lund chutiya chutiya,Hinglish,Nuclear
lavda choos harami mar,Hinglish,Nuclear
madarchod bhosdike madarchod choos,Hinglish,Nuclear
lund gaand phaad mar,Hinglish,Nuclear
lavde ka baal harami gaandu,Hinglish,Nuclear
ayica dana bhadwa lawda,Hinglish,Nuclear
mar tujha aila kutryawani chutiya,Hinglish,Nuclear
daal dunga gaand phaad bhosdike,Hinglish,Nuclear
teri maa ki chut randi bhosdike,Hinglish,Nuclear
gaand phaad phad dunga madarchod,Hinglish,Nuclear
gaandu harami bhadwa chutiya,Hinglish,Nuclear
zavadya madarchod bhadwa chutiya,Hinglish,Nuclear
gaand phaad randi lawda,Hinglish,Nuclear
randi gaandu harami lawda,Hinglish,Nuclear
aai chi gand lawda hijda,Hinglish/Marathi Mix,Nuclear
harami chutiya ki aulad chutiya,Hinglish,Nuclear
phadke randi ka lund choos,Hinglish,Nuclear
lund gaand phaad phadke,Hinglish,Nuclear
teri maa ki chut mar choos,Hinglish,Nuclear
lavda choos choos madarchod,Hinglish,Nuclear
pucchi khajvya chutiya bhosdike,Hinglish/Marathi Mix,Nuclear
behen ki chut ki aulad mar,Hinglish,Nuclear
daal dunga gaand phaad lawda,Hinglish,Nuclear
daal dunga gaandu harami harami,Hinglish,Nuclear
tuzya aaichi pucchi madarchod gaandu,Hinglish/Marathi Mix,Nuclear
tuzya aaichi pucchi mar lawda,Hinglish/Marathi Mix,Nuclear
phadke gaandu harami lawda,Hinglish,Nuclear
madarchod bhosdike randi lawda,Hinglish,Nuclear
teri maa ki chut choos choos,Hinglish,Nuclear
harami chutiya hijda randi,Hinglish,Nuclear
gand phatli bhenchod lawda choos,Hinglish/Marathi Mix,Nuclear
daal dunga kutte ki aulad chutiya,Hinglish,Nuclear
phadke tujha aila kutryawani bhosdike,Hinglish,Nuclear
choos tuzya aaicha foda ki aulad,Hinglish/Marathi Mix,Nuclear
maa ka bhosada daal dunga choos,Hinglish,Nuclear
lavda choos bhosdike phad dunga,Hinglish,Nuclear
aai chi gand mar bhadwa,Hinglish/Marathi Mix,Nuclear
lund gand mar gaandu,Hinglish,Nuclear
chutiya tuzya aaicha foda mar,Hinglish/Marathi Mix,Nuclear
gaandu gand phatli bhenchod gaandu,Hinglish/Marathi Mix,Nuclear
bhadwa pucchi khajvya phad dunga,Hinglish/Marathi Mix,Nuclear
choos behen ki chut phadke,Hinglish,Nuclear
chutiya pucchi khajvya daal dunga,Hinglish/Marathi Mix,Nuclear
lawda zavadya madarchod ki aulad,Hinglish,Nuclear
choos maa ka bhosada gaandu,Hinglish,Nuclear
hijda behen ki chut daal dunga,Hinglish,Nuclear
aai chi gand choos madarchod,Hinglish/Marathi Mix,Nuclear
lavde ka baal mar hijda,Hinglish,Nuclear
chutiya pucchi khajvya madarchod,Hinglish/Marathi Mix,Nuclear
zavadya madarchod daal dunga chutiya,Hinglish,Nuclear
pucchi khajvya mar randi,Hinglish/Marathi Mix,Nuclear
chutiya kutte ki aulad randi,Hinglish,Nuclear
bhosdike tujha aila kutryawani madarchod,Hinglish,Nuclear
ki aulad ayica dana bhosdike,Hinglish,Nuclear
tujha aila kutryawani hijda lund,Hinglish,Nuclear
gand phatli bhenchod daal dunga hijda,Hinglish/Marathi Mix,Nuclear
chutiya tujha aila kutryawani bhadwa,Hinglish,Nuclear
mar gand mar phadke,Hinglish,Nuclear
aai chi gand phad dunga gaandu,Hinglish/Marathi Mix,Nuclear
bhosdike lavde ka baal madarchod,Hinglish,Nuclear
bhosdi wali ki aulad daal dunga,Hinglish,Nuclear
gand mar madarchod phadke,Hinglish,Nuclear
harami tujha aila kutryawani bhadwa,Hinglish,Nuclear
bhadwa teri maa ki chut madarchod,Hinglish,Nuclear
kutte ki aulad hijda chutiya,Hinglish,Nuclear
randi ayica dana hijda,Hinglish,Nuclear
pucchi khajvya hijda madarchod,Hinglish/Marathi Mix,Nuclear
lavde ka baal phad dunga harami,Hinglish,Nuclear
randi ka lund daal dunga phad dunga,Hinglish,Nuclear
tuzya aaichi pucchi madarchod lawda,Hinglish/Marathi Mix,Nuclear
tuzya aaicha foda gaandu lawda,Hinglish/Marathi Mix,Nuclear
tujha aila kutryawani mar hijda,Hinglish,Nuclear
maa ka bhosada ki aulad madarchod,Hinglish,Nuclear
chutiya tujha aila kutryawani harami,Hinglish,Nuclear
ki aulad gaand phaad harami,Hinglish,Nuclear
randi chut mein lund lawda,Hinglish,Nuclear
madarchod bhosdike madarchod lund,Hinglish,Nuclear
lavde ka baal choos harami,Hinglish,Nuclear
lund harami chutiya randi,Hinglish,Nuclear
randi ka lund lund harami,Hinglish,Nuclear
harami aai chi gand choos,Hinglish/Marathi Mix,Nuclear
chut mein lund bhadwa chutiya,Hinglish,Nuclear
tuzya aaichi pucchi choos harami,Hinglish/Marathi Mix,Nuclear
behenchod randi phad dunga harami,Hinglish,Nuclear
madarchod lavda choos mar,Hinglish,Nuclear
bhosdike tuzya aaichi pucchi lawda,Hinglish/Marathi Mix,Nuclear
phad dunga randi ka lund chutiya,Hinglish,Nuclear
tuzya aaicha foda madarchod lund,Hinglish/Marathi Mix,Nuclear
tujha aila kutryawani harami ki aulad,Hinglish,Nuclear
phad dunga tuzya aaicha foda choos,Hinglish/Marathi Mix,Nuclear
ki aulad tuzya aaichi pucchi choos,Hinglish/Marathi Mix,Nuclear
tuzya aaichi pucchi bhosdike daal dunga,Hinglish/Marathi Mix,Nuclear
lawda bhosdi wali harami,Hinglish,Nuclear
aai chi gand hijda phadke,Hinglish/Marathi Mix,Nuclear
mar teri maa ki chut randi,Hinglish,Nuclear
maa ka bhosada bhadwa daal dunga,Hinglish,Nuclear
bhosdi wali bhadwa bhadwa,Hinglish,Nuclear
aai chi gand madarchod bhadwa,Hinglish/Marathi Mix,Nuclear
tujha aila kutryawani daal dunga harami,Hinglish,Nuclear
chutiya bhosdi wali choos,Hinglish,Nuclear
gaandu randi ka lund lund,Hinglish,Nuclear
gaandu harami phad dunga harami,Hinglish,Nuclear
lavde ka baal harami lawda,Hinglish,Nuclear
lawda tuzya aaichi pucchi bhosdike,Hinglish/Marathi Mix,Nuclear
chutiya randi ka lund lund,Hinglish,Nuclear
randi ka lund randi mar,Hinglish,Nuclear
phadke gaand phaad chutiya,Hinglish,Nuclear
maa ka bhosada choos ki aulad,Hinglish,Nuclear
gand mar mar lawda,Hinglish,Nuclear
kutte ki aulad randi gaandu,Hinglish,Nuclear
tuzya aaichi pucchi bhadwa randi,Hinglish/Marathi Mix,Nuclear
ayica dana choos harami,Hinglish,Nuclear
mar tujha aila kutryawani lund,Hinglish,Nuclear
phad dunga lavda choos mar,Hinglish,Nuclear
gaandu harami ki aulad phad dunga,Hinglish,Nuclear
behenchod randi phad dunga madarchod,Hinglish,Nuclear
gand phatli bhenchod bhosdike ki aulad,Hinglish/Marathi Mix,Nuclear
gaand phaad phad dunga harami,Hinglish,Nuclear
tujha aila kutryawani phadke phad dunga,Hinglish,Nuclear
gaandu lavda choos phadke,Hinglish,Nuclear
bhadwa zavadya madarchod lawda,Hinglish,Nuclear
gaandu gand mar daal dunga,Hinglish,Nuclear
harami gaandu harami ki aulad,Hinglish,Nuclear
lavda choos choos harami,Hinglish,Nuclear
phad dunga teri maa ki chut bhadwa,Hinglish,Nuclear
phadke tuzya aaichi pucchi ki aulad,Hinglish/Marathi Mix,Nuclear
gaand phaad daal dunga phadke,Hinglish,Nuclear
gand phatli bhenchod daal dunga bhadwa,Hinglish/Marathi Mix,Nuclear
randi ka lund mar gaandu,Hinglish,Nuclear
mar gand phatli bhenchod bhadwa,Hinglish/Marathi Mix,Nuclear
gaand phaad gaandu hijda,Hinglish,Nuclear
randi gaand phaad bhosdike,Hinglish,Nuclear
hijda gaand phaad lawda,Hinglish,Nuclear
chut mein lund lawda phadke,Hinglish,Nuclear
behenchod randi choos lund,Hinglish,Nuclear
ayica dana lawda madarchod,Hinglish,Nuclear
pucchi khajvya mar lawda,Hinglish/Marathi Mix,Nuclear
lavde ka baal choos daal dunga,Hinglish,Nuclear
tuzya aaicha foda bhadwa daal dunga,Hinglish/Marathi Mix,Nuclear
lawda tuzya aaichi pucchi phadke,Hinglish/Marathi Mix,Nuclear
gaandu harami lawda ki aulad,Hinglish,Nuclear
behenchod randi ki aulad lawda,Hinglish,Nuclear
bhosdi wali lund daal dunga,Hinglish,Nuclear
tuzya aaicha foda hijda gaandu,Hinglish/Marathi Mix,Nuclear
chut mein lund phad dunga choos,Hinglish,Nuclear
randi ka lund hijda hijda,Hinglish,Nuclear
lund teri maa ki chut bhosdike,Hinglish,Nuclear
harami randi ka lund mar,Hinglish,Nuclear
choos gaand phaad gaandu,Hinglish,Nuclear
behenchod randi phad dunga gaandu,Hinglish,Nuclear
lund madarchod bhosdike madarchod,Hinglish,Nuclear
zavadya madarchod madarchod phadke,Hinglish,Nuclear
chut mein lund chutiya bhosdike,Hinglish,Nuclear
harami chutiya bhadwa hijda,Hinglish,Nuclear
maa ka bhosada hijda gaandu,Hinglish,Nuclear
harami chutiya lund mar,Hinglish,Nuclear
harami behenchod randi daal dunga,Hinglish,Nuclear
zavadya madarchod bhadwa bhadwa,Hinglish,Nuclear
tujha aila kutryawani lund bhosdike,Hinglish,Nuclear
harami chutiya harami harami,Hinglish,Nuclear
harami tuzya aaichi pucchi harami,Hinglish/Marathi Mix,Nuclear
madarchod tujha aila kutryawani bhosdike,Hinglish,Nuclear
maa ka bhosada madarchod hijda,Hinglish,Nuclear
phadke teri maa ki chut choos,Hinglish,Nuclear
hijda tuzya aaichi pucchi hijda,Hinglish/Marathi Mix,Nuclear
phadke ayica dana phad dunga,Hinglish,Nuclear
lavda choos phad dunga bhadwa,Hinglish,Nuclear
pucchi khajvya mar chutiya,Hinglish/Marathi Mix,Nuclear
gaandu gaandu harami randi,Hinglish,Nuclear
randi ka lund gaandu bhadwa,Hinglish,Nuclear
gaand phaad daal dunga chutiya,Hinglish,Nuclear
lavda choos bhosdike daal dunga,Hinglish,Nuclear
bhadwa behenchod randi mar,Hinglish,Nuclear
lawda gand mar lund,Hinglish,Nuclear
chut mein lund phadke ki aulad,Hinglish,Nuclear
choos lavde ka baal bhadwa,Hinglish,Nuclear
aai chi gand daal dunga daal dunga,Hinglish/Marathi Mix,Nuclear
madarchod bhosdike lawda bhosdike,Hinglish,Nuclear
ki aulad gaandu harami bhadwa,Hinglish,Nuclear
teri maa ki chut harami ki aulad,Hinglish,Nuclear
harami chutiya harami ki aulad,Hinglish,Nuclear
ki aulad behen ki chut hijda,Hinglish,Nuclear
lavde ka baal hijda harami,Hinglish,Nuclear
maa ka bhosada bhosdike lund,Hinglish,Nuclear
aai chi gand chutiya bhadwa,Hinglish/Marathi Mix,Nuclear
tujha aila kutryawani bhosdike mar,Hinglish,Nuclear
bhadwa zavadya madarchod chutiya,Hinglish,Nuclear
lund ayica dana mar,Hinglish,Nuclear
ki aulad madarchod bhosdike hijda,Hinglish,Nuclear
phadke gand mar ki aulad,Hinglish,Nuclear
maa ka bhosada daal dunga madarchod,Hinglish,Nuclear
harami chutiya bhadwa mar,Hinglish,Nuclear
teri maa ki chut harami mar,Hinglish,Nuclear
daal dunga madarchod bhosdike gaandu,Hinglish,Nuclear
tuzya aaichi pucchi randi bhosdike,Hinglish/Marathi Mix,Nuclear
chutiya ayica dana phad dunga,Hinglish,Nuclear
teri maa ki chut bhadwa randi,Hinglish,Nuclear
behen ki chut harami harami,Hinglish,Nuclear
bhadwa tuzya aaicha foda phad dunga,Hinglish/Marathi Mix,Nuclear
zavadya madarchod bhosdike chutiya,Hinglish,Nuclear
bhosdike randi ka lund harami,Hinglish,Nuclear
tuzya aaicha foda phad dunga phad dunga,Hinglish/Marathi Mix,Nuclear
ayica dana phadke bhosdike,Hinglish,Nuclear
tuzya aaichi pucchi phad dunga ki aulad,Hinglish/Marathi Mix,Nuclear
mar gand mar lund,Hinglish,Nuclear
chutiya teri maa ki chut madarchod,Hinglish,Nuclear
chutiya behen ki chut chutiya,Hinglish,Nuclear
madarchod bhosdike lund mar,Hinglish,Nuclear
behen ki chut hijda lawda,Hinglish,Nuclear
ayica dana harami ki aulad,Hinglish,Nuclear
mar pucchi khajvya bhosdike,Hinglish/Marathi Mix,Nuclear
bhosdi wali madarchod choos,Hinglish,Nuclear
bhadwa gand mar ki aulad,Hinglish,Nuclear
maa ka bhosada ki aulad mar,Hinglish,Nuclear
lawda tujha aila kutryawani ki aulad,Hinglish,Nuclear
madarchod gaandu harami harami,Hinglish,Nuclear
aai chi gand choos phadke,Hinglish/Marathi Mix,Nuclear
chut mein lund daal dunga randi,Hinglish,Nuclear
ki aulad ayica dana ki aulad,Hinglish,Nuclear
gaand phaad ki aulad chutiya,Hinglish,Nuclear
harami bhosdi wali phadke,Hinglish,Nuclear
bhadwa lavde ka baal harami,Hinglish,Nuclear
lund chut mein lund daal dunga,Hinglish,Nuclear
behenchod randi harami bhosdike,Hinglish,Nuclear
chutiya tuzya aaichi pucchi mar,Hinglish/Marathi Mix,Nuclear
maa ka bhosada madarchod lawda,Hinglish,Nuclear
madarchod pucchi khajvya randi,Hinglish/Marathi Mix,Nuclear
randi gand phatli bhenchod ki aulad,Hinglish/Marathi Mix,Nuclear
madarchod pucchi khajvya chutiya,Hinglish/Marathi Mix,Nuclear
harami chutiya hijda bhadwa,Hinglish,Nuclear
lavda choos daal dunga daal dunga,Hinglish,Nuclear
madarchod bhosdike chutiya mar,Hinglish,Nuclear
lawda ayica dana randi,Hinglish,Nuclear
madarchod maa ka bhosada phad dunga,Hinglish,Nuclear
gaand phaad hijda daal dunga,Hinglish,Nuclear
harami tuzya aaicha foda lawda,Hinglish/Marathi Mix,Nuclear
aai chi gand hijda gaandu,Hinglish/Marathi Mix,Nuclear
kutte ki aulad gaandu harami,Hinglish,Nuclear
bhadwa harami chutiya randi,Hinglish,Nuclear
bhosdike ayica dana phad dunga,Hinglish,Nuclear
lawda randi ka lund phad dunga,Hinglish,Nuclear
gaandu randi ka lund lawda,Hinglish,Nuclear
phad dunga ayica dana phadke,Hinglish,Nuclear
lund tuzya aaicha foda chutiya,Hinglish/Marathi Mix,Nuclear
gaandu gaand phaad hijda,Hinglish,Nuclear
lavda choos choos ki aulad,Hinglish,Nuclear
behenchod randi randi choos,Hinglish,Nuclear
chutiya bhosdi wali bhadwa,Hinglish,Nuclear
madarchod zavadya madarchod phadke,Hinglish,Nuclear
bhosdi wali choos choos,Hinglish,Nuclear
mar kutte ki aulad ki aulad,Hinglish,Nuclear
gaandu ayica dana hijda,Hinglish,Nuclear
madarchod gaand phaad randi,Hinglish,Nuclear
gaandu harami gaandu harami,Hinglish,Nuclear
ki aulad madarchod bhosdike madarchod,Hinglish,Nuclear
daal dunga maa ka bhosada daal dunga,Hinglish,Nuclear
tujha aila kutryawani madarchod lawda,Hinglish,Nuclear
lavda choos choos hijda,Hinglish,Nuclear
teri maa ki chut bhadwa bhosdike,Hinglish,Nuclear
gand phatli bhenchod choos mar,Hinglish/Marathi Mix,Nuclear
hijda tujha aila kutryawani hijda,Hinglish,Nuclear
harami chutiya ki aulad madarchod,Hinglish,Nuclear
behen ki chut bhadwa bhosdike,Hinglish,Nuclear
choos gaand phaad choos,Hinglish,Nuclear
bhosdi wali madarchod ki aulad,Hinglish,Nuclear
lund lavda choos ki aulad,Hinglish,Nuclear
bhosdike harami chutiya lund,Hinglish,Nuclear
hijda gaandu harami randi,Hinglish,Nuclear
gand mar lawda harami,Hinglish,Nuclear
behen ki chut lawda randi,Hinglish,Nuclear
lund harami chutiya gaandu,Hinglish,Nuclear
choos harami chutiya daal dunga,Hinglish,Nuclear
pucchi khajvya phad dunga hijda,Hinglish/Marathi Mix,Nuclear
chutiya aai chi gand phadke,Hinglish/Marathi Mix,Nuclear
choos gand phatli bhenchod bhadwa,Hinglish/Marathi Mix,Nuclear
randi teri maa ki chut phad dunga,Hinglish,Nuclear
gand mar harami phad dunga,Hinglish,Nuclear
choos madarchod bhosdike hijda,Hinglish,Nuclear
lavde ka baal ki aulad bhadwa,Hinglish,Nuclear
bhosdike kutte ki aulad hijda,Hinglish,Nuclear
ki aulad randi ka lund mar,Hinglish,Nuclear
harami chutiya ki aulad lund,Hinglish,Nuclear
ki aulad chut mein lund randi,Hinglish,Nuclear
phadke chut mein lund daal dunga,Hinglish,Nuclear
daal dunga chut mein lund ki aulad,Hinglish,Nuclear
gand mar lund harami,Hinglish,Nuclear
chutiya aai chi gand hijda,Hinglish/Marathi Mix,Nuclear
gand mar bhosdike ki aulad,Hinglish,Nuclear
bhosdike maa ka bhosada mar,Hinglish,Nuclear
phad dunga tuzya aaichi pucchi phadke,Hinglish/Marathi Mix,Nuclear
bhosdike pucchi khajvya bhadwa,Hinglish/Marathi Mix,Nuclear
ki aulad kutte ki aulad madarchod,Hinglish,Nuclear
madarchod tuzya aaicha foda bhadwa,Hinglish/Marathi Mix,Nuclear
harami chutiya bhadwa bhosdike,Hinglish,Nuclear
ki aulad madarchod bhosdike gaandu,Hinglish,Nuclear
lund lavde ka baal daal dunga,Hinglish,Nuclear
lund behenchod randi hijda,Hinglish,Nuclear
maa ka bhosada choos phadke,Hinglish,Nuclear
randi ka lund randi harami,Hinglish,Nuclear
madarchod gaandu harami gaandu,Hinglish,Nuclear
phad dunga madarchod bhosdike hijda,Hinglish,Nuclear
zavadya madarchod bhadwa lund,Hinglish,Nuclear
harami chutiya bhosdike randi,Hinglish,Nuclear
chut mein lund phadke gaandu,Hinglish,Nuclear
behen ki chut harami bhosdike,Hinglish,Nuclear
randi gand mar daal dunga,Hinglish,Nuclear
lund tuzya aaichi pucchi choos,Hinglish/Marathi Mix,Nuclear
randi tuzya aaichi pucchi ki aulad,Hinglish/Marathi Mix,Nuclear
lawda gand mar choos,Hinglish,Nuclear
lawda gand phatli bhenchod chutiya,Hinglish/Marathi Mix,Nuclear
bhadwa lavda choos lund,Hinglish,Nuclear
gaandu harami bhosdike ki aulad,Hinglish,Nuclear
lavda choos phadke madarchod,Hinglish,Nuclear
pucchi khajvya gaandu mar,Hinglish/Marathi Mix,Nuclear
daal dunga tuzya aaicha foda hijda,Hinglish/Marathi Mix,Nuclear
lund kutte ki aulad hijda,Hinglish,Nuclear
daal dunga tuzya aaichi pucchi hijda,Hinglish/Marathi Mix,Nuclear
maa ka bhosada ki aulad bhosdike,Hinglish,Nuclear
choos chut mein lund randi,Hinglish,Nuclear
mar chut mein lund harami,Hinglish,Nuclear
tuzya aaicha foda daal dunga daal dunga,Hinglish/Marathi Mix,Nuclear
bhadwa gaand phaad bhosdike,Hinglish,Nuclear
madarchod bhosdike choos bhosdike,Hinglish,Nuclear
lund gand phatli bhenchod hijda,Hinglish/Marathi Mix,Nuclear
madarchod gaand phaad chutiya,Hinglish,Nuclear
tuzya aaichi pucchi lawda bhadwa,Hinglish/Marathi Mix,Nuclear
phad dunga zavadya madarchod harami,Hinglish,Nuclear
harami chutiya hijda chutiya,Hinglish,Nuclear
bhadwa lavda choos harami,Hinglish,Nuclear
madarchod tujha aila kutryawani daal dunga,Hinglish,Nuclear
phad dunga madarchod bhosdike bhosdike,Hinglish,Nuclear
lavda choos daal dunga gaandu,Hinglish,Nuclear
ki aulad bhosdi wali ki aulad,Hinglish,Nuclear
mar behen ki chut chutiya,Hinglish,Nuclear
maa ka bhosada randi lund,Hinglish,Nuclear
madarchod bhosdike phad dunga harami,Hinglish,Nuclear
tuzya aaicha foda hijda bhosdike,Hinglish/Marathi Mix,Nuclear
chutiya ayica dana lund,Hinglish,Nuclear
maa ka bhosada phad dunga phad dunga,Hinglish,Nuclear
ki aulad behenchod randi ki aulad,Hinglish,Nuclear
chutiya tuzya aaichi pucchi ki aulad,Hinglish/Marathi Mix,Nuclear
tujha aila kutryawani harami phad dunga,Hinglish,Nuclear
daal dunga maa ka bhosada bhosdike,Hinglish,Nuclear
teri maa ki chut phadke lawda,Hinglish,Nuclear
gand phatli bhenchod randi ki aulad,Hinglish/Marathi Mix,Nuclear
bhosdi wali bhosdike ki aulad,Hinglish,Nuclear
gand mar mar choos,Hinglish,Nuclear
daal dunga tujha aila kutryawani daal dunga,Hinglish,Nuclear
phad dunga bhosdi wali ki aulad,Hinglish,Nuclear
chutiya chut mein lund harami,Hinglish,Nuclear
harami chutiya phad dunga ki aulad,Hinglish,Nuclear
tujha aila kutryawani bhadwa lund,Hinglish,Nuclear
phadke chut mein lund phad dunga,Hinglish,Nuclear
madarchod bhosdike randi hijda,Hinglish,Nuclear
ki aulad gaandu harami lawda,Hinglish,Nuclear
gaandu randi ka lund harami,Hinglish,Nuclear
ayica dana bhosdike phad dunga,Hinglish,Nuclear
lawda pucchi khajvya harami,Hinglish/Marathi Mix,Nuclear
tujha aila kutryawani bhadwa hijda,Hinglish,Nuclear
ki aulad zavadya madarchod bhosdike,Hinglish,Nuclear
behenchod randi phadke phadke,Hinglish,Nuclear
maa ka bhosada bhadwa phad dunga,Hinglish,Nuclear
tuzya aaicha foda ki aulad randi,Hinglish/Marathi Mix,Nuclear
bhadwa lavda choos mar,Hinglish,Nuclear
bhadwa behenchod randi lawda,Hinglish,Nuclear
pucchi khajvya bhosdike harami,Hinglish/Marathi Mix,Nuclear
ki aulad tuzya aaichi pucchi mar,Hinglish/Marathi Mix,Nuclear
lavda choos harami harami,Hinglish,Nuclear
lawda gand phatli bhenchod madarchod,Hinglish/Marathi Mix,Nuclear
harami lavde ka baal chutiya,Hinglish,Nuclear
pucchi khajvya lawda mar,Hinglish/Marathi Mix,Nuclear
choos aai chi gand choos,Hinglish/Marathi Mix,Nuclear
bhosdi wali randi gaandu,Hinglish,Nuclear
lavde ka baal madarchod phad dunga,Hinglish,Nuclear
madarchod teri maa ki chut gaandu,Hinglish,Nuclear
gaandu gand phatli bhenchod lawda,Hinglish/Marathi Mix,Nuclear
lund pucchi khajvya randi,Hinglish/Marathi Mix,Nuclear
phad dunga tuzya aaicha foda phadke,Hinglish/Marathi Mix,Nuclear
phad dunga bhosdi wali phadke,Hinglish,Nuclear
kutte ki aulad randi phad dunga,Hinglish,Nuclear
lavda choos gaandu daal dunga,Hinglish,Nuclear
bhosdi wali bhosdike phad dunga,Hinglish,Nuclear
aai chi gand randi phadke,Hinglish/Marathi Mix,Nuclear
ki aulad bhosdi wali lund,Hinglish,Nuclear
harami bhosdi wali phad dunga,Hinglish,Nuclear
maa ka bhosada choos lund,Hinglish,Nuclear
harami aai chi gand gaandu,Hinglish/Marathi Mix,Nuclear
madarchod randi ka lund ki aulad,Hinglish,Nuclear
daal dunga kutte ki aulad mar,Hinglish,Nuclear
bhosdi wali bhadwa chutiya,Hinglish,Nuclear
tujha aila kutryawani lawda bhadwa,Hinglish,Nuclear
choos behenchod randi phad dunga,Hinglish,Nuclear
lavde ka baal lund phad dunga,Hinglish,Nuclear
gaand phaad gaandu harami,Hinglish,Nuclear
choos maa ka bhosada mar,Hinglish,Nuclear
teri maa ki chut chutiya lund,Hinglish,Nuclear
tuzya aaicha foda choos lund,Hinglish/Marathi Mix,Nuclear
maa ka bhosada lund phadke,Hinglish,Nuclear
lavde ka baal randi ki aulad,Hinglish,Nuclear
kutte ki aulad lund daal dunga,Hinglish,Nuclear
randi ka lund hijda chutiya,Hinglish,Nuclear
lavda choos madarchod harami,Hinglish,Nuclear
randi ka lund mar lawda,Hinglish,Nuclear
gaand phaad randi bhosdike,Hinglish,Nuclear
harami chutiya harami randi,Hinglish,Nuclear
choos gaandu harami randi,Hinglish,Nuclear
madarchod behen ki chut mar,Hinglish,Nuclear
bhadwa aai chi gand hijda,Hinglish/Marathi Mix,Nuclear
randi ka lund hijda lawda,Hinglish,Nuclear
choos lavde ka baal mar,Hinglish,Nuclear
kutte ki aulad gaandu phad dunga,Hinglish,Nuclear
behenchod randi randi chutiya,Hinglish,Nuclear
bhosdi wali bhadwa gaandu,Hinglish,Nuclear
harami chutiya gaandu bhosdike,Hinglish,Nuclear
randi ka lund daal dunga choos,Hinglish,Nuclear
madarchod gaand phaad phad dunga,Hinglish,Nuclear
randi ka lund ki aulad hijda,Hinglish,Nuclear
bhadwa lavda choos ki aulad,Hinglish,Nuclear
bhadwa tuzya aaicha foda gaandu,Hinglish/Marathi Mix,Nuclear
zavadya madarchod madarchod bhosdike,Hinglish,Nuclear
choos tuzya aaichi pucchi chutiya,Hinglish/Marathi Mix,Nuclear
teri maa ki chut phadke bhadwa,Hinglish,Nuclear
gaandu zavadya madarchod bhadwa,Hinglish,Nuclear
tuzya aaichi pucchi mar randi,Hinglish/Marathi Mix,Nuclear
kutte ki aulad daal dunga mar,Hinglish,Nuclear
randi ka lund harami harami,Hinglish,Nuclear
choos harami chutiya madarchod,Hinglish,Nuclear
ki aulad zavadya madarchod lawda,Hinglish,Nuclear
ayica dana chutiya gaandu,Hinglish,Nuclear
lawda tujha aila kutryawani lund,Hinglish,Nuclear
lawda tujha aila kutryawani mar,Hinglish,Nuclear
randi ka lund madarchod bhosdike,Hinglish,Nuclear
lund teri maa ki chut mar,Hinglish,Nuclear
randi ka lund lund gaandu,Hinglish,Nuclear
gaandu aai chi gand daal dunga,Hinglish/Marathi Mix,Nuclear
bhosdike madarchod bhosdike gaandu,Hinglish,Nuclear
hijda harami chutiya lund,Hinglish,Nuclear
chut mein lund choos bhadwa,Hinglish,Nuclear
hijda kutte ki aulad lawda,Hinglish,Nuclear
gaand phaad madarchod mar,Hinglish,Nuclear
gand mar lund gaandu,Hinglish,Nuclear
mar harami chutiya madarchod,Hinglish,Nuclear
phadke randi ka lund bhosdike,Hinglish,Nuclear
behenchod randi ki aulad harami,Hinglish,Nuclear
lavda choos randi chutiya,Hinglish,Nuclear
randi harami chutiya lawda,Hinglish,Nuclear
mar lavda choos lund,Hinglish,Nuclear
aai chi gand chutiya choos,Hinglish/Marathi Mix,Nuclear
choos lavda choos harami,Hinglish,Nuclear
hijda behen ki chut lund,Hinglish,Nuclear
chutiya ayica dana phadke,Hinglish,Nuclear
randi ka lund harami bhadwa,Hinglish,Nuclear
lawda behen ki chut lawda,Hinglish,Nuclear
choos chut mein lund mar,Hinglish,Nuclear
gand mar harami daal dunga,Hinglish,Nuclear
bhosdi wali lund lund,Hinglish,Nuclear
choos zavadya madarchod phadke,Hinglish,Nuclear
teri maa ki chut phad dunga phad dunga,Hinglish,Nuclear
hijda madarchod bhosdike mar,Hinglish,Nuclear
lawda gand mar gaandu,Hinglish,Nuclear
pucchi khajvya lund mar,Hinglish/Marathi Mix,Nuclear
lavde ka baal phadke chutiya,Hinglish,Nuclear
aai chi gand phadke bhadwa,Hinglish/Marathi Mix,Nuclear
bhadwa harami chutiya lund,Hinglish,Nuclear
randi ka lund bhadwa mar,Hinglish,Nuclear
maa ka bhosada madarchod gaandu,Hinglish,Nuclear
gand mar randi harami,Hinglish,Nuclear
hijda tuzya aaichi pucchi chutiya,Hinglish/Marathi Mix,Nuclear
pucchi khajvya hijda gaandu,Hinglish/Marathi Mix,Nuclear
zavadya madarchod lawda ki aulad,Hinglish,Nuclear
daal dunga zavadya madarchod hijda,Hinglish,Nuclear
maa ka bhosada harami lawda,Hinglish,Nuclear
chut mein lund hijda randi,Hinglish,Nuclear
bhosdike kutte ki aulad phad dunga,Hinglish,Nuclear
phadke maa ka bhosada bhadwa,Hinglish,Nuclear
tuzya aaicha foda lund choos,Hinglish/Marathi Mix,Nuclear
gaandu maa ka bhosada gaandu,Hinglish,Nuclear
phadke behen ki chut ki aulad,Hinglish,Nuclear
bhosdi wali choos mar,Hinglish,Nuclear
zavadya madarchod bhosdike phad dunga,Hinglish,Nuclear
gaandu gand phatli bhenchod bhadwa,Hinglish/Marathi Mix,Nuclear
bhosdi wali bhosdike gaandu,Hinglish,Nuclear
bhosdike tujha aila kutryawani daal dunga,Hinglish,Nuclear
phadke tujha aila kutryawani phad dunga,Hinglish,Nuclear
kutte ki aulad lawda bhadwa,Hinglish,Nuclear
kutte ki aulad ki aulad bhosdike,Hinglish,Nuclear
phad dunga gaandu harami randi,Hinglish,Nuclear
madarchod gand phatli bhenchod hijda,Hinglish/Marathi Mix,Nuclear
gaandu harami hijda mar,Hinglish,Nuclear
bhosdike behen ki chut mar,Hinglish,Nuclear
randi ka lund bhosdike randi,Hinglish,Nuclear
hijda gand phatli bhenchod phad dunga,Hinglish/Marathi Mix,Nuclear
phad dunga lavda choos phadke,Hinglish,Nuclear
zavadya madarchod choos chutiya,Hinglish,Nuclear
lawda randi ka lund bhosdike,Hinglish,Nuclear
tuzya aaicha foda mar harami,Hinglish/Marathi Mix,Nuclear
ayica dana choos mar,Hinglish,Nuclear
gaand phaad hijda madarchod,Hinglish,Nuclear
bhosdike harami chutiya harami,Hinglish,Nuclear
randi ka lund bhosdike madarchod,Hinglish,Nuclear
tuzya aaichi pucchi lawda phad dunga,Hinglish/Marathi Mix,Nuclear
phadke bhosdi wali daal dunga,Hinglish,Nuclear
behen ki chut mar bhosdike,Hinglish,Nuclear
choos lavda choos randi,Hinglish,Nuclear
behen ki chut bhosdike madarchod,Hinglish,Nuclear
bhosdike lavda choos harami,Hinglish,Nuclear
randi kutte ki aulad madarchod,Hinglish,Nuclear
lavde ka baal hijda phadke,Hinglish,Nuclear
harami chutiya harami phad dunga,Hinglish,Nuclear
chut mein lund bhadwa phad dunga,Hinglish,Nuclear
daal dunga tuzya aaicha foda gaandu,Hinglish/Marathi Mix,Nuclear
gaandu harami bhadwa lund,Hinglish,Nuclear
kutte ki aulad hijda lund,Hinglish,Nuclear
tuzya aaicha foda phadke randi,Hinglish/Marathi Mix,Nuclear
gand phatli bhenchod phadke lund,Hinglish/Marathi Mix,Nuclear
bhosdi wali ki aulad randi,Hinglish,Nuclear
daal dunga gand phatli bhenchod madarchod,Hinglish/Marathi Mix,Nuclear
phadke tujha aila kutryawani chutiya,Hinglish,Nuclear
gaandu harami bhadwa choos,Hinglish,Nuclear
teri maa ki chut ki aulad gaandu,Hinglish,Nuclear
lund tuzya aaichi pucchi bhosdike,Hinglish/Marathi Mix,Nuclear
behenchod randi bhosdike harami,Hinglish,Nuclear
phadke ayica dana chutiya,Hinglish,Nuclear
harami chutiya phad dunga chutiya,Hinglish,Nuclear
gaandu behen ki chut lawda,Hinglish,Nuclear
mar behenchod randi phad dunga,Hinglish,Nuclear
tuzya aaicha foda chutiya chutiya,Hinglish/Marathi Mix,Nuclear
teri maa ki chut phad dunga phadke,Hinglish,Nuclear
bhadwa madarchod bhosdike daal dunga,Hinglish,Nuclear
madarchod bhosdike chutiya lund,Hinglish,Nuclear
chutiya lavde ka baal daal dunga,Hinglish,Nuclear
chut mein lund ki aulad mar,Hinglish,Nuclear
gaand phaad mar hijda,Hinglish,Nuclear
hijda gaandu harami bhosdike,Hinglish,Nuclear
maa ka bhosada hijda phad dunga,Hinglish,Nuclear
madarchod maa ka bhosada bhosdike,Hinglish,Nuclear
behenchod randi chutiya lund,Hinglish,Nuclear
gand mar lund bhosdike,Hinglish,Nuclear
aai chi gand mar lawda,Hinglish/Marathi Mix,Nuclear
gand mar phadke randi,Hinglish,Nuclear
phad dunga maa ka bhosada ki aulad,Hinglish,Nuclear
lund gaandu harami choos,Hinglish,Nuclear
ayica dana mar lund,Hinglish,Nuclear
bhadwa lavda choos madarchod,Hinglish,Nuclear
ki aulad chut mein lund harami,Hinglish,Nuclear
daal dunga gaand phaad madarchod,Hinglish,Nuclear
madarchod bhosdi wali lawda,Hinglish,Nuclear
lavda choos bhosdike lawda,Hinglish,Nuclear
chutiya behenchod randi daal dunga,Hinglish,Nuclear
lavda choos lawda phadke,Hinglish,Nuclear
ki aulad pucchi khajvya bhosdike,Hinglish/Marathi Mix,Nuclear
harami gand mar mar,Hinglish,Nuclear
lund behen ki chut bhadwa,Hinglish,Nuclear
lavda choos mar phadke,Hinglish,Nuclear
ayica dana chutiya lawda,Hinglish,Nuclear
behenchod randi ki aulad phadke,Hinglish,Nuclear
lund lavda choos hijda,Hinglish,Nuclear
harami chutiya phad dunga mar,Hinglish,Nuclear
tuzya aaicha foda phadke chutiya,Hinglish/Marathi Mix,Nuclear
randi ka lund gaandu lund,Hinglish,Nuclear
gaandu tuzya aaichi pucchi randi,Hinglish/Marathi Mix,Nuclear
madarchod bhosdike choos lawda,Hinglish,Nuclear
harami chutiya mar harami,Hinglish,Nuclear
ki aulad madarchod bhosdike bhadwa,Hinglish,Nuclear
harami chutiya gaandu daal dunga,Hinglish,Nuclear
hijda randi ka lund mar,Hinglish,Nuclear
maa ka bhosada choos bhadwa,Hinglish,Nuclear
behen ki chut bhadwa hijda,Hinglish,Nuclear
mar chut mein lund lawda,Hinglish,Nuclear
gaandu harami phadke choos,Hinglish,Nuclear
ki aulad randi ka lund hijda,Hinglish,Nuclear
pucchi khajvya gaandu madarchod,Hinglish/Marathi Mix,Nuclear
behenchod randi chutiya bhosdike,Hinglish,Nuclear
ki aulad teri maa ki chut gaandu,Hinglish,Nuclear
maa ka bhosada madarchod madarchod,Hinglish,Nuclear
hijda behen ki chut bhosdike,Hinglish,Nuclear
maa ka bhosada mar harami,Hinglish,Nuclear
hijda gaandu harami daal dunga,Hinglish,Nuclear
lawda tuzya aaicha foda bhosdike,Hinglish/Marathi Mix,Nuclear
zavadya madarchod gaandu madarchod,Hinglish,Nuclear
aai chi gand hijda choos,Hinglish/Marathi Mix,Nuclear
gand mar daal dunga mar,Hinglish,Nuclear
randi kutte ki aulad gaandu,Hinglish,Nuclear
bhosdike teri maa ki chut bhadwa,Hinglish,Nuclear
phad dunga lavda choos daal dunga,Hinglish,Nuclear
tujha aila kutryawani phadke lawda,Hinglish,Nuclear
hijda pucchi khajvya hijda,Hinglish/Marathi Mix,Nuclear
phadke behenchod randi randi,Hinglish,Nuclear
phadke behenchod randi phad dunga,Hinglish,Nuclear
choos pucchi khajvya madarchod,Hinglish/Marathi Mix,Nuclear
bhadwa bhosdi wali bhadwa,Hinglish,Nuclear
hijda chut mein lund phadke,Hinglish,Nuclear
phadke tuzya aaichi pucchi madarchod,Hinglish/Marathi Mix,Nuclear
zavadya madarchod choos daal dunga,Hinglish,Nuclear
gaandu gand phatli bhenchod phad dunga,Hinglish/Marathi Mix,Nuclear
tuzya aaichi pucchi mar ki aulad,Hinglish/Marathi Mix,Nuclear
ayica dana daal dunga phad dunga,Hinglish,Nuclear
madarchod maa ka bhosada hijda,Hinglish,Nuclear
randi gand mar mar,Hinglish,Nuclear
randi bhosdi wali lawda,Hinglish,Nuclear
lavde ka baal hijda gaandu,Hinglish,Nuclear
pucchi khajvya chutiya chutiya,Hinglish/Marathi Mix,Nuclear
randi ka lund choos mar,Hinglish,Nuclear
chut mein lund harami randi,Hinglish,Nuclear
randi ka lund hijda choos,Hinglish,Nuclear
aai chi gand lund hijda,Hinglish/Marathi Mix,Nuclear
gaandu harami choos harami,Hinglish,Nuclear
lawda gand mar hijda,Hinglish,Nuclear
hijda madarchod bhosdike bhosdike,Hinglish,Nuclear
bhadwa zavadya madarchod choos,Hinglish,Nuclear
harami chutiya chutiya bhosdike,Hinglish,Nuclear
madarchod zavadya madarchod choos,Hinglish,Nuclear
harami chutiya chutiya phad dunga,Hinglish,Nuclear
lawda madarchod bhosdike choos,Hinglish,Nuclear
lawda randi ka lund hijda,Hinglish,Nuclear
kutte ki aulad harami daal dunga,Hinglish,Nuclear
harami behen ki chut choos,Hinglish,Nuclear
lund madarchod bhosdike bhadwa,Hinglish,Nuclear
pucchi khajvya mar choos,Hinglish/Marathi Mix,Nuclear
gaandu lavda choos harami,Hinglish,Nuclear
bhosdike behenchod randi hijda,Hinglish,Nuclear
gaandu teri maa ki chut phad dunga,Hinglish,Nuclear
tuzya aaicha foda phadke harami,Hinglish/Marathi Mix,Nuclear
gand mar gaandu bhosdike,Hinglish,Nuclear
pucchi khajvya choos phadke,Hinglish/Marathi Mix,Nuclear
gaandu lavde ka baal harami,Hinglish,Nuclear
gand phatli bhenchod phadke hijda,Hinglish/Marathi Mix,Nuclear
phad dunga gand mar ki aulad,Hinglish,Nuclear
gaandu harami lawda phad dunga,Hinglish,Nuclear
pucchi khajvya ki aulad bhosdike,Hinglish/Marathi Mix,Nuclear
chut mein lund madarchod lawda,Hinglish,Nuclear
gand mar bhosdike chutiya,Hinglish,Nuclear
gaand phaad lund lund,Hinglish,Nuclear
teri maa ki chut bhadwa madarchod,Hinglish,Nuclear
madarchod harami chutiya gaandu,Hinglish,Nuclear
zavadya madarchod phad dunga mar,Hinglish,Nuclear
maa ka bhosada lawda hijda,Hinglish,Nuclear
gand mar bhosdike harami,Hinglish,Nuclear
kutte ki aulad mar ki aulad,Hinglish,Nuclear
madarchod bhosdike chutiya phad dunga,Hinglish,Nuclear
behenchod randi choos bhadwa,Hinglish,Nuclear
gaandu harami bhosdike lawda,Hinglish,Nuclear
ki aulad maa ka bhosada bhosdike,Hinglish,Nuclear
behenchod randi ki aulad bhosdike,Hinglish,Nuclear
kutte ki aulad randi lund,Hinglish,Nuclear
chutiya lavde ka baal lawda,Hinglish,Nuclear
randi gand phatli bhenchod harami,Hinglish/Marathi Mix,Nuclear
gaand phaad hijda ki aulad,Hinglish,Nuclear
mar tuzya aaichi pucchi phad dunga,Hinglish/Marathi Mix,Nuclear
hijda madarchod bhosdike randi,Hinglish,Nuclear
chutiya madarchod bhosdike bhosdike,Hinglish,Nuclear
lawda pucchi khajvya chutiya,Hinglish/Marathi Mix,Nuclear
phadke aai chi gand lund,Hinglish/Marathi Mix,Nuclear
randi ayica dana phad dunga,Hinglish,Nuclear
phadke tuzya aaicha foda bhadwa,Hinglish/Marathi Mix,Nuclear
ki aulad maa ka bhosada lund,Hinglish,Nuclear
daal dunga behen ki chut bhosdike,Hinglish,Nuclear
lavda choos harami choos,Hinglish,Nuclear
randi tuzya aaichi pucchi hijda,Hinglish/Marathi Mix,Nuclear
bhadwa zavadya madarchod madarchod,Hinglish,Nuclear
randi behen ki chut lund,Hinglish,Nuclear
harami maa ka bhosada choos,Hinglish,Nuclear
madarchod gaand phaad lund,Hinglish,Nuclear
phad dunga gand mar daal dunga,Hinglish,Nuclear
phad dunga tujha aila kutryawani daal dunga,Hinglish,Nuclear
lund tujha aila kutryawani harami,Hinglish,Nuclear
gand mar gaandu phadke,Hinglish,Nuclear
bhosdike aai chi gand randi,Hinglish/Marathi Mix,Nuclear
gaandu pucchi khajvya lund,Hinglish/Marathi Mix,Nuclear
madarchod bhosdike madarchod daal dunga,Hinglish,Nuclear
lund zavadya madarchod ki aulad,Hinglish,Nuclear
ayica dana phad dunga phadke,Hinglish,Nuclear
phad dunga bhosdi wali phad dunga,Hinglish,Nuclear
gaand phaad phad dunga choos,Hinglish,Nuclear
behenchod randi madarchod ki aulad,Hinglish,Nuclear
harami kutte ki aulad choos,Hinglish,Nuclear
madarchod bhosdike randi mar,Hinglish,Nuclear
bhadwa chut mein lund choos,Hinglish,Nuclear
bhosdi wali madarchod phad dunga,Hinglish,Nuclear
ki aulad randi ka lund gaandu,Hinglish,Nuclear
chut mein lund lund bhosdike,Hinglish,Nuclear
tuzya aaicha foda bhosdike bhadwa,Hinglish/Marathi Mix,Nuclear
aai chi gand phad dunga randi,Hinglish/Marathi Mix,Nuclear
behenchod randi gaandu madarchod,Hinglish,Nuclear
ki aulad lavde ka baal chutiya,Hinglish,Nuclear
bhadwa kutte ki aulad bhadwa,Hinglish,Nuclear
kutte ki aulad daal dunga bhadwa,Hinglish,Nuclear
lavda choos chutiya gaandu,Hinglish,Nuclear
ki aulad gaand phaad lawda,Hinglish,Nuclear
tuzya aaichi pucchi choos bhosdike,Hinglish/Marathi Mix,Nuclear
madarchod bhosdi wali ki aulad,Hinglish,Nuclear
lavde ka baal bhosdike lund,Hinglish,Nuclear
choos tuzya aaicha foda hijda,Hinglish/Marathi Mix,Nuclear
lund lavde ka baal choos,Hinglish,Nuclear
mar bhosdi wali hijda,Hinglish,Nuclear
gaand phaad daal dunga bhadwa,Hinglish,Nuclear
lavda choos chutiya lawda,Hinglish,Nuclear
ki aulad bhosdi wali choos,Hinglish,Nuclear
behen ki chut mar phadke,Hinglish,Nuclear
randi ka lund bhosdike hijda,Hinglish,Nuclear
phadke chut mein lund madarchod,Hinglish,Nuclear
kutte ki aulad bhadwa bhadwa,Hinglish,Nuclear
phadke teri maa ki chut phad dunga,Hinglish,Nuclear
mar ayica dana bhadwa,Hinglish,Nuclear
bhosdike maa ka bhosada madarchod,Hinglish,Nuclear
harami chutiya gaandu chutiya,Hinglish,Nuclear
madarchod kutte ki aulad daal dunga,Hinglish,Nuclear
ayica dana gaandu bhosdike,Hinglish,Nuclear
lawda chut mein lund bhadwa,Hinglish,Nuclear
behen ki chut choos ki aulad,Hinglish,Nuclear
madarchod bhosdike choos daal dunga,Hinglish,Nuclear
pucchi khajvya phad dunga gaandu,Hinglish/Marathi Mix,Nuclear
harami chutiya chutiya madarchod,Hinglish,Nuclear
bhosdike chut mein lund madarchod,Hinglish,Nuclear
behenchod randi harami madarchod,Hinglish,Nuclear
randi gaand phaad daal dunga,Hinglish,Nuclear
lavda choos phad dunga gaandu,Hinglish,Nuclear
bhosdi wali mar chutiya,Hinglish,Nuclear
harami chutiya mar lund,Hinglish,Nuclear
pucchi khajvya lund choos,Hinglish/Marathi Mix,Nuclear
randi gaand phaad hijda,Hinglish,Nuclear
lavde ka baal ki aulad randi,Hinglish,Nuclear
ki aulad kutte ki aulad hijda,Hinglish,Nuclear
ki aulad tuzya aaichi pucchi bhosdike,Hinglish/Marathi Mix,Nuclear
gaandu harami hijda daal dunga,Hinglish,Nuclear
teri maa ki chut bhosdike mar,Hinglish,Nuclear
choos gand phatli bhenchod lund,Hinglish/Marathi Mix,Nuclear
tuzya aaicha foda bhosdike lawda,Hinglish/Marathi Mix,Nuclear
chutiya chut mein lund choos,Hinglish,Nuclear
gaandu harami phadke phadke,Hinglish,Nuclear
gand mar ki aulad gaandu,Hinglish,Nuclear
lund tuzya aaichi pucchi phad dunga,Hinglish/Marathi Mix,Nuclear
choos teri maa ki chut bhadwa,Hinglish,Nuclear
phadke lavda choos bhadwa,Hinglish,Nuclear
bhosdi wali hijda randi,Hinglish,Nuclear
bhadwa zavadya madarchod mar,Hinglish,Nuclear
bhadwa behen ki chut daal dunga,Hinglish,Nuclear
lawda madarchod bhosdike bhosdike,Hinglish,Nuclear
lavda choos chutiya bhadwa,Hinglish,Nuclear
harami tuzya aaicha foda mar,Hinglish/Marathi Mix,Nuclear
lawda behenchod randi harami,Hinglish,Nuclear
daal dunga zavadya madarchod chutiya,Hinglish,Nuclear
chutiya aai chi gand madarchod,Hinglish/Marathi Mix,Nuclear
ayica dana chutiya madarchod,Hinglish,Nuclear
daal dunga tujha aila kutryawani madarchod,Hinglish,Nuclear
gaandu lavde ka baal chutiya,Hinglish,Nuclear
gand mar lawda phad dunga,Hinglish,Nuclear
randi aai chi gand daal dunga,Hinglish/Marathi Mix,Nuclear
bhosdike lavde ka baal chutiya,Hinglish,Nuclear
hijda behenchod randi phad dunga,Hinglish,Nuclear
bhosdike lavde ka baal daal dunga,Hinglish,Nuclear
randi ka lund mar chutiya,Hinglish,Nuclear
hijda gaand phaad bhadwa,Hinglish,Nuclear
aai chi gand mar choos,Hinglish/Marathi Mix,Nuclear
harami chutiya lawda bhadwa,Hinglish,Nuclear
gaandu randi ka lund randi,Hinglish,Nuclear
tuzya aaicha foda phad dunga phadke,Hinglish/Marathi Mix,Nuclear
zavadya madarchod chutiya hijda,Hinglish,Nuclear
mar teri maa ki chut lawda,Hinglish,Nuclear
randi ka lund chutiya phadke,Hinglish,Nuclear
gand phatli bhenchod randi hijda,Hinglish/Marathi Mix,Nuclear
lavde ka baal bhadwa hijda,Hinglish,Nuclear
phad dunga zavadya madarchod chutiya,Hinglish,Nuclear
gaandu aai chi gand lund,Hinglish/Marathi Mix,Nuclear
zavadya madarchod gaandu daal dunga,Hinglish,Nuclear
teri maa ki chut phadke madarchod,Hinglish,Nuclear
bhadwa lavde ka baal randi,Hinglish,Nuclear
mar tuzya aaicha foda lawda,Hinglish/Marathi Mix,Nuclear
teri maa ki chut bhosdike choos,Hinglish,Nuclear
daal dunga gaandu harami lund,Hinglish,Nuclear
gaandu harami harami ki aulad,Hinglish,Nuclear
tuzya aaichi pucchi bhadwa choos,Hinglish/Marathi Mix,Nuclear
gaandu harami harami phadke,Hinglish,Nuclear
tuzya aaichi pucchi harami gaandu,Hinglish/Marathi Mix,Nuclear
tuzya aaichi pucchi randi phadke,Hinglish/Marathi Mix,Nuclear
ayica dana gaandu lawda,Hinglish,Nuclear
bhosdike gaand phaad harami,Hinglish,Nuclear
hijda kutte ki aulad bhosdike,Hinglish,Nuclear
phadke behen ki chut bhadwa,Hinglish,Nuclear
gaandu behen ki chut lund,Hinglish,Nuclear
zavadya madarchod lund madarchod,Hinglish,Nuclear
tuzya aaicha foda bhadwa ki aulad,Hinglish/Marathi Mix,Nuclear
madarchod bhosdike phadke mar,Hinglish,Nuclear
lawda gand phatli bhenchod gaandu,Hinglish/Marathi Mix,Nuclear
pucchi khajvya phadke bhadwa,Hinglish/Marathi Mix,Nuclear
daal dunga lavda choos gaandu,Hinglish,Nuclear
gand mar daal dunga chutiya,Hinglish,Nuclear
phad dunga gand phatli bhenchod choos,Hinglish/Marathi Mix,Nuclear
mar zavadya madarchod bhosdike,Hinglish,Nuclear
harami behenchod randi lund,Hinglish,Nuclear
lund gaandu harami harami,Hinglish,Nuclear
behen ki chut madarchod chutiya,Hinglish,Nuclear
randi ayica dana phadke,Hinglish,Nuclear
harami madarchod bhosdike mar,Hinglish,Nuclear
behenchod randi chutiya gaandu,Hinglish,Nuclear
gand mar phadke lund,Hinglish,Nuclear
teri maa ki chut bhadwa bhadwa,Hinglish,Nuclear
maa ka bhosada mar madarchod,Hinglish,Nuclear
chutiya behen ki chut lund,Hinglish,Nuclear
bhosdike bhosdi wali phadke,Hinglish,Nuclear
gand mar bhosdike phadke,Hinglish,Nuclear
pucchi khajvya bhosdike randi,Hinglish/Marathi Mix,Nuclear
mar aai chi gand bhadwa,Hinglish/Marathi Mix,Nuclear
randi zavadya madarchod phad dunga,Hinglish,Nuclear
daal dunga gaandu harami chutiya,Hinglish,Nuclear
daal dunga gand mar randi,Hinglish,Nuclear
tuzya aaicha foda daal dunga phadke,Hinglish/Marathi Mix,Nuclear
teri maa ki chut bhadwa phadke,Hinglish,Nuclear
randi tuzya aaichi pucchi bhosdike,Hinglish/Marathi Mix,Nuclear
harami kutte ki aulad bhadwa,Hinglish,Nuclear
teri maa ki chut mar gaandu,Hinglish,Nuclear
phadke gaandu harami choos,Hinglish,Nuclear
ayica dana choos madarchod,Hinglish,Nuclear
pucchi khajvya harami bhadwa,Hinglish/Marathi Mix,Nuclear
lawda gaandu harami bhosdike,Hinglish,Nuclear
harami chutiya hijda mar,Hinglish,Nuclear
lund gand phatli bhenchod chutiya,Hinglish/Marathi Mix,Nuclear
bhosdi wali daal dunga phad dunga,Hinglish,Nuclear
madarchod bhosdike chutiya phadke,Hinglish,Nuclear
lavda choos lawda gaandu,Hinglish,Nuclear
chutiya lavda choos hijda,Hinglish,Nuclear
bhosdike madarchod bhosdike hijda,Hinglish,Nuclear
gand phatli bhenchod hijda bhadwa,Hinglish/Marathi Mix,Nuclear
lavde ka baal harami phad dunga,Hinglish,Nuclear
mar harami chutiya randi,Hinglish,Nuclear
pucchi khajvya daal dunga bhadwa,Hinglish/Marathi Mix,Nuclear
zavadya madarchod bhosdike choos,Hinglish,Nuclear
mar tuzya aaicha foda choos,Hinglish/Marathi Mix,Nuclear
behenchod randi mar phad dunga,Hinglish,Nuclear
pucchi khajvya bhosdike hijda,Hinglish/Marathi Mix,Nuclear
hijda teri maa ki chut phad dunga,Hinglish,Nuclear
gaand phaad mar madarchod,Hinglish,Nuclear
harami tujha aila kutryawani lawda,Hinglish,Nuclear
bhadwa kutte ki aulad chutiya,Hinglish,Nuclear
tuzya aaichi pucchi phad dunga choos,Hinglish/Marathi Mix,Nuclear
chut mein lund bhosdike lawda,Hinglish,Nuclear
phad dunga madarchod bhosdike lawda,Hinglish,Nuclear
zavadya madarchod hijda madarchod,Hinglish,Nuclear
bhadwa gand mar choos,Hinglish,Nuclear
chut mein lund harami daal dunga,Hinglish,Nuclear
bhosdi wali bhosdike mar,Hinglish,Nuclear
lund lavda choos chutiya,Hinglish,Nuclear
bhadwa bhosdi wali mar,Hinglish,Nuclear
teri maa ki chut hijda randi,Hinglish,Nuclear
lund bhosdi wali lund,Hinglish,Nuclear
bhadwa randi ka lund harami,Hinglish,Nuclear
gaand phaad choos gaandu,Hinglish,Nuclear
choos lavde ka baal gaandu,Hinglish,Nuclear
bhadwa maa ka bhosada mar,Hinglish,Nuclear
gaandu kutte ki aulad chutiya,Hinglish,Nuclear
tujha aila kutryawani choos daal dunga,Hinglish,Nuclear
maa ka bhosada phad dunga chutiya,Hinglish,Nuclear
gaandu aai chi gand harami,Hinglish/Marathi Mix,Nuclear
gaandu zavadya madarchod phad dunga,Hinglish,Nuclear
phadke zavadya madarchod bhosdike,Hinglish,Nuclear
choos randi ka lund randi,Hinglish,Nuclear
harami randi ka lund randi,Hinglish,Nuclear
mar zavadya madarchod lawda,Hinglish,Nuclear
kutte ki aulad bhosdike bhadwa,Hinglish,Nuclear
mar pucchi khajvya harami,Hinglish/Marathi Mix,Nuclear
phadke zavadya madarchod chutiya,Hinglish,Nuclear
lund lavde ka baal bhadwa,Hinglish,Nuclear
mar ayica dana chutiya,Hinglish,Nuclear
chutiya maa ka bhosada randi,Hinglish,Nuclear
behen ki chut phad dunga hijda,Hinglish,Nuclear
maa ka bhosada lund bhosdike,Hinglish,Nuclear
gaand phaad gaandu chutiya,Hinglish,Nuclear
hijda pucchi khajvya bhosdike,Hinglish/Marathi Mix,Nuclear
behen ki chut bhadwa gaandu,Hinglish,Nuclear
maa ka bhosada randi bhadwa,Hinglish,Nuclear
gand mar harami bhosdike,Hinglish,Nuclear
ayica dana lawda harami,Hinglish,Nuclear
gaand phaad chutiya gaandu,Hinglish,Nuclear
harami gaand phaad hijda,Hinglish,Nuclear
gaandu tuzya aaichi pucchi madarchod,Hinglish/Marathi Mix,Nuclear
gaandu harami phad dunga bhosdike,Hinglish,Nuclear
maa ka bhosada bhadwa lawda,Hinglish,Nuclear
chut mein lund daal dunga bhadwa,Hinglish,Nuclear
hijda tuzya aaicha foda bhosdike,Hinglish/Marathi Mix,Nuclear
tuzya aaichi pucchi ki aulad hijda,Hinglish/Marathi Mix,Nuclear
tuzya aaicha foda choos lawda,Hinglish/Marathi Mix,Nuclear
lund gand mar ki aulad,Hinglish,Nuclear
harami chutiya harami chutiya,Hinglish,Nuclear
ayica dana daal dunga ki aulad,Hinglish,Nuclear
madarchod harami chutiya madarchod,Hinglish,Nuclear
choos ayica dana phadke,Hinglish,Nuclear
bhosdike gaandu harami mar,Hinglish,Nuclear
bhosdike harami chutiya hijda,Hinglish,Nuclear
aai chi gand lawda phad dunga,Hinglish/Marathi Mix,Nuclear
randi behen ki chut choos,Hinglish,Nuclear
madarchod lavda choos chutiya,Hinglish,Nuclear
tuzya aaicha foda phadke phad dunga,Hinglish/Marathi Mix,Nuclear
bhosdi wali phadke hijda,Hinglish,Nuclear
mar tuzya aaicha foda madarchod,Hinglish/Marathi Mix,Nuclear
ayica dana randi harami,Hinglish,Nuclear
gand mar chutiya lund,Hinglish,Nuclear
teri maa ki chut randi chutiya,Hinglish,Nuclear
zavadya madarchod harami bhosdike,Hinglish,Nuclear
gand phatli bhenchod bhosdike madarchod,Hinglish/Marathi Mix,Nuclear
bhadwa gand phatli bhenchod daal dunga,Hinglish/Marathi Mix,Nuclear
harami chutiya phadke bhadwa,Hinglish,Nuclear
behen ki chut hijda gaandu,Hinglish,Nuclear
choos gand mar ki aulad,Hinglish,Nuclear
phad dunga ayica dana choos,Hinglish,Nuclear
behen ki chut hijda ki aulad,Hinglish,Nuclear
randi ka lund harami chutiya,Hinglish,Nuclear
phadke lavde ka baal harami,Hinglish,Nuclear
madarchod zavadya madarchod chutiya,Hinglish,Nuclear
ki aulad randi ka lund randi,Hinglish,Nuclear
chut mein lund choos lund,Hinglish,Nuclear
lavda choos bhosdike mar,Hinglish,Nuclear
bhadwa tuzya aaicha foda ki aulad,Hinglish/Marathi Mix,Nuclear
mar ayica dana harami,Hinglish,Nuclear
madarchod madarchod bhosdike ki aulad,Hinglish,Nuclear
ki aulad aai chi gand ki aulad,Hinglish/Marathi Mix,Nuclear
bhosdi wali bhosdike phadke,Hinglish,Nuclear
kutte ki aulad daal dunga madarchod,Hinglish,Nuclear
harami teri maa ki chut hijda,Hinglish,Nuclear
behen ki chut hijda chutiya,Hinglish,Nuclear
phad dunga gaandu harami phad dunga,Hinglish,Nuclear
gand mar bhadwa ki aulad,Hinglish,Nuclear
behenchod randi lund madarchod,Hinglish,Nuclear
bhosdi wali randi madarchod,Hinglish,Nuclear
randi pucchi khajvya randi,Hinglish/Marathi Mix,Nuclear
randi teri maa ki chut phadke,Hinglish,Nuclear
mar teri maa ki chut phadke,Hinglish,Nuclear
maa ka bhosada gaandu madarchod,Hinglish,Nuclear
tuzya aaichi pucchi lawda bhosdike,Hinglish/Marathi Mix,Nuclear
daal dunga gand mar gaandu,Hinglish,Nuclear
maa ka bhosada daal dunga bhadwa,Hinglish,Nuclear
choos aai chi gand phad dunga,Hinglish/Marathi Mix,Nuclear
behenchod randi choos lawda,Hinglish,Nuclear
hijda teri maa ki chut hijda,Hinglish,Nuclear
tuzya aaicha foda randi mar,Hinglish/Marathi Mix,Nuclear
chut mein lund madarchod gaandu,Hinglish,Nuclear
tuzya aaicha foda daal dunga gaandu,Hinglish/Marathi Mix,Nuclear
harami chutiya phadke choos,Hinglish,Nuclear
bhosdike ayica dana mar,Hinglish,Nuclear
zavadya madarchod hijda ki aulad,Hinglish,Nuclear
bhosdike pucchi khajvya choos,Hinglish/Marathi Mix,Nuclear
bhosdi wali mar madarchod,Hinglish,Nuclear
behen ki chut bhosdike bhosdike,Hinglish,Nuclear
mar gaandu harami mar,Hinglish,Nuclear
teri maa ki chut gaandu choos,Hinglish,Nuclear
bhosdike gand phatli bhenchod chutiya,Hinglish/Marathi Mix,Nuclear
chutiya pucchi khajvya lund,Hinglish/Marathi Mix,Nuclear
gaandu harami ki aulad choos,Hinglish,Nuclear
kutte ki aulad phad dunga chutiya,Hinglish,Nuclear
lund tuzya aaicha foda mar,Hinglish/Marathi Mix,Nuclear
lund chut mein lund lund,Hinglish,Nuclear
tuzya aaichi pucchi mar choos,Hinglish/Marathi Mix,Nuclear
zavadya madarchod randi harami,Hinglish,Nuclear
aai chi gand randi bhosdike,Hinglish/Marathi Mix,Nuclear
lavda choos hijda lawda,Hinglish,Nuclear
bhadwa gand phatli bhenchod choos,Hinglish/Marathi Mix,Nuclear
hijda randi ka lund randi,Hinglish,Nuclear
gand phatli bhenchod bhosdike hijda,Hinglish/Marathi Mix,Nuclear
randi ka lund bhosdike daal dunga,Hinglish,Nuclear
gand phatli bhenchod gaandu gaandu,Hinglish/Marathi Mix,Nuclear
tuzya aaichi pucchi chutiya lawda,Hinglish/Marathi Mix,Nuclear
daal dunga lavde ka baal ki aulad,Hinglish,Nuclear
maa ka bhosada chutiya chutiya,Hinglish,Nuclear
phad dunga maa ka bhosada phad dunga,Hinglish,Nuclear
madarchod bhosdike bhadwa bhosdike,Hinglish,Nuclear
behen ki chut madarchod lund,Hinglish,Nuclear
tujha aila kutryawani daal dunga phadke,Hinglish,Nuclear
aai chi gand lund daal dunga,Hinglish/Marathi Mix,Nuclear
madarchod bhosdike choos chutiya,Hinglish,Nuclear
gand mar madarchod bhosdike,Hinglish,Nuclear
zavadya madarchod phadke choos,Hinglish,Nuclear
phad dunga harami chutiya choos,Hinglish,Nuclear
chut mein lund lund harami,Hinglish,Nuclear
gaandu tuzya aaichi pucchi phadke,Hinglish/Marathi Mix,Nuclear
hijda behenchod randi chutiya,Hinglish,Nuclear
behenchod randi randi daal dunga,Hinglish,Nuclear
gaandu harami chutiya phadke,Hinglish,Nuclear
teri maa ki chut madarchod harami,Hinglish,Nuclear
lavda choos madarchod lund,Hinglish,Nuclear
harami zavadya madarchod phad dunga,Hinglish,Nuclear
lawda zavadya madarchod hijda,Hinglish,Nuclear
chut mein lund bhadwa phadke,Hinglish,Nuclear
lund aai chi gand phadke,Hinglish/Marathi Mix,Nuclear
behenchod randi chutiya chutiya,Hinglish,Nuclear
gaand phaad phad dunga hijda,Hinglish,Nuclear
tuzya aaichi pucchi randi gaandu,Hinglish/Marathi Mix,Nuclear
lund zavadya madarchod daal dunga,Hinglish,Nuclear
hijda lavde ka baal chutiya,Hinglish,Nuclear
daal dunga aai chi gand bhosdike,Hinglish/Marathi Mix,Nuclear
ki aulad maa ka bhosada randi,Hinglish,Nuclear
gaand phaad phad dunga chutiya,Hinglish,Nuclear
tuzya aaicha foda harami choos,Hinglish/Marathi Mix,Nuclear
phad dunga harami chutiya lund,Hinglish,Nuclear
chutiya behen ki chut daal dunga,Hinglish,Nuclear
gand mar choos bhadwa,Hinglish,Nuclear
ki aulad ayica dana chutiya,Hinglish,Nuclear
mar tuzya aaichi pucchi madarchod,Hinglish/Marathi Mix,Nuclear
gand mar mar bhadwa,Hinglish,Nuclear
kutte ki aulad bhadwa hijda,Hinglish,Nuclear
hijda harami chutiya harami,Hinglish,Nuclear
madarchod harami chutiya bhosdike,Hinglish,Nuclear
chutiya aai chi gand lund,Hinglish/Marathi Mix,Nuclear
chut mein lund daal dunga madarchod,Hinglish,Nuclear
chut mein lund bhadwa ki aulad,Hinglish,Nuclear
madarchod ayica dana lund,Hinglish,Nuclear
harami chutiya randi chutiya,Hinglish,Nuclear
chut mein lund gaandu hijda,Hinglish,Nuclear
kutte ki aulad harami phadke,Hinglish,Nuclear
choos lavde ka baal ki aulad,Hinglish,Nuclear
choos pucchi khajvya phadke,Hinglish/Marathi Mix,Nuclear
randi gand mar gaandu,Hinglish,Nuclear
phadke tuzya aaichi pucchi mar,Hinglish/Marathi Mix,Nuclear
gand phatli bhenchod gaandu madarchod,Hinglish/Marathi Mix,Nuclear
ki aulad pucchi khajvya daal dunga,Hinglish/Marathi Mix,Nuclear
randi randi ka lund bhosdike,Hinglish,Nuclear
madarchod bhosdike daal dunga bhosdike,Hinglish,Nuclear
gand mar randi randi,Hinglish,Nuclear
tuzya aaichi pucchi phad dunga phad dunga,Hinglish/Marathi Mix,Nuclear
gaand phaad bhosdike harami,Hinglish,Nuclear
gaand phaad harami mar,Hinglish,Nuclear
behen ki chut ki aulad harami,Hinglish,Nuclear
tuzya aaicha foda ki aulad phadke,Hinglish/Marathi Mix,Nuclear
phad dunga bhosdi wali randi,Hinglish,Nuclear
randi teri maa ki chut mar,Hinglish,Nuclear
harami chutiya lund harami,Hinglish,Nuclear
madarchod harami chutiya phad dunga,Hinglish,Nuclear
pucchi khajvya bhosdike gaandu,Hinglish/Marathi Mix,Nuclear
lawda behenchod randi daal dunga,Hinglish,Nuclear
chut mein lund bhadwa madarchod,Hinglish,Nuclear
daal dunga madarchod bhosdike randi,Hinglish,Nuclear
harami chut mein lund lund,Hinglish,Nuclear
madarchod bhosdike gaandu madarchod,Hinglish,Nuclear
lund lavde ka baal hijda,Hinglish,Nuclear
randi kutte ki aulad lawda,Hinglish,Nuclear
bhadwa madarchod bhosdike madarchod,Hinglish,Nuclear
gaandu harami chutiya bhosdike,Hinglish,Nuclear
behenchod randi bhadwa phadke,Hinglish,Nuclear
gaandu gand mar choos,Hinglish,Nuclear
randi lavda choos lawda,Hinglish,Nuclear
madarchod bhosdike bhadwa lund,Hinglish,Nuclear
ki aulad gand mar randi,Hinglish,Nuclear
zavadya madarchod ki aulad harami,Hinglish,Nuclear
bhadwa zavadya madarchod harami,Hinglish,Nuclear
lavda choos daal dunga chutiya,Hinglish,Nuclear
harami lavde ka baal bhadwa,Hinglish,Nuclear
lawda teri maa ki chut ki aulad,Hinglish,Nuclear
bhadwa tuzya aaicha foda harami,Hinglish/Marathi Mix,Nuclear
ki aulad lavde ka baal ki aulad,Hinglish,Nuclear
madarchod tuzya aaicha foda lawda,Hinglish/Marathi Mix,Nuclear
tuzya aaichi pucchi hijda chutiya,Hinglish/Marathi Mix,Nuclear
ki aulad maa ka bhosada phad dunga,Hinglish,Nuclear
ayica dana lund chutiya,Hinglish,Nuclear
daal dunga gaand phaad phad dunga,Hinglish,Nuclear
randi ayica dana gaandu,Hinglish,Nuclear
chutiya gand phatli bhenchod daal dunga,Hinglish/Marathi Mix,Nuclear
harami ayica dana mar,Hinglish,Nuclear
madarchod aai chi gand phad dunga,Hinglish/Marathi Mix,Nuclear
bhosdike lavde ka baal hijda,Hinglish,Nuclear
zavadya madarchod gaandu mar,Hinglish,Nuclear
gaandu bhosdi wali daal dunga,Hinglish,Nuclear
lawda teri maa ki chut bhadwa,Hinglish,Nuclear
lund lavde ka baal lund,Hinglish,Nuclear
bhadwa maa ka bhosada bhosdike,Hinglish,Nuclear
kutte ki aulad phadke mar,Hinglish,Nuclear
bhosdike gaandu harami randi,Hinglish,Nuclear
lund lavde ka baal randi,Hinglish,Nuclear
aai chi gand harami hijda,Hinglish/Marathi Mix,Nuclear
bhosdi wali randi bhadwa,Hinglish,Nuclear
bhadwa aai chi gand phadke,Hinglish/Marathi Mix,Nuclear
madarchod behenchod randi bhosdike,Hinglish,Nuclear
daal dunga madarchod bhosdike chutiya,Hinglish,Nuclear
behenchod randi choos harami,Hinglish,Nuclear
tuzya aaichi pucchi lund phadke,Hinglish/Marathi Mix,Nuclear
mar gand phatli bhenchod daal dunga,Hinglish/Marathi Mix,Nuclear
daal dunga randi ka lund ki aulad,Hinglish,Nuclear
mar gand phatli bhenchod madarchod,Hinglish/Marathi Mix,Nuclear
madarchod ayica dana mar,Hinglish,Nuclear
chutiya behenchod randi randi,Hinglish,Nuclear
phadke bhosdi wali chutiya,Hinglish,Nuclear
gaandu zavadya madarchod ki aulad,Hinglish,Nuclear
lawda gaandu harami daal dunga,Hinglish,Nuclear
tujha aila kutryawani chutiya phadke,Hinglish,Nuclear
madarchod bhosdike daal dunga gaandu,Hinglish,Nuclear
harami harami chutiya randi,Hinglish,Nuclear
chutiya tujha aila kutryawani choos,Hinglish,Nuclear
randi randi ka lund phad dunga,Hinglish,Nuclear
tuzya aaichi pucchi mar bhosdike,Hinglish/Marathi Mix,Nuclear
chut mein lund harami ki aulad,Hinglish,Nuclear
behen ki chut madarchod bhadwa,Hinglish,Nuclear
tujha aila kutryawani choos lund,Hinglish,Nuclear
bhosdike gand phatli bhenchod lawda,Hinglish/Marathi Mix,Nuclear
gaand phaad bhosdike lund,Hinglish,Nuclear
lawda zavadya madarchod phadke,Hinglish,Nuclear
bhadwa kutte ki aulad choos,Hinglish,Nuclear
madarchod pucchi khajvya bhadwa,Hinglish/Marathi Mix,Nuclear
gand phatli bhenchod phad dunga phad dunga,Hinglish/Marathi Mix,Nuclear
kutte ki aulad lawda phad dunga,Hinglish,Nuclear
chutiya lavda choos harami,Hinglish,Nuclear
ki aulad tuzya aaicha foda mar,Hinglish/Marathi Mix,Nuclear
phad dunga chut mein lund chutiya,Hinglish,Nuclear
randi ka lund choos daal dunga,Hinglish,Nuclear
tuzya aaichi pucchi hijda harami,Hinglish/Marathi Mix,Nuclear
lund zavadya madarchod choos,Hinglish,Nuclear
harami chutiya randi ki aulad,Hinglish,Nuclear
harami madarchod bhosdike choos,Hinglish,Nuclear
lund tujha aila kutryawani mar,Hinglish,Nuclear
lawda tuzya aaicha foda harami,Hinglish/Marathi Mix,Nuclear
ki aulad tujha aila kutryawani daal dunga,Hinglish,Nuclear
randi ka lund phadke randi,Hinglish,Nuclear
phadke behenchod randi choos,Hinglish,Nuclear
maa ka bhosada phadke chutiya,Hinglish,Nuclear
lavde ka baal choos hijda,Hinglish,Nuclear
lund chut mein lund bhosdike,Hinglish,Nuclear
tuzya aaichi pucchi phadke phadke,Hinglish/Marathi Mix,Nuclear
behenchod randi madarchod lund,Hinglish,Nuclear
gaandu tujha aila kutryawani randi,Hinglish,Nuclear
ki aulad gaand phaad choos,Hinglish,Nuclear
gand mar phadke bhosdike,Hinglish,Nuclear
maa ka bhosada bhosdike hijda,Hinglish,Nuclear
chutiya gaand phaad daal dunga,Hinglish,Nuclear
phadke bhosdi wali choos,Hinglish,Nuclear
daal dunga kutte ki aulad gaandu,Hinglish,Nuclear
phadke aai chi gand hijda,Hinglish/Marathi Mix,Nuclear
bhosdike harami chutiya ki aulad,Hinglish,Nuclear
behen ki chut gaandu randi,Hinglish,Nuclear
behen ki chut harami mar,Hinglish,Nuclear
aai chi gand bhadwa ki aulad,Hinglish/Marathi Mix,Nuclear
gand phatli bhenchod chutiya randi,Hinglish/Marathi Mix,Nuclear
randi ka lund lund bhosdike,Hinglish,Nuclear
hijda lavde ka baal lund,Hinglish,Nuclear
ayica dana mar bhadwa,Hinglish,Nuclear
behenchod randi choos daal dunga,Hinglish,Nuclear
teri maa ki chut lund harami,Hinglish,Nuclear
mar bhosdi wali ki aulad,Hinglish,Nuclear
behen ki chut choos harami,Hinglish,Nuclear
tuzya aaicha foda lawda chutiya,Hinglish/Marathi Mix,Nuclear
aai chi gand lawda randi,Hinglish/Marathi Mix,Nuclear
randi zavadya madarchod chutiya,Hinglish,Nuclear
gaandu gand phatli bhenchod bhosdike,Hinglish/Marathi Mix,Nuclear
randi ka lund chutiya hijda,Hinglish,Nuclear
harami chutiya randi randi,Hinglish,Nuclear
bhadwa zavadya madarchod hijda,Hinglish,Nuclear
gand phatli bhenchod ki aulad bhadwa,Hinglish/Marathi Mix,Nuclear
bhosdi wali madarchod daal dunga,Hinglish,Nuclear
ayica dana choos lawda,Hinglish,Nuclear
gaandu gaand phaad mar,Hinglish,Nuclear
gaandu harami bhosdike madarchod,Hinglish,Nuclear
tujha aila kutryawani daal dunga mar,Hinglish,Nuclear
mar ayica dana choos,Hinglish,Nuclear
behen ki chut gaandu lund,Hinglish,Nuclear
maa ka bhosada harami harami,Hinglish,Nuclear
bhadwa behen ki chut hijda,Hinglish,Nuclear
tuzya aaicha foda gaandu chutiya,Hinglish/Marathi Mix,Nuclear
gand phatli bhenchod lawda lawda,Hinglish/Marathi Mix,Nuclear
randi ka lund bhosdike bhosdike,Hinglish,Nuclear
randi ka lund lawda harami,Hinglish,Nuclear
gaand phaad gaandu mar,Hinglish,Nuclear
harami randi ka lund lund,Hinglish,Nuclear
ayica dana choos phad dunga,Hinglish,Nuclear
choos gaand phaad phadke,Hinglish,Nuclear
zavadya madarchod phad dunga bhosdike,Hinglish,Nuclear
randi gand phatli bhenchod madarchod,Hinglish/Marathi Mix,Nuclear
daal dunga behenchod randi daal dunga,Hinglish,Nuclear
gand phatli bhenchod madarchod madarchod,Hinglish/Marathi Mix,Nuclear
madarchod tuzya aaicha foda harami,Hinglish/Marathi Mix,Nuclear
phadke gand mar lawda,Hinglish,Nuclear
chut mein lund bhosdike phad dunga,Hinglish,Nuclear
zavadya madarchod randi phadke,Hinglish,Nuclear
kutte ki aulad lund randi,Hinglish,Nuclear
madarchod ayica dana phad dunga,Hinglish,Nuclear
madarchod lavde ka baal bhadwa,Hinglish,Nuclear
gaandu tujha aila kutryawani mar,Hinglish,Nuclear
randi aai chi gand hijda,Hinglish/Marathi Mix,Nuclear
randi ka lund bhosdike lawda,Hinglish,Nuclear
gaandu kutte ki aulad phad dunga,Hinglish,Nuclear
mar lavda choos hijda,Hinglish,Nuclear
choos lavde ka baal hijda,Hinglish,Nuclear
bhosdike tuzya aaichi pucchi daal dunga,Hinglish/Marathi Mix,Nuclear
tuzya aaicha foda madarchod bhosdike,Hinglish/Marathi Mix,Nuclear
aai chi gand lund bhosdike,Hinglish/Marathi Mix,Nuclear
madarchod teri maa ki chut phad dunga,Hinglish,Nuclear
ayica dana harami daal dunga,Hinglish,Nuclear
lund chut mein lund mar,Hinglish,Nuclear
pucchi khajvya hijda phad dunga,Hinglish/Marathi Mix,Nuclear
gand mar lund lawda,Hinglish,Nuclear
choos bhosdi wali madarchod,Hinglish,Nuclear
randi ka lund mar randi,Hinglish,Nuclear
phad dunga behen ki chut ki aulad,Hinglish,Nuclear
tujha aila kutryawani daal dunga gaandu,Hinglish,Nuclear
teri maa ki chut gaandu madarchod,Hinglish,Nuclear
lawda tuzya aaicha foda randi,Hinglish/Marathi Mix,Nuclear
kutte ki aulad madarchod lawda,Hinglish,Nuclear
mar lavda choos harami,Hinglish,Nuclear
gaandu tujha aila kutryawani chutiya,Hinglish,Nuclear
bhosdi wali gaandu madarchod,Hinglish,Nuclear
lund behen ki chut harami,Hinglish,Nuclear
gaandu bhosdi wali lund,Hinglish,Nuclear
gand mar lawda choos,Hinglish,Nuclear
lawda lavde ka baal phadke,Hinglish,Nuclear
lavde ka baal randi daal dunga,Hinglish,Nuclear
harami ayica dana choos,Hinglish,Nuclear
bhadwa gand phatli bhenchod phad dunga,Hinglish/Marathi Mix,Nuclear
lavde ka baal gaandu harami,Hinglish,Nuclear
bhosdi wali mar lund,Hinglish,Nuclear
lavde ka baal choos bhosdike,Hinglish,Nuclear
chutiya ayica dana ki aulad,Hinglish,Nuclear
randi gaand phaad chutiya,Hinglish,Nuclear
phad dunga pucchi khajvya phadke,Hinglish/Marathi Mix,Nuclear
tuzya aaichi pucchi madarchod bhadwa,Hinglish/Marathi Mix,Nuclear
madarchod bhosdike gaandu choos,Hinglish,Nuclear
gaand phaad bhadwa gaandu,Hinglish,Nuclear
gand phatli bhenchod bhadwa chutiya,Hinglish/Marathi Mix,Nuclear
bhosdi wali choos harami,Hinglish,Nuclear
maa ka bhosada mar bhadwa,Hinglish,Nuclear
phadke tuzya aaichi pucchi daal dunga,Hinglish/Marathi Mix,Nuclear
tuzya aaichi pucchi phad dunga daal dunga,Hinglish/Marathi Mix,Nuclear
bhosdike bhosdi wali phad dunga,Hinglish,Nuclear
teri maa ki chut bhadwa lawda,Hinglish,Nuclear
lawda gaandu harami phad dunga,Hinglish,Nuclear
gand phatli bhenchod daal dunga lund,Hinglish/Marathi Mix,Nuclear
maa ka bhosada bhadwa lund,Hinglish,Nuclear
chut mein lund ki aulad lund,Hinglish,Nuclear
madarchod bhosdike phadke ki aulad,Hinglish,Nuclear
randi kutte ki aulad bhadwa,Hinglish,Nuclear
tuzya aaicha foda gaandu phad dunga,Hinglish/Marathi Mix,Nuclear
madarchod kutte ki aulad madarchod,Hinglish,Nuclear
gaandu maa ka bhosada mar,Hinglish,Nuclear
maa ka bhosada daal dunga hijda,Hinglish,Nuclear
lund ayica dana lund,Hinglish,Nuclear
tujha aila kutryawani bhosdike bhosdike,Hinglish,Nuclear
bhosdi wali gaandu lawda,Hinglish,Nuclear
gand mar bhadwa phad dunga,Hinglish,Nuclear
gaandu tuzya aaicha foda harami,Hinglish/Marathi Mix,Nuclear
daal dunga tuzya aaichi pucchi lund,Hinglish/Marathi Mix,Nuclear
choos gand phatli bhenchod madarchod,Hinglish/Marathi Mix,Nuclear
harami tuzya aaichi pucchi ki aulad,Hinglish/Marathi Mix,Nuclear
daal dunga behenchod randi hijda,Hinglish,Nuclear
hijda lavde ka baal daal dunga,Hinglish,Nuclear
behen ki chut lawda bhadwa,Hinglish,Nuclear
gaandu harami harami gaandu,Hinglish,Nuclear
pucchi khajvya daal dunga daal dunga,Hinglish/Marathi Mix,Nuclear
bhadwa harami chutiya chutiya,Hinglish,Nuclear
tuzya aaicha foda phadke gaandu,Hinglish/Marathi Mix,Nuclear
choos tujha aila kutryawani hijda,Hinglish,Nuclear
madarchod gand phatli bhenchod bhadwa,Hinglish/Marathi Mix,Nuclear
lund harami chutiya madarchod,Hinglish,Nuclear
daal dunga gand mar harami,Hinglish,Nuclear
bhadwa ayica dana gaandu,Hinglish,Nuclear
phadke aai chi gand choos,Hinglish/Marathi Mix,Nuclear
behen ki chut madarchod bhosdike,Hinglish,Nuclear
harami gand phatli bhenchod ki aulad,Hinglish/Marathi Mix,Nuclear
lawda gaand phaad daal dunga,Hinglish,Nuclear
harami tuzya aaichi pucchi phad dunga,Hinglish/Marathi Mix,Nuclear
randi bhosdi wali madarchod,Hinglish,Nuclear
harami chutiya phadke phadke,Hinglish,Nuclear
harami chutiya madarchod ki aulad,Hinglish,Nuclear
bhosdi wali madarchod mar,Hinglish,Nuclear
teri maa ki chut randi madarchod,Hinglish,Nuclear
chutiya gand phatli bhenchod randi,Hinglish/Marathi Mix,Nuclear
harami chutiya daal dunga bhadwa,Hinglish,Nuclear
harami teri maa ki chut gaandu,Hinglish,Nuclear
ki aulad aai chi gand harami,Hinglish/Marathi Mix,Nuclear
behenchod randi bhadwa madarchod,Hinglish,Nuclear
hijda tuzya aaichi pucchi lund,Hinglish/Marathi Mix,Nuclear
phad dunga bhosdi wali lund,Hinglish,Nuclear
ki aulad behen ki chut daal dunga,Hinglish,Nuclear
tuzya aaichi pucchi hijda randi,Hinglish/Marathi Mix,Nuclear
teri maa ki chut lawda phadke,Hinglish,Nuclear
ayica dana madarchod phad dunga,Hinglish,Nuclear
mar gand phatli bhenchod lawda,Hinglish/Marathi Mix,Nuclear
tuzya aaicha foda randi harami,Hinglish/Marathi Mix,Nuclear
hijda gand mar harami,Hinglish,Nuclear
behen ki chut madarchod mar,Hinglish,Nuclear
tujha aila kutryawani madarchod bhosdike,Hinglish,Nuclear
kutte ki aulad ki aulad chutiya,Hinglish,Nuclear
bhadwa maa ka bhosada madarchod,Hinglish,Nuclear
madarchod bhosdike randi bhadwa,Hinglish,Nuclear
tujha aila kutryawani mar choos,Hinglish,Nuclear
lavda choos mar hijda,Hinglish,Nuclear
tuzya aaichi pucchi phad dunga lawda,Hinglish/Marathi Mix,Nuclear
behen ki chut harami madarchod,Hinglish,Nuclear
mar ayica dana lund,Hinglish,Nuclear
zavadya madarchod chutiya gaandu,Hinglish,Nuclear
harami maa ka bhosada hijda,Hinglish,Nuclear
teri maa ki chut daal dunga bhosdike,Hinglish,Nuclear
lavda choos bhosdike hijda,Hinglish,Nuclear
harami gand phatli bhenchod bhosdike,Hinglish/Marathi Mix,Nuclear
phad dunga harami chutiya daal dunga,Hinglish,Nuclear
gand mar daal dunga hijda,Hinglish,Nuclear
madarchod zavadya madarchod randi,Hinglish,Nuclear
choos kutte ki aulad mar,Hinglish,Nuclear
tuzya aaichi pucchi gaandu phad dunga,Hinglish/Marathi Mix,Nuclear
madarchod bhosdike lund lawda,Hinglish,Nuclear
randi teri maa ki chut choos,Hinglish,Nuclear
randi madarchod bhosdike hijda,Hinglish,Nuclear
bhadwa tujha aila kutryawani hijda,Hinglish,Nuclear
chut mein lund lawda ki aulad,Hinglish,Nuclear
randi zavadya madarchod randi,Hinglish,Nuclear
lund harami chutiya lawda,Hinglish,Nuclear
bhadwa gaandu harami gaandu,Hinglish,Nuclear
aai chi gand mar bhosdike,Hinglish/Marathi Mix,Nuclear
harami bhosdi wali mar,Hinglish,Nuclear
kutte ki aulad harami lund,Hinglish,Nuclear
harami chutiya ki aulad choos,Hinglish,Nuclear
lavda choos daal dunga randi,Hinglish,Nuclear
pucchi khajvya bhosdike choos,Hinglish/Marathi Mix,Nuclear
madarchod lavda choos ki aulad,Hinglish,Nuclear
lund bhosdi wali hijda,Hinglish,Nuclear
harami gand mar bhadwa,Hinglish,Nuclear
phad dunga harami chutiya randi,Hinglish,Nuclear
gaand phaad mar phad dunga,Hinglish,Nuclear
gaandu harami gaandu bhadwa,Hinglish,Nuclear
bhadwa lavde ka baal madarchod,Hinglish,Nuclear
lund ayica dana madarchod,Hinglish,Nuclear
gaandu harami ki aulad daal dunga,Hinglish,Nuclear
daal dunga pucchi khajvya bhadwa,Hinglish/Marathi Mix,Nuclear
bhosdi wali phadke phad dunga,Hinglish,Nuclear
aai chi gand bhosdike gaandu,Hinglish/Marathi Mix,Nuclear
harami chutiya hijda harami,Hinglish,Nuclear
behenchod randi choos randi,Hinglish,Nuclear
lavda choos bhadwa mar,Hinglish,Nuclear
harami gaand phaad phadke,Hinglish,Nuclear
bhosdike chut mein lund mar,Hinglish,Nuclear
chutiya harami chutiya gaandu,Hinglish,Nuclear
harami gand phatli bhenchod phad dunga,Hinglish/Marathi Mix,Nuclear
randi lavda choos randi,Hinglish,Nuclear
daal dunga kutte ki aulad ki aulad,Hinglish,Nuclear
randi ka lund chutiya madarchod,Hinglish,Nuclear
madarchod teri maa ki chut chutiya,Hinglish,Nuclear
harami bhosdi wali ki aulad,Hinglish,Nuclear
mar lavda choos daal dunga,Hinglish,Nuclear
choos gaand phaad madarchod,Hinglish,Nuclear
gaandu harami phadke gaandu,Hinglish,Nuclear
mar gand mar harami,Hinglish,Nuclear
randi ka lund phad dunga ki aulad,Hinglish,Nuclear
phad dunga bhosdi wali bhadwa,Hinglish,Nuclear
gaand phaad phadke phad dunga,Hinglish,Nuclear
lawda randi ka lund choos,Hinglish,Nuclear
daal dunga pucchi khajvya phad dunga,Hinglish/Marathi Mix,Nuclear
gand mar ki aulad phadke,Hinglish,Nuclear
lund harami chutiya phadke,Hinglish,Nuclear
ayica dana chutiya lund,Hinglish,Nuclear
behenchod randi harami choos,Hinglish,Nuclear
tujha aila kutryawani lawda lund,Hinglish,Nuclear
chutiya zavadya madarchod bhosdike,Hinglish,Nuclear
lund zavadya madarchod phad dunga,Hinglish,Nuclear
harami tujha aila kutryawani daal dunga,Hinglish,Nuclear
tuzya aaicha foda hijda phad dunga,Hinglish/Marathi Mix,Nuclear
choos madarchod bhosdike phad dunga,Hinglish,Nuclear
kutte ki aulad hijda harami,Hinglish,Nuclear
lund lavde ka baal mar,Hinglish,Nuclear
teri maa ki chut mar daal dunga,Hinglish,Nuclear
harami ayica dana hijda,Hinglish,Nuclear
randi ka lund phad dunga daal dunga,Hinglish,Nuclear
bhosdike teri maa ki chut mar,Hinglish,Nuclear
maa ka bhosada ki aulad bhadwa,Hinglish,Nuclear
ki aulad randi ka lund phad dunga,Hinglish,Nuclear
ayica dana lund hijda,Hinglish,Nuclear
lavda choos mar lund,Hinglish,Nuclear
chutiya zavadya madarchod randi,Hinglish,Nuclear
ki aulad ayica dana mar,Hinglish,Nuclear
phadke madarchod bhosdike bhadwa,Hinglish,Nuclear
bhosdi wali chutiya lawda,Hinglish,Nuclear
randi ka lund bhadwa chutiya,Hinglish,Nuclear
gaandu aai chi gand hijda,Hinglish/Marathi Mix,Nuclear
lund gand phatli bhenchod mar,Hinglish/Marathi Mix,Nuclear
kutte ki aulad madarchod harami,Hinglish,Nuclear
gaand phaad randi phadke,Hinglish,Nuclear
lawda kutte ki aulad lund,Hinglish,Nuclear
chutiya gand mar bhosdike,Hinglish,Nuclear
tuzya aaicha foda madarchod mar,Hinglish/Marathi Mix,Nuclear
ki aulad behenchod randi harami,Hinglish,Nuclear
behen ki chut lund gaandu,Hinglish,Nuclear
bhadwa lavda choos phad dunga,Hinglish,Nuclear
chutiya bhosdi wali hijda,Hinglish,Nuclear
mar tujha aila kutryawani phadke,Hinglish,Nuclear
mar ayica dana gaandu,Hinglish,Nuclear
lund ayica dana randi,Hinglish,Nuclear
aai chi gand gaandu bhosdike,Hinglish/Marathi Mix,Nuclear
gaand phaad madarchod randi,Hinglish,Nuclear
lavda choos hijda madarchod,Hinglish,Nuclear
chut mein lund bhadwa lawda,Hinglish,Nuclear
pucchi khajvya harami phadke,Hinglish/Marathi Mix,Nuclear
tuzya aaichi pucchi gaandu bhadwa,Hinglish/Marathi Mix,Nuclear
mar bhosdi wali phadke,Hinglish,Nuclear
randi ka lund choos phadke,Hinglish,Nuclear
phadke bhosdi wali lund,Hinglish,Nuclear
maa ka bhosada phad dunga randi,Hinglish,Nuclear
tujha aila kutryawani lund hijda,Hinglish,Nuclear
phadke harami chutiya lund,Hinglish,Nuclear
lavde ka baal daal dunga lund,Hinglish,Nuclear
gaand phaad lawda randi,Hinglish,Nuclear
aai chi gand phadke mar,Hinglish/Marathi Mix,Nuclear
randi ka lund daal dunga bhosdike,Hinglish,Nuclear
behen ki chut lund mar,Hinglish,Nuclear
maa ka bhosada chutiya harami,Hinglish,Nuclear
behen ki chut daal dunga gaandu,Hinglish,Nuclear
bhosdike behen ki chut hijda,Hinglish,Nuclear
daal dunga ayica dana phadke,Hinglish,Nuclear
zavadya madarchod phadke chutiya,Hinglish,Nuclear
kutte ki aulad ki aulad choos,Hinglish,Nuclear
lawda behenchod randi mar,Hinglish,Nuclear
phadke kutte ki aulad randi,Hinglish,Nuclear
maa ka bhosada mar daal dunga,Hinglish,Nuclear
behenchod randi harami ki aulad,Hinglish,Nuclear
bhosdike gaandu harami lund,Hinglish,Nuclear
phadke lavda choos madarchod,Hinglish,Nuclear
behen ki chut harami lawda,Hinglish,Nuclear
madarchod tujha aila kutryawani gaandu,Hinglish,Nuclear
behen ki chut phadke chutiya,Hinglish,Nuclear
mar gaand phaad hijda,Hinglish,Nuclear
tuzya aaicha foda hijda madarchod,Hinglish/Marathi Mix,Nuclear
harami chutiya phad dunga phad dunga,Hinglish,Nuclear
lavda choos harami bhosdike,Hinglish,Nuclear
phadke bhosdi wali bhadwa,Hinglish,Nuclear
ki aulad kutte ki aulad ki aulad,Hinglish,Nuclear
lavde ka baal choos ki aulad,Hinglish,Nuclear
madarchod gand mar bhadwa,Hinglish,Nuclear
aai chi gand mar phad dunga,Hinglish/Marathi Mix,Nuclear
maa ka bhosada lawda phadke,Hinglish,Nuclear
gaand phaad mar lund,Hinglish,Nuclear
bhadwa gaandu harami phad dunga,Hinglish,Nuclear
tuzya aaichi pucchi choos choos,Hinglish/Marathi Mix,Nuclear
bhadwa gaand phaad lawda,Hinglish,Nuclear
mar randi ka lund ki aulad,Hinglish,Nuclear
tujha aila kutryawani daal dunga choos,Hinglish,Nuclear
harami zavadya madarchod harami,Hinglish,Nuclear
ki aulad maa ka bhosada hijda,Hinglish,Nuclear
aai chi gand madarchod ki aulad,Hinglish/Marathi Mix,Nuclear
behen ki chut harami lund,Hinglish,Nuclear
bhosdi wali bhosdike choos,Hinglish,Nuclear
lavde ka baal daal dunga mar,Hinglish,Nuclear
tuzya aaicha foda lawda phadke,Hinglish/Marathi Mix,Nuclear
bhosdike randi ka lund phadke,Hinglish,Nuclear
lund teri maa ki chut choos,Hinglish,Nuclear
lawda behen ki chut gaandu,Hinglish,Nuclear
lund behenchod randi randi,Hinglish,Nuclear
gaandu tuzya aaicha foda madarchod,Hinglish/Marathi Mix,Nuclear
aai chi gand phadke phadke,Hinglish/Marathi Mix,Nuclear
madarchod behenchod randi hijda,Hinglish,Nuclear
tuzya aaichi pucchi lawda chutiya,Hinglish/Marathi Mix,Nuclear
choos lavda choos ki aulad,Hinglish,Nuclear
behenchod randi chutiya lawda,Hinglish,Nuclear
tujha aila kutryawani choos chutiya,Hinglish,Nuclear
tuzya aaichi pucchi gaandu chutiya,Hinglish/Marathi Mix,Nuclear
ayica dana gaandu choos,Hinglish,Nuclear
madarchod bhosdike phad dunga chutiya,Hinglish,Nuclear
daal dunga gaandu harami mar,Hinglish,Nuclear
ki aulad harami chutiya randi,Hinglish,Nuclear
daal dunga tuzya aaicha foda madarchod,Hinglish/Marathi Mix,Nuclear
daal dunga behen ki chut randi,Hinglish,Nuclear
lund ayica dana lawda,Hinglish,Nuclear
tuzya aaichi pucchi lund chutiya,Hinglish/Marathi Mix,Nuclear
daal dunga zavadya madarchod bhadwa,Hinglish,Nuclear
chutiya lavda choos chutiya,Hinglish,Nuclear
behen ki chut chutiya randi,Hinglish,Nuclear
lavda choos lund lund,Hinglish,Nuclear
bhadwa lavda choos chutiya,Hinglish,Nuclear
lavde ka baal mar madarchod,Hinglish,Nuclear
harami chutiya phad dunga hijda,Hinglish,Nuclear
aai chi gand daal dunga mar,Hinglish/Marathi Mix,Nuclear
gaandu lavda choos ki aulad,Hinglish,Nuclear
maa ka bhosada phadke bhadwa,Hinglish,Nuclear
daal dunga ayica dana gaandu,Hinglish,Nuclear
behen ki chut phadke hijda,Hinglish,Nuclear
chut mein lund phad dunga chutiya,Hinglish,Nuclear
ayica dana bhosdike randi,Hinglish,Nuclear
hijda maa ka bhosada mar,Hinglish,Nuclear
harami lavde ka baal gaandu,Hinglish,Nuclear
lawda randi ka lund phadke,Hinglish,Nuclear
phad dunga bhosdi wali harami,Hinglish,Nuclear
ayica dana hijda mar,Hinglish,Nuclear
gaand phaad phadke mar,Hinglish,Nuclear
madarchod lavde ka baal lund,Hinglish,Nuclear
lavde ka baal choos phadke,Hinglish,Nuclear
daal dunga madarchod bhosdike ki aulad,Hinglish,Nuclear
gaandu tujha aila kutryawani madarchod,Hinglish,Nuclear
randi ka lund lund bhadwa,Hinglish,Nuclear
harami chutiya ki aulad phad dunga,Hinglish,Nuclear
harami behen ki chut hijda,Hinglish,Nuclear
hijda gaandu harami madarchod,Hinglish,Nuclear
harami gand phatli bhenchod lund,Hinglish/Marathi Mix,Nuclear
tuzya aaicha foda hijda lund,Hinglish/Marathi Mix,Nuclear
lawda bhosdi wali choos,Hinglish,Nuclear
mar madarchod bhosdike lawda,Hinglish,Nuclear
madarchod pucchi khajvya gaandu,Hinglish/Marathi Mix,Nuclear
mar maa ka bhosada hijda,Hinglish,Nuclear
ki aulad lavda choos harami,Hinglish,Nuclear
tuzya aaicha foda ki aulad ki aulad,Hinglish/Marathi Mix,Nuclear
lawda lavda choos gaandu,Hinglish,Nuclear
zavadya madarchod phadke daal dunga,Hinglish,Nuclear
hijda zavadya madarchod hijda,Hinglish,Nuclear
zavadya madarchod madarchod daal dunga,Hinglish,Nuclear
gand phatli bhenchod lund choos,Hinglish/Marathi Mix,Nuclear
madarchod zavadya madarchod bhadwa,Hinglish,Nuclear
chutiya bhosdi wali randi,Hinglish,Nuclear
chutiya aai chi gand harami,Hinglish/Marathi Mix,Nuclear
zavadya madarchod phad dunga phadke,Hinglish,Nuclear
gaandu behenchod randi harami,Hinglish,Nuclear
chut mein lund mar lund,Hinglish,Nuclear
daal dunga lavda choos bhadwa,Hinglish,Nuclear
ki aulad gaand phaad hijda,Hinglish,Nuclear
bhadwa zavadya madarchod randi,Hinglish,Nuclear
lawda kutte ki aulad gaandu,Hinglish,Nuclear
chutiya gaandu harami mar,Hinglish,Nuclear
bhadwa behen ki chut choos,Hinglish,Nuclear
behenchod randi daal dunga lawda,Hinglish,Nuclear
chutiya harami chutiya chutiya,Hinglish,Nuclear
gaandu maa ka bhosada bhosdike,Hinglish,Nuclear
tuzya aaicha foda phad dunga bhadwa,Hinglish/Marathi Mix,Nuclear
lavda choos madarchod gaandu,Hinglish,Nuclear
bhadwa tujha aila kutryawani ki aulad,Hinglish,Nuclear
randi gand phatli bhenchod lund,Hinglish/Marathi Mix,Nuclear
gaandu lavde ka baal lund,Hinglish,Nuclear
bhosdi wali gaandu bhadwa,Hinglish,Nuclear
lawda lavda choos bhosdike,Hinglish,Nuclear
gaandu harami phad dunga chutiya,Hinglish,Nuclear
hijda tujha aila kutryawani madarchod,Hinglish,Nuclear
gaandu randi ka lund phad dunga,Hinglish,Nuclear
madarchod bhosdike daal dunga bhadwa,Hinglish,Nuclear
bhosdi wali gaandu mar,Hinglish,Nuclear
pucchi khajvya randi ki aulad,Hinglish/Marathi Mix,Nuclear
tuzya aaichi pucchi phad dunga mar,Hinglish/Marathi Mix,Nuclear
gaandu harami lawda mar,Hinglish,Nuclear
ayica dana daal dunga bhosdike,Hinglish,Nuclear
bhosdi wali phadke phadke,Hinglish,Nuclear
harami chutiya phadke mar,Hinglish,Nuclear
gand mar phadke mar,Hinglish,Nuclear
bhosdike harami chutiya bhosdike,Hinglish,Nuclear
tuzya aaichi pucchi ki aulad daal dunga,Hinglish/Marathi Mix,Nuclear
mar teri maa ki chut hijda,Hinglish,Nuclear
tuzya aaicha foda bhosdike madarchod,Hinglish/Marathi Mix,Nuclear
phad dunga chut mein lund phad dunga,Hinglish,Nuclear
chutiya randi ka lund madarchod,Hinglish,Nuclear
bhosdike gaandu harami choos,Hinglish,Nuclear
gaandu aai chi gand mar,Hinglish/Marathi Mix,Nuclear
choos behenchod randi harami,Hinglish,Nuclear
chutiya kutte ki aulad madarchod,Hinglish,Nuclear
choos gand mar chutiya,Hinglish,Nuclear
daal dunga teri maa ki chut ki aulad,Hinglish,Nuclear
tuzya aaicha foda madarchod gaandu,Hinglish/Marathi Mix,Nuclear
gaand phaad gaandu lawda,Hinglish,Nuclear
chutiya zavadya madarchod madarchod,Hinglish,Nuclear
bhosdike gand mar bhadwa,Hinglish,Nuclear
choos kutte ki aulad hijda,Hinglish,Nuclear
mar madarchod bhosdike choos,Hinglish,Nuclear
bhadwa chut mein lund daal dunga,Hinglish,Nuclear
gand phatli bhenchod randi lawda,Hinglish/Marathi Mix,Nuclear
ayica dana randi lund,Hinglish,Nuclear
zavadya madarchod mar gaandu,Hinglish,Nuclear
hijda madarchod bhosdike phad dunga,Hinglish,Nuclear
chut mein lund daal dunga chutiya,Hinglish,Nuclear
chut mein lund bhadwa mar,Hinglish,Nuclear
madarchod behen ki chut lund,Hinglish,Nuclear
daal dunga ayica dana mar,Hinglish,Nuclear
bhadwa zavadya madarchod phadke,Hinglish,Nuclear
daal dunga ayica dana hijda,Hinglish,Nuclear
chutiya behenchod randi bhosdike,Hinglish,Nuclear
phad dunga lavde ka baal harami,Hinglish,Nuclear
ki aulad gand phatli bhenchod choos,Hinglish/Marathi Mix,Nuclear
ki aulad madarchod bhosdike chutiya,Hinglish,Nuclear
teri maa ki chut phad dunga lund,Hinglish,Nuclear
zavadya madarchod randi chutiya,Hinglish,Nuclear
daal dunga tujha aila kutryawani bhosdike,Hinglish,Nuclear
madarchod bhosdike phadke chutiya,Hinglish,Nuclear
lund gand mar madarchod,Hinglish,Nuclear
behenchod randi bhadwa hijda,Hinglish,Nuclear
madarchod tuzya aaichi pucchi lund,Hinglish/Marathi Mix,Nuclear
harami behen ki chut daal dunga,Hinglish,Nuclear
gand phatli bhenchod madarchod bhosdike,Hinglish/Marathi Mix,Nuclear
gaand phaad gaandu randi,Hinglish,Nuclear
kutte ki aulad randi bhadwa,Hinglish,Nuclear
mar lavda choos bhosdike,Hinglish,Nuclear
tuzya aaichi pucchi lund choos,Hinglish/Marathi Mix,Nuclear
hijda harami chutiya madarchod,Hinglish,Nuclear
aai chi gand daal dunga bhadwa,Hinglish/Marathi Mix,Nuclear
gand phatli bhenchod ki aulad gaandu,Hinglish/Marathi Mix,Nuclear
choos lavda choos daal dunga,Hinglish,Nuclear
tujha aila kutryawani hijda gaandu,Hinglish,Nuclear
hijda teri maa ki chut mar,Hinglish,Nuclear
choos behen ki chut gaandu,Hinglish,Nuclear
bhosdi wali randi lawda,Hinglish,Nuclear
bhosdike kutte ki aulad mar,Hinglish,Nuclear
maa ka bhosada chutiya bhadwa,Hinglish,Nuclear
madarchod bhosdike randi lund,Hinglish,Nuclear
mar madarchod bhosdike madarchod,Hinglish,Nuclear
hijda gaand phaad gaandu,Hinglish,Nuclear
phad dunga tuzya aaichi pucchi randi,Hinglish/Marathi Mix,Nuclear
phad dunga madarchod bhosdike ki aulad,Hinglish,Nuclear
gaandu harami bhadwa ki aulad,Hinglish,Nuclear
pucchi khajvya phadke lund,Hinglish/Marathi Mix,Nuclear
teri maa ki chut mar phadke,Hinglish,Nuclear
bhadwa maa ka bhosada hijda,Hinglish,Nuclear
lavda choos hijda gaandu,Hinglish,Nuclear
kutte ki aulad gaandu daal dunga,Hinglish,Nuclear
behen ki chut ki aulad phad dunga,Hinglish,Nuclear
ki aulad maa ka bhosada daal dunga,Hinglish,Nuclear
zavadya madarchod gaandu choos,Hinglish,Nuclear
randi gand phatli bhenchod chutiya,Hinglish/Marathi Mix,Nuclear
kutte ki aulad mar chutiya,Hinglish,Nuclear
gaandu teri maa ki chut phadke,Hinglish,Nuclear
harami madarchod bhosdike phad dunga,Hinglish,Nuclear
tuzya aaichi pucchi chutiya madarchod,Hinglish/Marathi Mix,Nuclear
tuzya aaichi pucchi bhadwa gaandu,Hinglish/Marathi Mix,Nuclear
bhadwa randi ka lund madarchod,Hinglish,Nuclear
madarchod lavde ka baal randi,Hinglish,Nuclear
aai chi gand bhosdike madarchod,Hinglish/Marathi Mix,Nuclear
randi kutte ki aulad ki aulad,Hinglish,Nuclear
gand phatli bhenchod madarchod lawda,Hinglish/Marathi Mix,Nuclear
kutte ki aulad mar randi,Hinglish,Nuclear
phad dunga chut mein lund lund,Hinglish,Nuclear
gaand phaad harami madarchod,Hinglish,Nuclear
kutte ki aulad choos phadke,Hinglish,Nuclear
randi gaand phaad phadke,Hinglish,Nuclear
chutiya randi ka lund choos,Hinglish,Nuclear
behen ki chut madarchod randi,Hinglish,Nuclear
randi ka lund gaandu harami,Hinglish,Nuclear
choos gaandu harami ki aulad,Hinglish,Nuclear
lund teri maa ki chut lund,Hinglish,Nuclear
chutiya pucchi khajvya gaandu,Hinglish/Marathi Mix,Nuclear
bhosdi wali phad dunga harami,Hinglish,Nuclear
lawda gaand phaad madarchod,Hinglish,Nuclear
lawda gaand phaad mar,Hinglish,Nuclear
behenchod randi phadke lund,Hinglish,Nuclear
madarchod behen ki chut bhadwa,Hinglish,Nuclear
gand mar phad dunga bhosdike,Hinglish,Nuclear
madarchod gaandu harami daal dunga,Hinglish,Nuclear
chutiya lavde ka baal bhosdike,Hinglish,Nuclear
randi tuzya aaicha foda lund,Hinglish/Marathi Mix,Nuclear
ayica dana phadke phad dunga,Hinglish,Nuclear
randi tuzya aaichi pucchi harami,Hinglish/Marathi Mix,Nuclear
gaandu harami hijda choos,Hinglish,Nuclear
kutte ki aulad daal dunga chutiya,Hinglish,Nuclear
gand phatli bhenchod chutiya mar,Hinglish/Marathi Mix,Nuclear
madarchod bhosdike lund hijda,Hinglish,Nuclear
zavadya madarchod randi madarchod,Hinglish,Nuclear
randi pucchi khajvya choos,Hinglish/Marathi Mix,Nuclear
bhosdi wali ki aulad harami,Hinglish,Nuclear
behenchod randi bhosdike madarchod,Hinglish,Nuclear
madarchod kutte ki aulad lund,Hinglish,Nuclear
randi teri maa ki chut ki aulad,Hinglish,Nuclear
bhosdike maa ka bhosada phad dunga,Hinglish,Nuclear
harami chutiya randi lawda,Hinglish,Nuclear
madarchod gaandu harami randi,Hinglish,Nuclear
bhosdike aai chi gand lund,Hinglish/Marathi Mix,Nuclear
tuzya aaicha foda mar mar,Hinglish/Marathi Mix,Nuclear
choos zavadya madarchod phad dunga,Hinglish,Nuclear
phadke lavde ka baal phad dunga,Hinglish,Nuclear
gand phatli bhenchod madarchod hijda,Hinglish/Marathi Mix,Nuclear
ayica dana lund ki aulad,Hinglish,Nuclear
daal dunga tuzya aaichi pucchi mar,Hinglish/Marathi Mix,Nuclear
behenchod randi gaandu lawda,Hinglish,Nuclear
gand mar daal dunga harami,Hinglish,Nuclear
harami harami chutiya madarchod,Hinglish,Nuclear
pucchi khajvya madarchod phadke,Hinglish/Marathi Mix,Nuclear
harami chutiya lawda phadke,Hinglish,Nuclear
kutte ki aulad lawda hijda,Hinglish,Nuclear
tuzya aaichi pucchi phad dunga bhosdike,Hinglish/Marathi Mix,Nuclear
harami bhosdi wali gaandu,Hinglish,Nuclear
bhadwa tuzya aaichi pucchi phad dunga,Hinglish/Marathi Mix,Nuclear
gaandu gand phatli bhenchod ki aulad,Hinglish/Marathi Mix,Nuclear
ki aulad gaandu harami phadke,Hinglish,Nuclear
kutte ki aulad harami choos,Hinglish,Nuclear
gand mar bhadwa phadke,Hinglish,Nuclear
chutiya lavda choos phadke,Hinglish,Nuclear
teri maa ki chut hijda mar,Hinglish,Nuclear
pucchi khajvya mar phadke,Hinglish/Marathi Mix,Nuclear
teri maa ki chut ki aulad bhosdike,Hinglish,Nuclear
chutiya behenchod randi harami,Hinglish,Nuclear
ki aulad harami chutiya lund,Hinglish,Nuclear
ayica dana bhadwa bhosdike,Hinglish,Nuclear
behen ki chut phadke ki aulad,Hinglish,Nuclear
gand mar gaandu lund,Hinglish,Nuclear
phadke lavde ka baal choos,Hinglish,Nuclear
daal dunga kutte ki aulad phad dunga,Hinglish,Nuclear
gaandu gaandu harami harami,Hinglish,Nuclear
phad dunga madarchod bhosdike harami,Hinglish,Nuclear
behen ki chut bhadwa daal dunga,Hinglish,Nuclear
ki aulad zavadya madarchod harami,Hinglish,Nuclear
gaand phaad chutiya bhadwa,Hinglish,Nuclear
chut mein lund hijda madarchod,Hinglish,Nuclear
behenchod randi daal dunga madarchod,Hinglish,Nuclear
ki aulad tuzya aaichi pucchi phadke,Hinglish/Marathi Mix,Nuclear
zavadya madarchod ki aulad lund,Hinglish,Nuclear
harami behenchod randi phadke,Hinglish,Nuclear
teri maa ki chut lund mar,Hinglish,Nuclear
pucchi khajvya hijda bhosdike,Hinglish/Marathi Mix,Nuclear
gaand phaad bhadwa phadke,Hinglish,Nuclear
randi ka lund madarchod hijda,Hinglish,Nuclear
madarchod bhosdike bhadwa randi,Hinglish,Nuclear
gaandu harami bhosdike phadke,Hinglish,Nuclear
maa ka bhosada harami randi,Hinglish,Nuclear
lavde ka baal gaandu hijda,Hinglish,Nuclear
randi zavadya madarchod mar,Hinglish,Nuclear
randi teri maa ki chut madarchod,Hinglish,Nuclear
phad dunga gaandu harami lund,Hinglish,Nuclear
choos gand mar bhadwa,Hinglish,Nuclear
madarchod bhosdike bhosdike daal dunga,Hinglish,Nuclear
randi lavde ka baal choos,Hinglish,Nuclear
choos tuzya aaichi pucchi ki aulad,Hinglish/Marathi Mix,Nuclear
phad dunga gaand phaad hijda,Hinglish,Nuclear
gaandu harami gaandu phad dunga,Hinglish,Nuclear
mar lavde ka baal daal dunga,Hinglish,Nuclear
gand mar randi choos,Hinglish,Nuclear
madarchod bhosdike lund bhosdike,Hinglish,Nuclear
bhadwa madarchod bhosdike mar,Hinglish,Nuclear
maa ka bhosada lawda mar,Hinglish,Nuclear
choos behenchod randi choos,Hinglish,Nuclear
gaandu harami bhosdike phad dunga,Hinglish,Nuclear
bhosdi wali harami lawda,Hinglish,Nuclear
maa ka bhosada hijda bhosdike,Hinglish,Nuclear
tuzya aaichi pucchi randi madarchod,Hinglish/Marathi Mix,Nuclear
gand phatli bhenchod daal dunga madarchod,Hinglish/Marathi Mix,Nuclear
madarchod madarchod bhosdike daal dunga,Hinglish,Nuclear
ki aulad kutte ki aulad harami,Hinglish,Nuclear
randi harami chutiya gaandu,Hinglish,Nuclear
choos zavadya madarchod daal dunga,Hinglish,Nuclear
madarchod gand phatli bhenchod madarchod,Hinglish/Marathi Mix,Nuclear
randi maa ka bhosada phad dunga,Hinglish,Nuclear
madarchod bhosdike phad dunga hijda,Hinglish,Nuclear
ki aulad lavda choos chutiya,Hinglish,Nuclear
harami kutte ki aulad phad dunga,Hinglish,Nuclear
gaandu harami bhadwa phad dunga,Hinglish,Nuclear
daal dunga aai chi gand daal dunga,Hinglish/Marathi Mix,Nuclear
behen ki chut lund randi,Hinglish,Nuclear
tuzya aaicha foda choos bhadwa,Hinglish/Marathi Mix,Nuclear
lawda harami chutiya bhosdike,Hinglish,Nuclear
bhosdike pucchi khajvya phad dunga,Hinglish/Marathi Mix,Nuclear
behen ki chut harami choos,Hinglish,Nuclear
harami chutiya ki aulad randi,Hinglish,Nuclear
lund gand phatli bhenchod gaandu,Hinglish/Marathi Mix,Nuclear
bhadwa ayica dana chutiya,Hinglish,Nuclear
choos teri maa ki chut lawda,Hinglish,Nuclear
ki aulad kutte ki aulad lawda,Hinglish,Nuclear
lund teri maa ki chut lawda,Hinglish,Nuclear
ki aulad kutte ki aulad daal dunga,Hinglish,Nuclear
ayica dana madarchod choos,Hinglish,Nuclear
gaandu harami bhadwa hijda,Hinglish,Nuclear
gand phatli bhenchod madarchod gaandu,Hinglish/Marathi Mix,Nuclear
teri maa ki chut madarchod bhosdike,Hinglish,Nuclear
bhadwa lavde ka baal gaandu,Hinglish,Nuclear
tujha aila kutryawani choos gaandu,Hinglish,Nuclear
randi ayica dana choos,Hinglish,Nuclear
teri maa ki chut bhadwa mar,Hinglish,Nuclear
daal dunga madarchod bhosdike bhosdike,Hinglish,Nuclear
gaand phaad madarchod bhadwa,Hinglish,Nuclear
tuzya aaichi pucchi gaandu randi,Hinglish/Marathi Mix,Nuclear
ayica dana bhadwa lund,Hinglish,Nuclear
gaandu lavde ka baal mar,Hinglish,Nuclear
mar gaandu harami madarchod,Hinglish,Nuclear
phad dunga kutte ki aulad ki aulad,Hinglish,Nuclear
lavda choos madarchod madarchod,Hinglish,Nuclear
teri maa ki chut mar hijda,Hinglish,Nuclear
teri maa ki chut madarchod mar,Hinglish,Nuclear
mar lavda choos gaandu,Hinglish,Nuclear
tujha aila kutryawani bhadwa madarchod,Hinglish,Nuclear
maa ka bhosada chutiya hijda,Hinglish,Nuclear
behen ki chut bhosdike daal dunga,Hinglish,Nuclear
chutiya ayica dana bhadwa,Hinglish,Nuclear
gaandu bhosdi wali madarchod,Hinglish,Nuclear
behenchod randi madarchod phadke,Hinglish,Nuclear
phadke madarchod bhosdike lawda,Hinglish,Nuclear
tujha aila kutryawani gaandu harami,Hinglish,Nuclear
daal dunga gaand phaad chutiya,Hinglish,Nuclear
gaandu harami hijda lund,Hinglish,Nuclear
ki aulad zavadya madarchod choos,Hinglish,Nuclear
lavda choos madarchod choos,Hinglish,Nuclear
randi teri maa ki chut lawda,Hinglish,Nuclear
behen ki chut gaandu ki aulad,Hinglish,Nuclear
kutte ki aulad phad dunga mar,Hinglish,Nuclear
tuzya aaichi pucchi madarchod hijda,Hinglish/Marathi Mix,Nuclear
randi lavde ka baal hijda,Hinglish,Nuclear
hijda kutte ki aulad phad dunga,Hinglish,Nuclear
bhosdi wali choos bhadwa,Hinglish,Nuclear
gaand phaad phad dunga gaandu,Hinglish,Nuclear
hijda behenchod randi bhadwa,Hinglish,Nuclear
gaand phaad lawda daal dunga,Hinglish,Nuclear
maa ka bhosada madarchod phad dunga,Hinglish,Nuclear
lawda bhosdi wali chutiya,Hinglish,Nuclear
pucchi khajvya daal dunga phadke,Hinglish/Marathi Mix,Nuclear
madarchod bhosdike phadke choos,Hinglish,Nuclear
phad dunga tujha aila kutryawani phadke,Hinglish,Nuclear
behen ki chut gaandu hijda,Hinglish,Nuclear
mar pucchi khajvya madarchod,Hinglish/Marathi Mix,Nuclear
lavda choos choos bhosdike,Hinglish,Nuclear
madarchod bhosdike chutiya madarchod,Hinglish,Nuclear
mar behen ki chut daal dunga,Hinglish,Nuclear
choos lavde ka baal lawda,Hinglish,Nuclear
choos ayica dana mar,Hinglish,Nuclear
daal dunga zavadya madarchod choos,Hinglish,Nuclear
tuzya aaichi pucchi hijda phad dunga,Hinglish/Marathi Mix,Nuclear
lawda zavadya madarchod chutiya,Hinglish,Nuclear
aai chi gand madarchod gaandu,Hinglish/Marathi Mix,Nuclear
gaand phaad lawda choos,Hinglish,Nuclear
lawda gaandu harami chutiya,Hinglish,Nuclear
gaand phaad choos daal dunga,Hinglish,Nuclear
lawda aai chi gand bhosdike,Hinglish/Marathi Mix,Nuclear
gaandu teri maa ki chut mar,Hinglish,Nuclear
lawda gand mar madarchod,Hinglish,Nuclear
bhosdike maa ka bhosada choos,Hinglish,Nuclear
phadke chut mein lund mar,Hinglish,Nuclear
gaandu harami choos hijda,Hinglish,Nuclear
bhosdike madarchod bhosdike daal dunga,Hinglish,Nuclear
harami ayica dana phad dunga,Hinglish,Nuclear
phad dunga tujha aila kutryawani bhosdike,Hinglish,Nuclear
kutte ki aulad lund lawda,Hinglish,Nuclear
madarchod gand mar madarchod,Hinglish,Nuclear
teri maa ki chut hijda bhadwa,Hinglish,Nuclear
chutiya chut mein lund lund,Hinglish,Nuclear
lavda choos hijda randi,Hinglish,Nuclear
lund gaandu harami madarchod,Hinglish,Nuclear
lavde ka baal hijda chutiya,Hinglish,Nuclear
tujha aila kutryawani bhosdike gaandu,Hinglish,Nuclear
lawda tuzya aaicha foda phadke,Hinglish/Marathi Mix,Nuclear
maa ka bhosada bhadwa chutiya,Hinglish,Nuclear
kutte ki aulad chutiya hijda,Hinglish,Nuclear
gaand phaad phadke choos,Hinglish,Nuclear
lavda choos lund phadke,Hinglish,Nuclear
aai chi gand phad dunga chutiya,Hinglish/Marathi Mix,Nuclear
kutte ki aulad lawda lawda,Hinglish,Nuclear
bhadwa kutte ki aulad randi,Hinglish,Nuclear
ayica dana bhadwa madarchod,Hinglish,Nuclear
mar gand mar hijda,Hinglish,Nuclear
ayica dana bhadwa daal dunga,Hinglish,Nuclear
ayica dana lawda gaandu,Hinglish,Nuclear
gaand phaad phadke hijda,Hinglish,Nuclear
behen ki chut chutiya phadke,Hinglish,Nuclear
hijda tuzya aaichi pucchi bhosdike,Hinglish/Marathi Mix,Nuclear
lavda choos harami ki aulad,Hinglish,Nuclear
madarchod bhosdike phad dunga gaandu,Hinglish,Nuclear
aai chi gand mar gaandu,Hinglish/Marathi Mix,Nuclear
bhosdike maa ka bhosada chutiya,Hinglish,Nuclear
daal dunga randi ka lund hijda,Hinglish,Nuclear
gaandu gaandu harami choos,Hinglish,Nuclear
harami chutiya choos hijda,Hinglish,Nuclear
harami chut mein lund chutiya,Hinglish,Nuclear
phadke behenchod randi phadke,Hinglish,Nuclear
madarchod bhosdike mar chutiya,Hinglish,Nuclear
bhosdike zavadya madarchod lawda,Hinglish,Nuclear
kutte ki aulad phadke daal dunga,Hinglish,Nuclear
harami teri maa ki chut madarchod,Hinglish,Nuclear
tujha aila kutryawani choos choos,Hinglish,Nuclear
hijda kutte ki aulad chutiya,Hinglish,Nuclear
madarchod tuzya aaicha foda bhosdike,Hinglish/Marathi Mix,Nuclear
pucchi khajvya lund chutiya,Hinglish/Marathi Mix,Nuclear
behenchod randi phadke madarchod,Hinglish,Nuclear
gaand phaad bhadwa lund,Hinglish,Nuclear
daal dunga aai chi gand phadke,Hinglish/Marathi Mix,Nuclear
daal dunga gaandu harami randi,Hinglish,Nuclear
behenchod randi hijda phad dunga,Hinglish,Nuclear
pucchi khajvya hijda ki aulad,Hinglish/Marathi Mix,Nuclear
behenchod randi gaandu mar,Hinglish,Nuclear
phadke ayica dana bhadwa,Hinglish,Nuclear
gaand phaad harami randi,Hinglish,Nuclear
gand phatli bhenchod bhosdike lund,Hinglish/Marathi Mix,Nuclear
bhadwa madarchod bhosdike bhadwa,Hinglish,Nuclear
daal dunga teri maa ki chut lawda,Hinglish,Nuclear
pucchi khajvya bhadwa bhosdike,Hinglish/Marathi Mix,Nuclear
kutte ki aulad randi bhosdike,Hinglish,Nuclear
mar lavde ka baal bhadwa,Hinglish,Nuclear
tuzya aaichi pucchi bhadwa phadke,Hinglish/Marathi Mix,Nuclear
lund lavde ka baal ki aulad,Hinglish,Nuclear
ki aulad tujha aila kutryawani mar,Hinglish,Nuclear
phad dunga gaand phaad ki aulad,Hinglish,Nuclear
chutiya teri maa ki chut lund,Hinglish,Nuclear
behen ki chut gaandu madarchod,Hinglish,Nuclear
randi aai chi gand choos,Hinglish/Marathi Mix,Nuclear
aai chi gand lawda phadke,Hinglish/Marathi Mix,Nuclear
daal dunga gand phatli bhenchod phad dunga,Hinglish/Marathi Mix,Nuclear
randi ka lund phadke harami,Hinglish,Nuclear
daal dunga aai chi gand madarchod,Hinglish/Marathi Mix,Nuclear
harami chutiya hijda phadke,Hinglish,Nuclear
mar kutte ki aulad gaandu,Hinglish,Nuclear
phadke gand phatli bhenchod hijda,Hinglish/Marathi Mix,Nuclear
chutiya lavda choos choos,Hinglish,Nuclear
lawda chut mein lund gaandu,Hinglish,Nuclear
phad dunga ayica dana chutiya,Hinglish,Nuclear
gaandu aai chi gand phad dunga,Hinglish/Marathi Mix,Nuclear
zavadya madarchod daal dunga phad dunga,Hinglish,Nuclear
chutiya ayica dana mar,Hinglish,Nuclear
chutiya gand phatli bhenchod ki aulad,Hinglish/Marathi Mix,Nuclear
ayica dana gaandu ki aulad,Hinglish,Nuclear
randi ka lund hijda harami,Hinglish,Nuclear
chut mein lund daal dunga daal dunga,Hinglish,Nuclear
gaand phaad bhosdike daal dunga,Hinglish,Nuclear
gaand phaad harami gaandu,Hinglish,Nuclear
bhadwa pucchi khajvya ki aulad,Hinglish/Marathi Mix,Nuclear
randi zavadya madarchod bhadwa,Hinglish,Nuclear
gaand phaad madarchod gaandu,Hinglish,Nuclear
tuzya aaicha foda randi lawda,Hinglish/Marathi Mix,Nuclear
tuzya aaichi pucchi daal dunga bhadwa,Hinglish/Marathi Mix,Nuclear
lawda harami chutiya lawda,Hinglish,Nuclear
madarchod bhosdike ki aulad hijda,Hinglish,Nuclear
phadke gaandu harami madarchod,Hinglish,Nuclear
phadke zavadya madarchod mar,Hinglish,Nuclear
gaandu harami daal dunga bhosdike,Hinglish,Nuclear
gaandu tujha aila kutryawani lawda,Hinglish,Nuclear
madarchod bhosdike phad dunga lawda,Hinglish,Nuclear
harami chutiya phad dunga gaandu,Hinglish,Nuclear
gand mar lund phadke,Hinglish,Nuclear
madarchod bhosdi wali phadke,Hinglish,Nuclear
gaand phaad harami ki aulad,Hinglish,Nuclear
daal dunga harami chutiya bhosdike,Hinglish,Nuclear
randi madarchod bhosdike madarchod,Hinglish,Nuclear
gaandu teri maa ki chut madarchod,Hinglish,Nuclear
bhosdi wali lawda phadke,Hinglish,Nuclear
chut mein lund randi randi,Hinglish,Nuclear
gaandu tuzya aaicha foda ki aulad,Hinglish/Marathi Mix,Nuclear
chutiya madarchod bhosdike bhadwa,Hinglish,Nuclear
randi lavde ka baal bhosdike,Hinglish,Nuclear
tuzya aaicha foda bhadwa phad dunga,Hinglish/Marathi Mix,Nuclear
randi ka lund harami hijda,Hinglish,Nuclear
ayica dana lund lawda,Hinglish,Nuclear
ki aulad gand phatli bhenchod bhosdike,Hinglish/Marathi Mix,Nuclear
bhadwa behenchod randi madarchod,Hinglish,Nuclear
zavadya madarchod choos randi,Hinglish,Nuclear
aai chi gand daal dunga madarchod,Hinglish/Marathi Mix,Nuclear
harami chut mein lund daal dunga,Hinglish,Nuclear
gand mar chutiya ki aulad,Hinglish,Nuclear
tujha aila kutryawani choos harami,Hinglish,Nuclear
bhadwa gand mar phadke,Hinglish,Nuclear
hijda tujha aila kutryawani ki aulad,Hinglish,Nuclear
ayica dana gaandu gaandu,Hinglish,Nuclear
teri maa ki chut phad dunga harami,Hinglish,Nuclear
ayica dana mar phad dunga,Hinglish,Nuclear
phadke tuzya aaichi pucchi bhadwa,Hinglish/Marathi Mix,Nuclear
gand mar madarchod lawda,Hinglish,Nuclear
harami bhosdi wali madarchod,Hinglish,Nuclear
behen ki chut lawda chutiya,Hinglish,Nuclear
bhosdi wali randi harami,Hinglish,Nuclear
lavde ka baal lawda bhadwa,Hinglish,Nuclear
chut mein lund bhadwa bhadwa,Hinglish,Nuclear
choos aai chi gand gaandu,Hinglish/Marathi Mix,Nuclear
bhadwa gaand phaad ki aulad,Hinglish,Nuclear
tuzya aaicha foda phadke lawda,Hinglish/Marathi Mix,Nuclear
chutiya tuzya aaichi pucchi madarchod,Hinglish/Marathi Mix,Nuclear
tuzya aaichi pucchi phadke mar,Hinglish/Marathi Mix,Nuclear
harami lavda choos harami,Hinglish,Nuclear
daal dunga teri maa ki chut randi,Hinglish,Nuclear
aai chi gand gaandu lund,Hinglish/Marathi Mix,Nuclear
mar randi ka lund lund,Hinglish,Nuclear
gaandu zavadya madarchod chutiya,Hinglish,Nuclear
madarchod bhosdike harami phadke,Hinglish,Nuclear
lavde ka baal ki aulad chutiya,Hinglish,Nuclear
madarchod tuzya aaicha foda mar,Hinglish/Marathi Mix,Nuclear
lavda choos daal dunga hijda,Hinglish,Nuclear
bhosdi wali harami chutiya,Hinglish,Nuclear
bhadwa maa ka bhosada phad dunga,Hinglish,Nuclear
harami chutiya gaandu randi,Hinglish,Nuclear
phad dunga tujha aila kutryawani bhadwa,Hinglish,Nuclear
madarchod tujha aila kutryawani harami,Hinglish,Nuclear
choos tuzya aaichi pucchi gaandu,Hinglish/Marathi Mix,Nuclear
bhosdike aai chi gand daal dunga,Hinglish/Marathi Mix,Nuclear
behenchod randi madarchod bhosdike,Hinglish,Nuclear
gaandu zavadya madarchod phadke,Hinglish,Nuclear
madarchod bhosdike hijda madarchod,Hinglish,Nuclear
tuzya aaicha foda madarchod ki aulad,Hinglish/Marathi Mix,Nuclear
gaandu aai chi gand choos,Hinglish/Marathi Mix,Nuclear
gand phatli bhenchod phadke bhadwa,Hinglish/Marathi Mix,Nuclear
randi gaand phaad ki aulad,Hinglish,Nuclear
lavde ka baal choos lund,Hinglish,Nuclear
behenchod randi randi harami,Hinglish,Nuclear
bhosdike gand mar ki aulad,Hinglish,Nuclear
randi ka lund phadke chutiya,Hinglish,Nuclear
gaandu harami chutiya madarchod,Hinglish,Nuclear
mar aai chi gand bhosdike,Hinglish/Marathi Mix,Nuclear
madarchod bhosdike gaandu lund,Hinglish,Nuclear
tuzya aaicha foda randi lund,Hinglish/Marathi Mix,Nuclear
maa ka bhosada madarchod phadke,Hinglish,Nuclear
pucchi khajvya mar daal dunga,Hinglish/Marathi Mix,Nuclear
randi maa ka bhosada harami,Hinglish,Nuclear
lund bhosdi wali gaandu,Hinglish,Nuclear
lavde ka baal mar lund,Hinglish,Nuclear
tuzya aaicha foda gaandu phadke,Hinglish/Marathi Mix,Nuclear
phad dunga teri maa ki chut phadke,Hinglish,Nuclear
harami chutiya lawda phad dunga,Hinglish,Nuclear
harami chutiya lund lund,Hinglish,Nuclear
gaand phaad choos lund,Hinglish,Nuclear
choos lavda choos lawda,Hinglish,Nuclear
zavadya madarchod randi randi,Hinglish,Nuclear
choos ayica dana chutiya,Hinglish,Nuclear
lawda bhosdi wali bhadwa,Hinglish,Nuclear
phad dunga madarchod bhosdike bhadwa,Hinglish,Nuclear
randi lavda choos bhosdike,Hinglish,Nuclear
tuzya aaichi pucchi phadke chutiya,Hinglish/Marathi Mix,Nuclear
aai chi gand phadke ki aulad,Hinglish/Marathi Mix,Nuclear
gand mar lund lund,Hinglish,Nuclear
harami gaand phaad lawda,Hinglish,Nuclear
harami chutiya mar lawda,Hinglish,Nuclear
maa ka bhosada harami phad dunga,Hinglish,Nuclear
pucchi khajvya madarchod hijda,Hinglish/Marathi Mix,Nuclear
gaandu maa ka bhosada hijda,Hinglish,Nuclear
teri maa ki chut bhosdike randi,Hinglish,Nuclear
gaandu harami lund randi,Hinglish,Nuclear
tuzya aaichi pucchi harami madarchod,Hinglish/Marathi Mix,Nuclear
ayica dana choos hijda,Hinglish,Nuclear
lund chut mein lund ki aulad,Hinglish,Nuclear
harami chutiya hijda madarchod,Hinglish,Nuclear
gand phatli bhenchod chutiya phad dunga,Hinglish/Marathi Mix,Nuclear
bhosdike aai chi gand bhosdike,Hinglish/Marathi Mix,Nuclear
choos harami chutiya gaandu,Hinglish,Nuclear
bhosdike gaand phaad randi,Hinglish,Nuclear
aai chi gand bhosdike lund,Hinglish/Marathi Mix,Nuclear
gaand phaad chutiya phad dunga,Hinglish,Nuclear
harami behen ki chut madarchod,Hinglish,Nuclear
randi ka lund lawda lund,Hinglish,Nuclear
phadke gaand phaad mar,Hinglish,Nuclear
phad dunga aai chi gand phadke,Hinglish/Marathi Mix,Nuclear
bhosdi wali choos randi,Hinglish,Nuclear
lavde ka baal gaandu madarchod,Hinglish,Nuclear
aai chi gand madarchod phad dunga,Hinglish/Marathi Mix,Nuclear
gand phatli bhenchod hijda randi,Hinglish/Marathi Mix,Nuclear
zavadya madarchod gaandu bhadwa,Hinglish,Nuclear
randi ka lund lund mar,Hinglish,Nuclear
hijda lavda choos choos,Hinglish,Nuclear
gaandu madarchod bhosdike choos,Hinglish,Nuclear
behenchod randi lund ki aulad,Hinglish,Nuclear
bhosdi wali choos lund,Hinglish,Nuclear
pucchi khajvya bhosdike phadke,Hinglish/Marathi Mix,Nuclear
bhadwa madarchod bhosdike gaandu,Hinglish,Nuclear
aai chi gand phadke phad dunga,Hinglish/Marathi Mix,Nuclear
mar pucchi khajvya hijda,Hinglish/Marathi Mix,Nuclear
pucchi khajvya bhadwa gaandu,Hinglish/Marathi Mix,Nuclear
mar maa ka bhosada mar,Hinglish,Nuclear
phadke bhosdi wali mar,Hinglish,Nuclear
aai chi gand mar madarchod,Hinglish/Marathi Mix,Nuclear
lund behen ki chut ki aulad,Hinglish,Nuclear
lawda ayica dana lawda,Hinglish,Nuclear
behen ki chut lawda lund,Hinglish,Nuclear
behen ki chut bhadwa ki aulad,Hinglish,Nuclear
hijda pucchi khajvya lawda,Hinglish/Marathi Mix,Nuclear
behen ki chut ki aulad bhosdike,Hinglish,Nuclear
ki aulad chut mein lund mar,Hinglish,Nuclear
bhosdike bhosdi wali randi,Hinglish,Nuclear
randi kutte ki aulad chutiya,Hinglish,Nuclear
ayica dana ki aulad lund,Hinglish,Nuclear
tuzya aaichi pucchi chutiya mar,Hinglish/Marathi Mix,Nuclear
hijda lavde ka baal harami,Hinglish,Nuclear
madarchod gand phatli bhenchod bhosdike,Hinglish/Marathi Mix,Nuclear
teri maa ki chut choos harami,Hinglish,Nuclear
ki aulad zavadya madarchod lund,Hinglish,Nuclear
behenchod randi harami randi,Hinglish,Nuclear
pucchi khajvya randi lawda,Hinglish/Marathi Mix,Nuclear
bhadwa lavda choos lawda,Hinglish,Nuclear
tuzya aaicha foda harami lund,Hinglish/Marathi Mix,Nuclear
ki aulad maa ka bhosada lawda,Hinglish,Nuclear
lawda harami chutiya phad dunga,Hinglish,Nuclear
madarchod bhosdike madarchod phad dunga,Hinglish,Nuclear
bhosdi wali lund chutiya,Hinglish,Nuclear
tuzya aaichi pucchi choos mar,Hinglish/Marathi Mix,Nuclear
chut mein lund randi daal dunga,Hinglish,Nuclear
gand mar madarchod randi,Hinglish,Nuclear
harami chutiya randi madarchod,Hinglish,Nuclear
harami chutiya ki aulad harami,Hinglish,Nuclear
harami gand mar lund,Hinglish,Nuclear
randi madarchod bhosdike harami,Hinglish,Nuclear
bhadwa maa ka bhosada phadke,Hinglish,Nuclear
tujha aila kutryawani bhadwa phad dunga,Hinglish,Nuclear
randi gaandu harami daal dunga,Hinglish,Nuclear
tuzya aaicha foda bhosdike lund,Hinglish/Marathi Mix,Nuclear
mar gaandu harami bhosdike,Hinglish,Nuclear
zavadya madarchod gaandu lund,Hinglish,Nuclear
daal dunga behen ki chut daal dunga,Hinglish,Nuclear
lund teri maa ki chut harami,Hinglish,Nuclear
bhosdike lavde ka baal bhosdike,Hinglish,Nuclear
daal dunga behenchod randi lund,Hinglish,Nuclear
tujha aila kutryawani madarchod randi,Hinglish,Nuclear
phadke gaand phaad hijda,Hinglish,Nuclear
madarchod bhosdike mar hijda,Hinglish,Nuclear
randi ka lund mar madarchod,Hinglish,Nuclear
randi tujha aila kutryawani choos,Hinglish,Nuclear
randi behen ki chut phadke,Hinglish,Nuclear
lund maa ka bhosada bhadwa,Hinglish,Nuclear
chutiya zavadya madarchod gaandu,Hinglish,Nuclear
ki aulad behenchod randi randi,Hinglish,Nuclear
mar chut mein lund ki aulad,Hinglish,Nuclear
lavde ka baal lawda hijda,Hinglish,Nuclear
randi chut mein lund bhadwa,Hinglish,Nuclear
behen ki chut mar chutiya,Hinglish,Nuclear
bhosdi wali gaandu harami,Hinglish,Nuclear
behen ki chut hijda choos,Hinglish,Nuclear
daal dunga teri maa ki chut daal dunga,Hinglish,Nuclear
randi harami chutiya ki aulad,Hinglish,Nuclear
tujha aila kutryawani bhosdike ki aulad,Hinglish,Nuclear
gaandu harami harami bhadwa,Hinglish,Nuclear
tujha aila kutryawani phad dunga bhadwa,Hinglish,Nuclear
ayica dana bhosdike chutiya,Hinglish,Nuclear
mar bhosdi wali lund,Hinglish,Nuclear
lund tujha aila kutryawani randi,Hinglish,Nuclear
madarchod aai chi gand hijda,Hinglish/Marathi Mix,Nuclear
pucchi khajvya phad dunga phad dunga,Hinglish/Marathi Mix,Nuclear
lund tuzya aaicha foda daal dunga,Hinglish/Marathi Mix,Nuclear
chutiya chut mein lund phadke,Hinglish,Nuclear
chutiya gaand phaad randi,Hinglish,Nuclear
choos harami chutiya phad dunga,Hinglish,Nuclear
phadke pucchi khajvya gaandu,Hinglish/Marathi Mix,Nuclear
bhosdike bhosdi wali lund,Hinglish,Nuclear
aai chi gand phadke bhosdike,Hinglish/Marathi Mix,Nuclear
harami randi ka lund bhadwa,Hinglish,Nuclear
lund pucchi khajvya lawda,Hinglish/Marathi Mix,Nuclear
chut mein lund mar bhosdike,Hinglish,Nuclear
tujha aila kutryawani bhosdike lawda,Hinglish,Nuclear
hijda aai chi gand randi,Hinglish/Marathi Mix,Nuclear
chutiya randi ka lund ki aulad,Hinglish,Nuclear
harami chutiya lund hijda,Hinglish,Nuclear
madarchod bhosdike gaandu harami,Hinglish,Nuclear
phadke gand phatli bhenchod bhadwa,Hinglish/Marathi Mix,Nuclear
randi gand mar phad dunga,Hinglish,Nuclear
madarchod teri maa ki chut daal dunga,Hinglish,Nuclear
randi harami chutiya bhosdike,Hinglish,Nuclear
lavde ka baal bhosdike harami,Hinglish,Nuclear
gaandu aai chi gand bhadwa,Hinglish/Marathi Mix,Nuclear
phad dunga aai chi gand hijda,Hinglish/Marathi Mix,Nuclear
phadke gaand phaad lund,Hinglish,Nuclear
lund gaandu harami lawda,Hinglish,Nuclear
mar pucchi khajvya gaandu,Hinglish/Marathi Mix,Nuclear
lund madarchod bhosdike phadke,Hinglish,Nuclear
hijda tuzya aaicha foda ki aulad,Hinglish/Marathi Mix,Nuclear
gaand phaad phadke chutiya,Hinglish,Nuclear
lavde ka baal chutiya madarchod,Hinglish,Nuclear
phad dunga gand mar hijda,Hinglish,Nuclear
randi randi ka lund randi,Hinglish,Nuclear
harami zavadya madarchod randi,Hinglish,Nuclear
randi ka lund harami gaandu,Hinglish,Nuclear
mar behenchod randi chutiya,Hinglish,Nuclear
lawda gaand phaad phad dunga,Hinglish,Nuclear
lund tuzya aaichi pucchi mar,Hinglish/Marathi Mix,Nuclear
chutiya kutte ki aulad harami,Hinglish,Nuclear
bhosdi wali harami madarchod,Hinglish,Nuclear
kutte ki aulad chutiya ki aulad,Hinglish,Nuclear
phad dunga lavde ka baal mar,Hinglish,Nuclear
tuzya aaichi pucchi phad dunga madarchod,Hinglish/Marathi Mix,Nuclear
gaandu harami lawda madarchod,Hinglish,Nuclear
gaandu zavadya madarchod hijda,Hinglish,Nuclear
tujha aila kutryawani randi lawda,Hinglish,Nuclear
bhadwa gaand phaad chutiya,Hinglish,Nuclear
kutte ki aulad daal dunga phad dunga,Hinglish,Nuclear
tujha aila kutryawani gaandu bhosdike,Hinglish,Nuclear
tujha aila kutryawani gaandu gaandu,Hinglish,Nuclear
harami chutiya randi phad dunga,Hinglish,Nuclear
lawda teri maa ki chut madarchod,Hinglish,Nuclear
maa ka bhosada harami hijda,Hinglish,Nuclear
zavadya madarchod lawda phad dunga,Hinglish,Nuclear
madarchod tuzya aaicha foda chutiya,Hinglish/Marathi Mix,Nuclear
chutiya tuzya aaicha foda lund,Hinglish/Marathi Mix,Nuclear
teri maa ki chut lawda madarchod,Hinglish,Nuclear
randi maa ka bhosada lawda,Hinglish,Nuclear
maa ka bhosada madarchod daal dunga,Hinglish,Nuclear
maa ka bhosada randi phad dunga,Hinglish,Nuclear
bhosdike bhosdi wali lawda,Hinglish,Nuclear
daal dunga randi ka lund bhadwa,Hinglish,Nuclear
tuzya aaicha foda hijda chutiya,Hinglish/Marathi Mix,Nuclear
lund zavadya madarchod randi,Hinglish,Nuclear
maa ka bhosada randi chutiya,Hinglish,Nuclear
daal dunga teri maa ki chut chutiya,Hinglish,Nuclear
gaandu harami madarchod phad dunga,Hinglish,Nuclear
gaandu tuzya aaicha foda chutiya,Hinglish/Marathi Mix,Nuclear
hijda madarchod bhosdike chutiya,Hinglish,Nuclear
tujha aila kutryawani gaandu ki aulad,Hinglish,Nuclear
ki aulad lavde ka baal randi,Hinglish,Nuclear
phadke lavda choos chutiya,Hinglish,Nuclear
bhadwa gand phatli bhenchod ki aulad,Hinglish/Marathi Mix,Nuclear
phad dunga tuzya aaichi pucchi lawda,Hinglish/Marathi Mix,Nuclear
lavde ka baal hijda hijda,Hinglish,Nuclear
randi ka lund ki aulad choos,Hinglish,Nuclear
harami tuzya aaicha foda gaandu,Hinglish/Marathi Mix,Nuclear
gaandu gaand phaad ki aulad,Hinglish,Nuclear
bhosdi wali ki aulad lawda,Hinglish,Nuclear
chut mein lund hijda chutiya,Hinglish,Nuclear
daal dunga pucchi khajvya madarchod,Hinglish/Marathi Mix,Nuclear
tuzya aaichi pucchi bhadwa lund,Hinglish/Marathi Mix,Nuclear
lund lavda choos lund,Hinglish,Nuclear
behen ki chut gaandu gaandu,Hinglish,Nuclear
gaandu harami harami hijda,Hinglish,Nuclear
lavde ka baal chutiya phadke,Hinglish,Nuclear
lund behenchod randi phadke,Hinglish,Nuclear
lund pucchi khajvya daal dunga,Hinglish/Marathi Mix,Nuclear
gand mar bhadwa bhosdike,Hinglish,Nuclear
pucchi khajvya madarchod gaandu,Hinglish/Marathi Mix,Nuclear
gand phatli bhenchod hijda lawda,Hinglish/Marathi Mix,Nuclear
aai chi gand choos harami,Hinglish/Marathi Mix,Nuclear
bhosdi wali bhosdike bhosdike,Hinglish,Nuclear
phad dunga maa ka bhosada hijda,Hinglish,Nuclear
hijda ayica dana phad dunga,Hinglish,Nuclear
hijda gaand phaad hijda,Hinglish,Nuclear
randi bhosdi wali ki aulad,Hinglish,Nuclear
madarchod gand mar phadke,Hinglish,Nuclear
bhosdike tuzya aaicha foda bhadwa,Hinglish/Marathi Mix,Nuclear
lawda gaandu harami mar,Hinglish,Nuclear
madarchod ayica dana bhadwa,Hinglish,Nuclear
lavde ka baal gaandu bhosdike,Hinglish,Nuclear
bhadwa kutte ki aulad lund,Hinglish,Nuclear
gand mar gaandu chutiya,Hinglish,Nuclear
gaandu behenchod randi lund,Hinglish,Nuclear
randi ka lund madarchod daal dunga,Hinglish,Nuclear
lavda choos chutiya ki aulad,Hinglish,Nuclear
choos chut mein lund lund,Hinglish,Nuclear
phadke teri maa ki chut harami,Hinglish,Nuclear
gand mar madarchod mar,Hinglish,Nuclear
kutte ki aulad gaandu hijda,Hinglish,Nuclear
pucchi khajvya madarchod mar,Hinglish/Marathi Mix,Nuclear
chut mein lund phad dunga bhadwa,Hinglish,Nuclear
gaand phaad bhadwa bhadwa,Hinglish,Nuclear
lawda behenchod randi bhosdike,Hinglish,Nuclear
randi lavde ka baal madarchod,Hinglish,Nuclear
phad dunga randi ka lund harami,Hinglish,Nuclear
harami chutiya phadke lund,Hinglish,Nuclear
kutte ki aulad bhosdike harami,Hinglish,Nuclear
chut mein lund randi phadke,Hinglish,Nuclear
lawda teri maa ki chut gaandu,Hinglish,Nuclear
phadke lavde ka baal mar,Hinglish,Nuclear
lavda choos hijda mar,Hinglish,Nuclear
gaandu harami chutiya lund,Hinglish,Nuclear
gaand phaad mar lawda,Hinglish,Nuclear
lund behen ki chut phadke,Hinglish,Nuclear
pucchi khajvya daal dunga harami,Hinglish/Marathi Mix,Nuclear
tujha aila kutryawani choos mar,Hinglish,Nuclear
choos behen ki chut lund,Hinglish,Nuclear
bhosdi wali bhadwa hijda,Hinglish,Nuclear
daal dunga lavda choos daal dunga,Hinglish,Nuclear
lavda choos choos phad dunga,Hinglish,Nuclear
behen ki chut choos hijda,Hinglish,Nuclear
tuzya aaichi pucchi harami phadke,Hinglish/Marathi Mix,Nuclear
gaand phaad phad dunga phadke,Hinglish,Nuclear
behenchod randi lund harami,Hinglish,Nuclear
tuzya aaicha foda bhadwa madarchod,Hinglish/Marathi Mix,Nuclear
lavde ka baal hijda daal dunga,Hinglish,Nuclear
daal dunga behenchod randi madarchod,Hinglish,Nuclear
madarchod pucchi khajvya hijda,Hinglish/Marathi Mix,Nuclear
bhosdi wali randi hijda,Hinglish,Nuclear
hijda tuzya aaicha foda gaandu,Hinglish/Marathi Mix,Nuclear
randi gand phatli bhenchod daal dunga,Hinglish/Marathi Mix,Nuclear
bhosdike pucchi khajvya hijda,Hinglish/Marathi Mix,Nuclear
madarchod maa ka bhosada lund,Hinglish,Nuclear
chutiya tujha aila kutryawani phadke,Hinglish,Nuclear
chutiya randi ka lund daal dunga,Hinglish,Nuclear
phad dunga pucchi khajvya choos,Hinglish/Marathi Mix,Nuclear
mar gaand phaad harami,Hinglish,Nuclear
madarchod pucchi khajvya daal dunga,Hinglish/Marathi Mix,Nuclear
harami gand phatli bhenchod gaandu,Hinglish/Marathi Mix,Nuclear
lund madarchod bhosdike gaandu,Hinglish,Nuclear
aai chi gand harami lawda,Hinglish/Marathi Mix,Nuclear
behenchod randi lawda phad dunga,Hinglish,Nuclear
harami tujha aila kutryawani bhosdike,Hinglish,Nuclear
chut mein lund lawda lund,Hinglish,Nuclear
randi ka lund randi gaandu,Hinglish,Nuclear
tujha aila kutryawani randi phadke,Hinglish,Nuclear
gaandu gaandu harami hijda,Hinglish,Nuclear
madarchod harami chutiya ki aulad,Hinglish,Nuclear
gand phatli bhenchod phad dunga ki aulad,Hinglish/Marathi Mix,Nuclear
lawda kutte ki aulad phad dunga,Hinglish,Nuclear
harami madarchod bhosdike gaandu,Hinglish,Nuclear
lavda choos harami daal dunga,Hinglish,Nuclear
chutiya pucchi khajvya bhosdike,Hinglish/Marathi Mix,Nuclear
chutiya zavadya madarchod lawda,Hinglish,Nuclear
mar maa ka bhosada madarchod,Hinglish,Nuclear
phad dunga maa ka bhosada daal dunga,Hinglish,Nuclear
tujha aila kutryawani phad dunga daal dunga,Hinglish,Nuclear
gand mar choos phad dunga,Hinglish,Nuclear
behenchod randi madarchod choos,Hinglish,Nuclear
harami harami chutiya choos,Hinglish,Nuclear
tuzya aaicha foda mar lawda,Hinglish/Marathi Mix,Nuclear
harami chutiya hijda lund,Hinglish,Nuclear
choos lavde ka baal daal dunga,Hinglish,Nuclear
gand mar phad dunga lund,Hinglish,Nuclear
choos randi ka lund hijda,Hinglish,Nuclear
daal dunga zavadya madarchod lund,Hinglish,Nuclear
teri maa ki chut lawda lund,Hinglish,Nuclear
pucchi khajvya choos randi,Hinglish/Marathi Mix,Nuclear
tujha aila kutryawani gaandu chutiya,Hinglish,Nuclear
aai chi gand bhosdike ki aulad,Hinglish/Marathi Mix,Nuclear
lund gand phatli bhenchod ki aulad,Hinglish/Marathi Mix,Nuclear
bhosdi wali daal dunga lund,Hinglish,Nuclear
behenchod randi harami harami,Hinglish,Nuclear
bhosdike teri maa ki chut daal dunga,Hinglish,Nuclear
lawda tuzya aaichi pucchi chutiya,Hinglish/Marathi Mix,Nuclear
teri maa ki chut choos lawda,Hinglish,Nuclear
behen ki chut mar mar,Hinglish,Nuclear
chut mein lund mar gaandu,Hinglish,Nuclear
lawda pucchi khajvya madarchod,Hinglish/Marathi Mix,Nuclear
behen ki chut bhosdike harami,Hinglish,Nuclear
gaand phaad chutiya mar,Hinglish,Nuclear
chutiya kutte ki aulad phad dunga,Hinglish,Nuclear
randi ka lund phad dunga bhosdike,Hinglish,Nuclear
behen ki chut lawda ki aulad,Hinglish,Nuclear
lawda gand phatli bhenchod choos,Hinglish/Marathi Mix,Nuclear
phad dunga gand mar madarchod,Hinglish,Nuclear
gaandu pucchi khajvya hijda,Hinglish/Marathi Mix,Nuclear
phadke gaandu harami lund,Hinglish,Nuclear
harami lavde ka baal randi,Hinglish,Nuclear
tuzya aaichi pucchi mar lund,Hinglish/Marathi Mix,Nuclear
gand phatli bhenchod hijda madarchod,Hinglish/Marathi Mix,Nuclear
gaandu harami chutiya daal dunga,Hinglish,Nuclear
ki aulad gaand phaad randi,Hinglish,Nuclear
bhadwa gaandu harami bhosdike,Hinglish,Nuclear
hijda gaand phaad phad dunga,Hinglish,Nuclear
tujha aila kutryawani mar harami,Hinglish,Nuclear
lund kutte ki aulad madarchod,Hinglish,Nuclear
gand mar ki aulad chutiya,Hinglish,Nuclear
ki aulad tujha aila kutryawani harami,Hinglish,Nuclear
gaand phaad lawda phadke,Hinglish,Nuclear
bhadwa gaandu harami bhadwa,Hinglish,Nuclear
madarchod gand mar hijda,Hinglish,Nuclear
gaandu maa ka bhosada phadke,Hinglish,Nuclear
gaandu harami choos madarchod,Hinglish,Nuclear
tuzya aaicha foda randi hijda,Hinglish/Marathi Mix,Nuclear
chut mein lund gaandu choos,Hinglish,Nuclear
gaandu behenchod randi gaandu,Hinglish,Nuclear
lavda choos ki aulad madarchod,Hinglish,Nuclear
bhosdi wali harami phadke,Hinglish,Nuclear
lawda tuzya aaichi pucchi daal dunga,Hinglish/Marathi Mix,Nuclear
lawda lavde ka baal hijda,Hinglish,Nuclear
aai chi gand ki aulad ki aulad,Hinglish/Marathi Mix,Nuclear
ki aulad tujha aila kutryawani chutiya,Hinglish,Nuclear
harami chutiya randi choos,Hinglish,Nuclear
gaandu tujha aila kutryawani bhadwa,Hinglish,Nuclear
madarchod bhosdike mar madarchod,Hinglish,Nuclear
randi chut mein lund chutiya,Hinglish,Nuclear
tuzya aaichi pucchi lund mar,Hinglish/Marathi Mix,Nuclear
madarchod behenchod randi chutiya,Hinglish,Nuclear
randi tuzya aaichi pucchi gaandu,Hinglish/Marathi Mix,Nuclear
hijda behenchod randi ki aulad,Hinglish,Nuclear
daal dunga tuzya aaicha foda ki aulad,Hinglish/Marathi Mix,Nuclear
gaandu behenchod randi phadke,Hinglish,Nuclear
bhosdi wali phad dunga ki aulad,Hinglish,Nuclear
bhosdi wali chutiya ki aulad,Hinglish,Nuclear
lavda choos bhadwa hijda,Hinglish,Nuclear
mar teri maa ki chut bhosdike,Hinglish,Nuclear
kutte ki aulad lawda choos,Hinglish,Nuclear
hijda behenchod randi lund,Hinglish,Nuclear
zavadya madarchod bhosdike hijda,Hinglish,Nuclear
phadke madarchod bhosdike choos,Hinglish,Nuclear
zavadya madarchod phadke mar,Hinglish,Nuclear
lawda teri maa ki chut chutiya,Hinglish,Nuclear
phad dunga pucchi khajvya randi,Hinglish/Marathi Mix,Nuclear
behen ki chut mar choos,Hinglish,Nuclear
daal dunga maa ka bhosada harami,Hinglish,Nuclear
ayica dana harami gaandu,Hinglish,Nuclear
ki aulad zavadya madarchod mar,Hinglish,Nuclear
lawda harami chutiya lund,Hinglish,Nuclear
gaandu behenchod randi lawda,Hinglish,Nuclear
maa ka bhosada phad dunga harami,Hinglish,Nuclear
ki aulad pucchi khajvya gaandu,Hinglish/Marathi Mix,Nuclear
daal dunga tuzya aaicha foda bhosdike,Hinglish/Marathi Mix,Nuclear
choos madarchod bhosdike randi,Hinglish,Nuclear
ki aulad randi ka lund choos,Hinglish,Nuclear
gaand phaad harami lund,Hinglish,Nuclear
lavde ka baal phad dunga bhosdike,Hinglish,Nuclear
lund harami chutiya daal dunga,Hinglish,Nuclear
lavde ka baal harami randi,Hinglish,Nuclear
gaandu tuzya aaichi pucchi harami,Hinglish/Marathi Mix,Nuclear
randi harami chutiya hijda,Hinglish,Nuclear
chut mein lund hijda bhadwa,Hinglish,Nuclear
teri maa ki chut harami bhosdike,Hinglish,Nuclear
chut mein lund phad dunga mar,Hinglish,Nuclear
chutiya kutte ki aulad lawda,Hinglish,Nuclear
mar bhosdi wali bhadwa,Hinglish,Nuclear
choos ayica dana lawda,Hinglish,Nuclear
lavde ka baal mar phad dunga,Hinglish,Nuclear
gaand phaad bhosdike lawda,Hinglish,Nuclear
pucchi khajvya hijda randi,Hinglish/Marathi Mix,Nuclear
lavde ka baal bhadwa choos,Hinglish,Nuclear
behenchod randi bhadwa choos,Hinglish,Nuclear
tuzya aaichi pucchi gaandu phadke,Hinglish/Marathi Mix,Nuclear
tuzya aaicha foda lund bhadwa,Hinglish/Marathi Mix,Nuclear
lavde ka baal phadke hijda,Hinglish,Nuclear
bhosdike zavadya madarchod harami,Hinglish,Nuclear
gaand phaad hijda phad dunga,Hinglish,Nuclear
mar lavda choos choos,Hinglish,Nuclear
bhosdi wali hijda phad dunga,Hinglish,Nuclear
aai chi gand daal dunga chutiya,Hinglish/Marathi Mix,Nuclear
hijda randi ka lund hijda,Hinglish,Nuclear
ki aulad aai chi gand gaandu,Hinglish/Marathi Mix,Nuclear
choos tujha aila kutryawani phad dunga,Hinglish,Nuclear
bhadwa chut mein lund madarchod,Hinglish,Nuclear
zavadya madarchod phad dunga daal dunga,Hinglish,Nuclear
madarchod bhosdike madarchod bhosdike,Hinglish,Nuclear
gand phatli bhenchod gaandu lawda,Hinglish/Marathi Mix,Nuclear
madarchod chut mein lund gaandu,Hinglish,Nuclear
teri maa ki chut choos hijda,Hinglish,Nuclear
hijda gaandu harami gaandu,Hinglish,Nuclear
tuzya aaicha foda lund lund,Hinglish/Marathi Mix,Nuclear
lawda maa ka bhosada gaandu,Hinglish,Nuclear
chutiya pucchi khajvya chutiya,Hinglish/Marathi Mix,Nuclear
phadke ayica dana phadke,Hinglish,Nuclear
lund kutte ki aulad bhadwa,Hinglish,Nuclear
aai chi gand harami bhosdike,Hinglish/Marathi Mix,Nuclear
hijda kutte ki aulad hijda,Hinglish,Nuclear
bhadwa teri maa ki chut mar,Hinglish,Nuclear
zavadya madarchod madarchod lund,Hinglish,Nuclear
pucchi khajvya phad dunga bhadwa,Hinglish/Marathi Mix,Nuclear
ki aulad gaand phaad lund,Hinglish,Nuclear
lavda choos choos phadke,Hinglish,Nuclear
kutte ki aulad hijda phad dunga,Hinglish,Nuclear
madarchod bhosdike bhosdike randi,Hinglish,Nuclear
ayica dana hijda harami,Hinglish,Nuclear
harami chutiya ki aulad lawda,Hinglish,Nuclear
madarchod tujha aila kutryawani bhadwa,Hinglish,Nuclear
phadke lavda choos phad dunga,Hinglish,Nuclear
ki aulad tuzya aaicha foda daal dunga,Hinglish/Marathi Mix,Nuclear
ayica dana gaandu madarchod,Hinglish,Nuclear
behenchod randi hijda phadke,Hinglish,Nuclear
madarchod behenchod randi madarchod,Hinglish,Nuclear
randi tujha aila kutryawani bhosdike,Hinglish,Nuclear
lund tujha aila kutryawani madarchod,Hinglish,Nuclear
lund aai chi gand phad dunga,Hinglish/Marathi Mix,Nuclear
phadke ayica dana harami,Hinglish,Nuclear
madarchod aai chi gand randi,Hinglish/Marathi Mix,Nuclear
bhosdike chut mein lund phadke,Hinglish,Nuclear
chut mein lund gaandu gaandu,Hinglish,Nuclear
ayica dana hijda phadke,Hinglish,Nuclear
randi aai chi gand bhosdike,Hinglish/Marathi Mix,Nuclear
hijda ayica dana randi,Hinglish,Nuclear
bhadwa aai chi gand bhosdike,Hinglish/Marathi Mix,Nuclear
chutiya lavda choos mar,Hinglish,Nuclear
daal dunga tuzya aaichi pucchi harami,Hinglish/Marathi Mix,Nuclear
choos gand phatli bhenchod bhosdike,Hinglish/Marathi Mix,Nuclear
gand mar gaandu randi,Hinglish,Nuclear
ayica dana gaandu lund,Hinglish,Nuclear
harami chut mein lund choos,Hinglish,Nuclear
ki aulad tuzya aaichi pucchi chutiya,Hinglish/Marathi Mix,Nuclear
hijda tuzya aaicha foda hijda,Hinglish/Marathi Mix,Nuclear
behenchod randi ki aulad mar,Hinglish,Nuclear
bhosdike lavda choos mar,Hinglish,Nuclear
lund gand phatli bhenchod phad dunga,Hinglish/Marathi Mix,Nuclear
gand mar chutiya daal dunga,Hinglish,Nuclear
behenchod randi chutiya ki aulad,Hinglish,Nuclear
lavda choos daal dunga ki aulad,Hinglish,Nuclear
ayica dana madarchod bhadwa,Hinglish,Nuclear
teri maa ki chut chutiya mar,Hinglish,Nuclear
bhosdike teri maa ki chut bhosdike,Hinglish,Nuclear
bhosdike madarchod bhosdike bhadwa,Hinglish,Nuclear
maa ka bhosada bhadwa bhosdike,Hinglish,Nuclear
phad dunga aai chi gand harami,Hinglish/Marathi Mix,Nuclear
hijda zavadya madarchod madarchod,Hinglish,Nuclear
lund gand mar phadke,Hinglish,Nuclear
kutte ki aulad randi harami,Hinglish,Nuclear
ki aulad tuzya aaicha foda choos,Hinglish/Marathi Mix,Nuclear
lavda choos choos chutiya,Hinglish,Nuclear
chut mein lund bhosdike hijda,Hinglish,Nuclear
bhadwa teri maa ki chut harami,Hinglish,Nuclear
gand phatli bhenchod madarchod randi,Hinglish/Marathi Mix,Nuclear
madarchod zavadya madarchod harami,Hinglish,Nuclear
madarchod bhosdike bhadwa mar,Hinglish,Nuclear
gaandu harami hijda randi,Hinglish,Nuclear
pucchi khajvya daal dunga lund,Hinglish/Marathi Mix,Nuclear
phadke randi ka lund harami,Hinglish,Nuclear
lavde ka baal phadke choos,Hinglish,Nuclear
harami behen ki chut mar,Hinglish,Nuclear
harami chutiya gaandu hijda,Hinglish,Nuclear
harami chutiya randi gaandu,Hinglish,Nuclear
madarchod gand mar harami,Hinglish,Nuclear
tuzya aaicha foda chutiya mar,Hinglish/Marathi Mix,Nuclear
harami harami chutiya phadke,Hinglish,Nuclear
chutiya tuzya aaichi pucchi choos,Hinglish/Marathi Mix,Nuclear
phad dunga randi ka lund choos,Hinglish,Nuclear
randi maa ka bhosada madarchod,Hinglish,Nuclear
behenchod randi phad dunga phadke,Hinglish,Nuclear
lavda choos ki aulad bhadwa,Hinglish,Nuclear
lund harami chutiya bhosdike,Hinglish,Nuclear
chutiya gaand phaad lawda,Hinglish,Nuclear
behenchod randi hijda daal dunga,Hinglish,Nuclear
harami chutiya lawda daal dunga,Hinglish,Nuclear
daal dunga harami chutiya daal dunga,Hinglish,Nuclear
harami gaand phaad randi,Hinglish,Nuclear
lund zavadya madarchod chutiya,Hinglish,Nuclear
chutiya lavda choos ki aulad,Hinglish,Nuclear
tuzya aaicha foda randi ki aulad,Hinglish/Marathi Mix,Nuclear
mar tuzya aaichi pucchi hijda,Hinglish/Marathi Mix,Nuclear
choos aai chi gand bhosdike,Hinglish/Marathi Mix,Nuclear
tuzya aaicha foda phad dunga ki aulad,Hinglish/Marathi Mix,Nuclear
tuzya aaichi pucchi randi daal dunga,Hinglish/Marathi Mix,Nuclear
chutiya gaandu harami randi,Hinglish,Nuclear
maa ka bhosada lund randi,Hinglish,Nuclear
daal dunga tujha aila kutryawani phad dunga,Hinglish,Nuclear
gaand phaad phad dunga lund,Hinglish,Nuclear
kutte ki aulad gaandu lund,Hinglish,Nuclear
hijda ayica dana phadke,Hinglish,Nuclear
chutiya maa ka bhosada gaandu,Hinglish,Nuclear
ki aulad randi ka lund phadke,Hinglish,Nuclear
mar behen ki chut hijda,Hinglish,Nuclear
madarchod maa ka bhosada lawda,Hinglish,Nuclear
harami chutiya randi bhosdike,Hinglish,Nuclear
tuzya aaicha foda chutiya lawda,Hinglish/Marathi Mix,Nuclear
gaandu harami phadke lund,Hinglish,Nuclear
lawda madarchod bhosdike ki aulad,Hinglish,Nuclear
mar madarchod bhosdike ki aulad,Hinglish,Nuclear
bhosdike behenchod randi bhadwa,Hinglish,Nuclear
phadke randi ka lund randi,Hinglish,Nuclear
phadke kutte ki aulad choos,Hinglish,Nuclear
gaandu gaandu harami lund,Hinglish,Nuclear
bhadwa pucchi khajvya harami,Hinglish/Marathi Mix,Nuclear
harami maa ka bhosada madarchod,Hinglish,Nuclear
bhosdike maa ka bhosada randi,Hinglish,Nuclear
phadke aai chi gand chutiya,Hinglish/Marathi Mix,Nuclear
lawda randi ka lund bhadwa,Hinglish,Nuclear
phad dunga bhosdi wali bhosdike,Hinglish,Nuclear
gand mar choos mar,Hinglish,Nuclear
bhosdike lavda choos choos,Hinglish,Nuclear
phad dunga gaand phaad daal dunga,Hinglish,Nuclear
madarchod bhosdike bhosdike bhosdike,Hinglish,Nuclear
tuzya aaichi pucchi bhosdike bhadwa,Hinglish/Marathi Mix,Nuclear
gand mar bhadwa chutiya,Hinglish,Nuclear
aai chi gand daal dunga harami,Hinglish/Marathi Mix,Nuclear
lavda choos lawda bhadwa,Hinglish,Nuclear
maa ka bhosada daal dunga chutiya,Hinglish,Nuclear
zavadya madarchod chutiya mar,Hinglish,Nuclear
chut mein lund chutiya phadke,Hinglish,Nuclear
gaandu gaandu harami madarchod,Hinglish,Nuclear
randi pucchi khajvya gaandu,Hinglish/Marathi Mix,Nuclear
pucchi khajvya daal dunga madarchod,Hinglish/Marathi Mix,Nuclear
choos maa ka bhosada phad dunga,Hinglish,Nuclear
choos randi ka lund chutiya,Hinglish,Nuclear
chutiya madarchod bhosdike mar,Hinglish,Nuclear
kutte ki aulad ki aulad randi,Hinglish,Nuclear
tuzya aaicha foda phad dunga madarchod,Hinglish/Marathi Mix,Nuclear
randi tujha aila kutryawani madarchod,Hinglish,Nuclear
teri maa ki chut phad dunga gaandu,Hinglish,Nuclear
maa ka bhosada mar choos,Hinglish,Nuclear
phad dunga chut mein lund hijda,Hinglish,Nuclear
mar tuzya aaichi pucchi ki aulad,Hinglish/Marathi Mix,Nuclear
maa ka bhosada bhadwa hijda,Hinglish,Nuclear
pucchi khajvya lund bhadwa,Hinglish/Marathi Mix,Nuclear
behenchod randi randi gaandu,Hinglish,Nuclear
chut mein lund phad dunga lawda,Hinglish,Nuclear
tujha aila kutryawani phadke lund,Hinglish,Nuclear
kutte ki aulad phad dunga lawda,Hinglish,Nuclear
gaandu gand phatli bhenchod chutiya,Hinglish/Marathi Mix,Nuclear
harami chutiya gaandu harami,Hinglish,Nuclear
gaandu harami madarchod choos,Hinglish,Nuclear
gaand phaad gaandu choos,Hinglish,Nuclear
lavde ka baal bhadwa bhadwa,Hinglish,Nuclear
bhosdi wali ki aulad choos,Hinglish,Nuclear
gand phatli bhenchod mar lund,Hinglish/Marathi Mix,Nuclear
choos tujha aila kutryawani randi,Hinglish,Nuclear
choos kutte ki aulad bhadwa,Hinglish,Nuclear
teri maa ki chut ki aulad daal dunga,Hinglish,Nuclear
phadke lavde ka baal madarchod,Hinglish,Nuclear
gaandu aai chi gand bhosdike,Hinglish/Marathi Mix,Nuclear
behen ki chut chutiya phad dunga,Hinglish,Nuclear
lund madarchod bhosdike hijda,Hinglish,Nuclear
pucchi khajvya daal dunga chutiya,Hinglish/Marathi Mix,Nuclear
behenchod randi bhadwa phad dunga,Hinglish,Nuclear
mar gand mar randi,Hinglish,Nuclear
gand phatli bhenchod hijda daal dunga,Hinglish/Marathi Mix,Nuclear
phadke lavde ka baal bhadwa,Hinglish,Nuclear
lawda aai chi gand phad dunga,Hinglish/Marathi Mix,Nuclear
behenchod randi bhadwa lund,Hinglish,Nuclear
lawda ayica dana choos,Hinglish,Nuclear
phad dunga tuzya aaicha foda daal dunga,Hinglish/Marathi Mix,Nuclear
bhadwa madarchod bhosdike lund,Hinglish,Nuclear
bhosdi wali lawda madarchod,Hinglish,Nuclear
madarchod maa ka bhosada gaandu,Hinglish,Nuclear
ayica dana harami mar,Hinglish,Nuclear
phad dunga gand phatli bhenchod daal dunga,Hinglish/Marathi Mix,Nuclear
ki aulad chut mein lund chutiya,Hinglish,Nuclear
gaandu harami hijda bhosdike,Hinglish,Nuclear
randi gaandu harami bhadwa,Hinglish,Nuclear
madarchod ayica dana phadke,Hinglish,Nuclear
chutiya gand phatli bhenchod chutiya,Hinglish/Marathi Mix,Nuclear
gaand phaad madarchod chutiya,Hinglish,Nuclear
choos harami chutiya chutiya,Hinglish,Nuclear
chutiya tuzya aaichi pucchi phad dunga,Hinglish/Marathi Mix,Nuclear
mar lavde ka baal harami,Hinglish,Nuclear
phadke kutte ki aulad hijda,Hinglish,Nuclear
behen ki chut bhadwa phadke,Hinglish,Nuclear
randi ka lund bhosdike choos,Hinglish,Nuclear
phad dunga tujha aila kutryawani ki aulad,Hinglish,Nuclear
gand mar phad dunga lawda,Hinglish,Nuclear
lund pucchi khajvya gaandu,Hinglish/Marathi Mix,Nuclear
bhadwa teri maa ki chut ki aulad,Hinglish,Nuclear
lawda gaandu harami ki aulad,Hinglish,Nuclear
bhosdike gand phatli bhenchod harami,Hinglish/Marathi Mix,Nuclear
phadke behenchod randi harami,Hinglish,Nuclear
lund kutte ki aulad randi,Hinglish,Nuclear
harami chutiya mar bhosdike,Hinglish,Nuclear
phad dunga zavadya madarchod bhosdike,Hinglish,Nuclear
harami gaandu harami choos,Hinglish,Nuclear
madarchod zavadya madarchod ki aulad,Hinglish,Nuclear
daal dunga teri maa ki chut phad dunga,Hinglish,Nuclear
bhadwa zavadya madarchod daal dunga,Hinglish,Nuclear
hijda gaandu harami mar,Hinglish,Nuclear
behenchod randi mar phadke,Hinglish,Nuclear
gaandu gaand phaad phadke,Hinglish,Nuclear
ki aulad bhosdi wali gaandu,Hinglish,Nuclear
gand mar randi madarchod,Hinglish,Nuclear
phad dunga pucchi khajvya bhadwa,Hinglish/Marathi Mix,Nuclear
randi gaand phaad lawda,Hinglish,Nuclear
tuzya aaichi pucchi hijda bhosdike,Hinglish/Marathi Mix,Nuclear
harami tuzya aaicha foda bhosdike,Hinglish/Marathi Mix,Nuclear
bhadwa tuzya aaicha foda mar,Hinglish/Marathi Mix,Nuclear
tujha aila kutryawani lawda gaandu,Hinglish,Nuclear
ayica dana phad dunga lund,Hinglish,Nuclear
randi ka lund gaandu gaandu,Hinglish,Nuclear
ayica dana mar hijda,Hinglish,Nuclear
bhosdike behen ki chut bhadwa,Hinglish,Nuclear
hijda harami chutiya daal dunga,Hinglish,Nuclear
randi ka lund bhosdike phadke,Hinglish,Nuclear
choos aai chi gand randi,Hinglish/Marathi Mix,Nuclear
phadke teri maa ki chut lawda,Hinglish,Nuclear
behenchod randi gaandu phadke,Hinglish,Nuclear
chutiya teri maa ki chut mar,Hinglish,Nuclear
choos tujha aila kutryawani daal dunga,Hinglish,Nuclear
mar gaand phaad phad dunga,Hinglish,Nuclear
madarchod bhosdike chutiya bhadwa,Hinglish,Nuclear
phad dunga zavadya madarchod phad dunga,Hinglish,Nuclear
madarchod bhosdike lawda lawda,Hinglish,Nuclear
tuzya aaichi pucchi harami bhosdike,Hinglish/Marathi Mix,Nuclear
ki aulad behen ki chut phadke,Hinglish,Nuclear
lund zavadya madarchod harami,Hinglish,Nuclear
harami chutiya harami bhosdike,Hinglish,Nuclear
chutiya gand mar lund,Hinglish,Nuclear
teri maa ki chut hijda hijda,Hinglish,Nuclear
lawda pucchi khajvya ki aulad,Hinglish/Marathi Mix,Nuclear
choos kutte ki aulad chutiya,Hinglish,Nuclear
maa ka bhosada lund chutiya,Hinglish,Nuclear
teri maa ki chut lund daal dunga,Hinglish,Nuclear
gand phatli bhenchod hijda harami,Hinglish/Marathi Mix,Nuclear
gand phatli bhenchod bhosdike randi,Hinglish/Marathi Mix,Nuclear
ki aulad gaandu harami mar,Hinglish,Nuclear
harami lavda choos lund,Hinglish,Nuclear
phadke tuzya aaichi pucchi lund,Hinglish/Marathi Mix,Nuclear
aai chi gand randi lund,Hinglish/Marathi Mix,Nuclear
phad dunga kutte ki aulad gaandu,Hinglish,Nuclear
tuzya aaicha foda mar phad dunga,Hinglish/Marathi Mix,Nuclear
bhadwa tujha aila kutryawani bhadwa,Hinglish,Nuclear
chutiya gand phatli bhenchod phad dunga,Hinglish/Marathi Mix,Nuclear
gand phatli bhenchod ki aulad bhosdike,Hinglish/Marathi Mix,Nuclear
bhosdike kutte ki aulad chutiya,Hinglish,Nuclear
lund behenchod randi madarchod,Hinglish,Nuclear
lund kutte ki aulad lund,Hinglish,Nuclear
gaandu harami lawda daal dunga,Hinglish,Nuclear
teri maa ki chut phadke daal dunga,Hinglish,Nuclear
behen ki chut madarchod phad dunga,Hinglish,Nuclear
gand phatli bhenchod choos ki aulad,Hinglish/Marathi Mix,Nuclear
ki aulad behenchod randi daal dunga,Hinglish,Nuclear
mar behen ki chut phadke,Hinglish,Nuclear
mar madarchod bhosdike bhadwa,Hinglish,Nuclear
daal dunga harami chutiya phadke,Hinglish,Nuclear
behenchod randi randi mar,Hinglish,Nuclear
teri maa ki chut randi phadke,Hinglish,Nuclear
lawda gaand phaad lund,Hinglish,Nuclear
bhadwa pucchi khajvya hijda,Hinglish/Marathi Mix,Nuclear
choos behenchod randi phadke,Hinglish,Nuclear
daal dunga randi ka lund phad dunga,Hinglish,Nuclear
ki aulad bhosdi wali phad dunga,Hinglish,Nuclear
mar lavda choos chutiya,Hinglish,Nuclear
gaand phaad madarchod madarchod,Hinglish,Nuclear
daal dunga aai chi gand lawda,Hinglish/Marathi Mix,Nuclear
bhosdi wali gaandu daal dunga,Hinglish,Nuclear
hijda kutte ki aulad randi,Hinglish,Nuclear
maa ka bhosada lawda bhosdike,Hinglish,Nuclear
hijda lavda choos gaandu,Hinglish,Nuclear
lawda gand mar bhadwa,Hinglish,Nuclear
tuzya aaicha foda phad dunga lund,Hinglish/Marathi Mix,Nuclear
harami chutiya daal dunga bhosdike,Hinglish,Nuclear
ayica dana randi bhosdike,Hinglish,Nuclear
teri maa ki chut gaandu phad dunga,Hinglish,Nuclear
phad dunga tuzya aaichi pucchi lund,Hinglish/Marathi Mix,Nuclear
daal dunga gand mar lund,Hinglish,Nuclear
lund lavda choos lawda,Hinglish,Nuclear
chut mein lund chutiya gaandu,Hinglish,Nuclear
zavadya madarchod lawda bhosdike,Hinglish,Nuclear
madarchod madarchod bhosdike randi,Hinglish,Nuclear
hijda pucchi khajvya harami,Hinglish/Marathi Mix,Nuclear
hijda tuzya aaichi pucchi lawda,Hinglish/Marathi Mix,Nuclear
mar tujha aila kutryawani bhadwa,Hinglish,Nuclear
ki aulad bhosdi wali bhadwa,Hinglish,Nuclear
behen ki chut lawda lawda,Hinglish,Nuclear
phadke tuzya aaicha foda randi,Hinglish/Marathi Mix,Nuclear
madarchod bhosdike mar lund,Hinglish,Nuclear
gand phatli bhenchod lawda daal dunga,Hinglish/Marathi Mix,Nuclear
pucchi khajvya randi gaandu,Hinglish/Marathi Mix,Nuclear
bhosdi wali lawda harami,Hinglish,Nuclear
harami zavadya madarchod lawda,Hinglish,Nuclear
harami behenchod randi ki aulad,Hinglish,Nuclear
harami chutiya daal dunga madarchod,Hinglish,Nuclear
phadke gaandu harami daal dunga,Hinglish,Nuclear
bhadwa teri maa ki chut choos,Hinglish,Nuclear
daal dunga bhosdi wali ki aulad,Hinglish,Nuclear
harami chutiya hijda bhosdike,Hinglish,Nuclear
tuzya aaicha foda phadke hijda,Hinglish/Marathi Mix,Nuclear
mar tuzya aaicha foda hijda,Hinglish/Marathi Mix,Nuclear
choos gaandu harami chutiya,Hinglish,Nuclear
gand phatli bhenchod phad dunga randi,Hinglish/Marathi Mix,Nuclear
phadke lavda choos mar,Hinglish,Nuclear
chut mein lund phadke madarchod,Hinglish,Nuclear
chut mein lund madarchod harami,Hinglish,Nuclear
gaandu tuzya aaichi pucchi ki aulad,Hinglish/Marathi Mix,Nuclear
kutte ki aulad harami madarchod,Hinglish,Nuclear
maa ka bhosada ki aulad ki aulad,Hinglish,Nuclear
chut mein lund harami harami,Hinglish,Nuclear
teri maa ki chut hijda gaandu,Hinglish,Nuclear
bhadwa behenchod randi bhadwa,Hinglish,Nuclear
lawda gand mar daal dunga,Hinglish,Nuclear
ayica dana hijda phad dunga,Hinglish,Nuclear
tuzya aaichi pucchi phadke daal dunga,Hinglish/Marathi Mix,Nuclear
chut mein lund bhadwa hijda,Hinglish,Nuclear
daal dunga pucchi khajvya lawda,Hinglish/Marathi Mix,Nuclear
harami gaandu harami daal dunga,Hinglish,Nuclear
pucchi khajvya randi bhosdike,Hinglish/Marathi Mix,Nuclear
lund tuzya aaichi pucchi ki aulad,Hinglish/Marathi Mix,Nuclear
gand phatli bhenchod randi harami,Hinglish/Marathi Mix,Nuclear
phad dunga gaandu harami phadke,Hinglish,Nuclear
phadke maa ka bhosada ki aulad,Hinglish,Nuclear
zavadya madarchod hijda phad dunga,Hinglish,Nuclear
chutiya harami chutiya madarchod,Hinglish,Nuclear
harami randi ka lund madarchod,Hinglish,Nuclear
ki aulad behen ki chut gaandu,Hinglish,Nuclear
behen ki chut daal dunga harami,Hinglish,Nuclear
lavda choos mar madarchod,Hinglish,Nuclear
gaand phaad phadke randi,Hinglish,Nuclear
hijda lavde ka baal bhosdike,Hinglish,Nuclear
lund pucchi khajvya harami,Hinglish/Marathi Mix,Nuclear
bhosdike tujha aila kutryawani chutiya,Hinglish,Nuclear
hijda tujha aila kutryawani chutiya,Hinglish,Nuclear
lavde ka baal phadke harami,Hinglish,Nuclear
harami randi ka lund phad dunga,Hinglish,Nuclear
tujha aila kutryawani lund choos,Hinglish,Nuclear
phad dunga tuzya aaichi pucchi gaandu,Hinglish/Marathi Mix,Nuclear
harami chutiya phadke chutiya,Hinglish,Nuclear
gaandu lavda choos lund,Hinglish,Nuclear
lawda gaand phaad phadke,Hinglish,Nuclear
choos bhosdi wali lund,Hinglish,Nuclear
bhosdike kutte ki aulad lund,Hinglish,Nuclear
behen ki chut ki aulad daal dunga,Hinglish,Nuclear
teri maa ki chut gaandu bhosdike,Hinglish,Nuclear
randi ka lund lund phadke,Hinglish,Nuclear
behen ki chut ki aulad gaandu,Hinglish,Nuclear
bhadwa teri maa ki chut phadke,Hinglish,Nuclear
lavde ka baal bhosdike chutiya,Hinglish,Nuclear
harami chut mein lund hijda,Hinglish,Nuclear
tuzya aaicha foda chutiya phad dunga,Hinglish/Marathi Mix,Nuclear
lawda lavde ka baal harami,Hinglish,Nuclear
mar ayica dana madarchod,Hinglish,Nuclear
zavadya madarchod phadke lawda,Hinglish,Nuclear
choos teri maa ki chut hijda,Hinglish,Nuclear
teri maa ki chut hijda choos,Hinglish,Nuclear
gand mar lund ki aulad,Hinglish,Nuclear
bhadwa randi ka lund chutiya,Hinglish,Nuclear
chutiya gand mar gaandu,Hinglish,Nuclear
behen ki chut ki aulad bhadwa,Hinglish,Nuclear
bhosdike randi ka lund bhosdike,Hinglish,Nuclear
gaandu tuzya aaicha foda lund,Hinglish/Marathi Mix,Nuclear
tuzya aaicha foda ki aulad chutiya,Hinglish/Marathi Mix,Nuclear
hijda madarchod bhosdike gaandu,Hinglish,Nuclear
gaandu harami gaandu bhosdike,Hinglish,Nuclear
daal dunga lavde ka baal lund,Hinglish,Nuclear
lawda behenchod randi madarchod,Hinglish,Nuclear
gaandu harami chutiya phad dunga,Hinglish,Nuclear
gand mar mar ki aulad,Hinglish,Nuclear
tuzya aaicha foda phad dunga bhosdike,Hinglish/Marathi Mix,Nuclear
hijda madarchod bhosdike lawda,Hinglish,Nuclear
ayica dana mar gaandu,Hinglish,Nuclear
choos lavde ka baal phadke,Hinglish,Nuclear
zavadya madarchod phad dunga chutiya,Hinglish,Nuclear
gaandu harami randi gaandu,Hinglish,Nuclear
lavde ka baal lawda phadke,Hinglish,Nuclear
gaandu harami harami harami,Hinglish,Nuclear
gand phatli bhenchod madarchod chutiya,Hinglish/Marathi Mix,Nuclear
chutiya aai chi gand mar,Hinglish/Marathi Mix,Nuclear
gaandu kutte ki aulad gaandu,Hinglish,Nuclear
bhosdike ayica dana choos,Hinglish,Nuclear
lund behenchod randi mar,Hinglish,Nuclear
lawda maa ka bhosada chutiya,Hinglish,Nuclear
phadke chut mein lund choos,Hinglish,Nuclear
bhadwa chut mein lund harami,Hinglish,Nuclear
tuzya aaicha foda daal dunga lawda,Hinglish/Marathi Mix,Nuclear
chut mein lund phadke lund,Hinglish,Nuclear
mar gand mar phad dunga,Hinglish,Nuclear
ki aulad chut mein lund bhosdike,Hinglish,Nuclear
teri maa ki chut bhosdike daal dunga,Hinglish,Nuclear
gaand phaad daal dunga madarchod,Hinglish,Nuclear
lund gaand phaad bhosdike,Hinglish,Nuclear
harami maa ka bhosada phad dunga,Hinglish,Nuclear
gand mar bhosdike mar,Hinglish,Nuclear
choos gand phatli bhenchod phadke,Hinglish/Marathi Mix,Nuclear
bhosdike behen ki chut madarchod,Hinglish,Nuclear
teri maa ki chut lawda mar,Hinglish,Nuclear
bhosdike kutte ki aulad gaandu,Hinglish,Nuclear
tuzya aaichi pucchi madarchod ki aulad,Hinglish/Marathi Mix,Nuclear
tuzya aaichi pucchi hijda gaandu,Hinglish/Marathi Mix,Nuclear
bhosdi wali mar choos,Hinglish,Nuclear
tuzya aaichi pucchi lawda randi,Hinglish/Marathi Mix,Nuclear
harami chutiya gaandu madarchod,Hinglish,Nuclear
teri maa ki chut phadke gaandu,Hinglish,Nuclear
ayica dana gaandu mar,Hinglish,Nuclear
phad dunga randi ka lund bhosdike,Hinglish,Nuclear
phadke kutte ki aulad bhadwa,Hinglish,Nuclear
bhosdi wali madarchod lawda,Hinglish,Nuclear
daal dunga lavde ka baal choos,Hinglish,Nuclear
lavda choos lawda choos,Hinglish,Nuclear
daal dunga madarchod bhosdike daal dunga,Hinglish,Nuclear
behenchod randi bhosdike gaandu,Hinglish,Nuclear
tuzya aaicha foda gaandu lund,Hinglish/Marathi Mix,Nuclear
lavda choos phad dunga mar,Hinglish,Nuclear
ayica dana phad dunga ki aulad,Hinglish,Nuclear
pucchi khajvya madarchod harami,Hinglish/Marathi Mix,Nuclear
gand mar mar hijda,Hinglish,Nuclear
zavadya madarchod choos madarchod,Hinglish,Nuclear
aai chi gand mar ki aulad,Hinglish/Marathi Mix,Nuclear
gand phatli bhenchod phadke phad dunga,Hinglish/Marathi Mix,Nuclear
gaand phaad randi daal dunga,Hinglish,Nuclear
phadke randi ka lund lund,Hinglish,Nuclear
ki aulad tuzya aaicha foda bhosdike,Hinglish/Marathi Mix,Nuclear
phad dunga kutte ki aulad harami,Hinglish,Nuclear
ayica dana choos choos,Hinglish,Nuclear
gaandu harami ki aulad phadke,Hinglish,Nuclear
chutiya gaandu harami gaandu,Hinglish,Nuclear
maa ka bhosada randi bhosdike,Hinglish,Nuclear
choos tuzya aaichi pucchi daal dunga,Hinglish/Marathi Mix,Nuclear
choos pucchi khajvya hijda,Hinglish/Marathi Mix,Nuclear
tuzya aaichi pucchi bhosdike phadke,Hinglish/Marathi Mix,Nuclear
bhadwa behen ki chut phadke,Hinglish,Nuclear
gand phatli bhenchod ki aulad chutiya,Hinglish/Marathi Mix,Nuclear
gand mar daal dunga bhadwa,Hinglish,Nuclear
phad dunga madarchod bhosdike madarchod,Hinglish,Nuclear
phadke madarchod bhosdike bhosdike,Hinglish,Nuclear
madarchod pucchi khajvya phadke,Hinglish/Marathi Mix,Nuclear
tujha aila kutryawani choos madarchod,Hinglish,Nuclear
randi madarchod bhosdike phadke,Hinglish,Nuclear
behen ki chut randi bhosdike,Hinglish,Nuclear
randi zavadya madarchod lund,Hinglish,Nuclear
randi ka lund bhadwa choos,Hinglish,Nuclear
madarchod madarchod bhosdike lawda,Hinglish,Nuclear
gaand phaad ki aulad choos,Hinglish,Nuclear
pucchi khajvya phad dunga lawda,Hinglish/Marathi Mix,Nuclear
mar maa ka bhosada phadke,Hinglish,Nuclear
zavadya madarchod daal dunga lund,Hinglish,Nuclear
zavadya madarchod lund ki aulad,Hinglish,Nuclear
daal dunga behen ki chut phadke,Hinglish,Nuclear
lund behen ki chut bhosdike,Hinglish,Nuclear
phad dunga gaand phaad choos,Hinglish,Nuclear
randi bhosdi wali mar,Hinglish,Nuclear
randi tuzya aaicha foda phadke,Hinglish/Marathi Mix,Nuclear
lawda tujha aila kutryawani phad dunga,Hinglish,Nuclear
zavadya madarchod bhosdike phadke,Hinglish,Nuclear
behenchod randi hijda bhosdike,Hinglish,Nuclear
phadke gand phatli bhenchod madarchod,Hinglish/Marathi Mix,Nuclear
randi ka lund mar choos,Hinglish,Nuclear
kutte ki aulad chutiya lund,Hinglish,Nuclear
aai chi gand bhosdike hijda,Hinglish/Marathi Mix,Nuclear
randi teri maa ki chut hijda,Hinglish,Nuclear
gaand phaad phad dunga bhosdike,Hinglish,Nuclear
daal dunga bhosdi wali daal dunga,Hinglish,Nuclear
harami tuzya aaicha foda madarchod,Hinglish/Marathi Mix,Nuclear
phad dunga zavadya madarchod gaandu,Hinglish,Nuclear
chut mein lund harami lawda,Hinglish,Nuclear
tuzya aaichi pucchi bhadwa bhadwa,Hinglish/Marathi Mix,Nuclear
gaand phaad lund daal dunga,Hinglish,Nuclear
madarchod madarchod bhosdike lund,Hinglish,Nuclear
kutte ki aulad phadke phadke,Hinglish,Nuclear
gand mar lund mar,Hinglish,Nuclear
maa ka bhosada randi lawda,Hinglish,Nuclear
harami chutiya madarchod lawda,Hinglish,Nuclear
lund gaand phaad bhadwa,Hinglish,Nuclear
daal dunga pucchi khajvya phadke,Hinglish/Marathi Mix,Nuclear
tujha aila kutryawani hijda daal dunga,Hinglish,Nuclear
hijda gand phatli bhenchod madarchod,Hinglish/Marathi Mix,Nuclear
aai chi gand ki aulad phad dunga,Hinglish/Marathi Mix,Nuclear
lavde ka baal madarchod mar,Hinglish,Nuclear
gaand phaad randi chutiya,Hinglish,Nuclear
hijda zavadya madarchod phad dunga,Hinglish,Nuclear
bhosdike behen ki chut phad dunga,Hinglish,Nuclear
gand mar choos choos,Hinglish,Nuclear
kutte ki aulad bhadwa bhosdike,Hinglish,Nuclear
chutiya maa ka bhosada madarchod,Hinglish,Nuclear
bhosdi wali daal dunga phadke,Hinglish,Nuclear
zavadya madarchod chutiya phadke,Hinglish,Nuclear
tuzya aaichi pucchi lund phad dunga,Hinglish/Marathi Mix,Nuclear
choos lavda choos mar,Hinglish,Nuclear
teri maa ki chut harami lawda,Hinglish,Nuclear
behen ki chut ki aulad randi,Hinglish,Nuclear
randi ka lund madarchod bhadwa,Hinglish,Nuclear
harami madarchod bhosdike harami,Hinglish,Nuclear
choos ayica dana lund,Hinglish,Nuclear
gand phatli bhenchod chutiya lund,Hinglish/Marathi Mix,Nuclear
hijda maa ka bhosada choos,Hinglish,Nuclear
lund lavde ka baal gaandu,Hinglish,Nuclear
tuzya aaichi pucchi choos bhadwa,Hinglish/Marathi Mix,Nuclear
daal dunga tuzya aaichi pucchi choos,Hinglish/Marathi Mix,Nuclear
ki aulad randi ka lund madarchod,Hinglish,Nuclear
madarchod tujha aila kutryawani choos,Hinglish,Nuclear
ayica dana chutiya randi,Hinglish,Nuclear
madarchod harami chutiya choos,Hinglish,Nuclear
gaand phaad phad dunga lawda,Hinglish,Nuclear
madarchod pucchi khajvya mar,Hinglish/Marathi Mix,Nuclear
aai chi gand phadke gaandu,Hinglish/Marathi Mix,Nuclear
harami lavde ka baal bhosdike,Hinglish,Nuclear
gaandu harami randi lund,Hinglish,Nuclear
randi kutte ki aulad lund,Hinglish,Nuclear
ki aulad tujha aila kutryawani gaandu,Hinglish,Nuclear
harami zavadya madarchod gaandu,Hinglish,Nuclear
bhadwa randi ka lund mar,Hinglish,Nuclear
daal dunga randi ka lund chutiya,Hinglish,Nuclear
lund gaand phaad ki aulad,Hinglish,Nuclear
bhosdike tujha aila kutryawani bhosdike,Hinglish,Nuclear
mar gaandu harami daal dunga,Hinglish,Nuclear
ki aulad tujha aila kutryawani ki aulad,Hinglish,Nuclear
aai chi gand randi randi,Hinglish/Marathi Mix,Nuclear
bhadwa gand phatli bhenchod mar,Hinglish/Marathi Mix,Nuclear
bhosdike tujha aila kutryawani harami,Hinglish,Nuclear
daal dunga gaandu harami madarchod,Hinglish,Nuclear
bhosdi wali bhosdike randi,Hinglish,Nuclear
choos gaand phaad phad dunga,Hinglish,Nuclear
ki aulad ayica dana bhadwa,Hinglish,Nuclear
choos harami chutiya bhadwa,Hinglish,Nuclear
phad dunga chut mein lund lawda,Hinglish,Nuclear
hijda gaand phaad ki aulad,Hinglish,Nuclear
gand mar lawda bhadwa,Hinglish,Nuclear
harami chutiya daal dunga randi,Hinglish,Nuclear
mar tujha aila kutryawani randi,Hinglish,Nuclear
tujha aila kutryawani bhadwa ki aulad,Hinglish,Nuclear
aai chi gand mar daal dunga,Hinglish/Marathi Mix,Nuclear
tuzya aaicha foda harami chutiya,Hinglish/Marathi Mix,Nuclear
gand mar bhosdike gaandu,Hinglish,Nuclear
lawda madarchod bhosdike phad dunga,Hinglish,Nuclear
maa ka bhosada lawda chutiya,Hinglish,Nuclear
lund behen ki chut lawda,Hinglish,Nuclear
ayica dana ki aulad bhadwa,Hinglish,Nuclear
phad dunga pucchi khajvya ki aulad,Hinglish/Marathi Mix,Nuclear
harami tujha aila kutryawani randi,Hinglish,Nuclear
hijda tujha aila kutryawani bhadwa,Hinglish,Nuclear
lavde ka baal harami daal dunga,Hinglish,Nuclear
mar harami chutiya hijda,Hinglish,Nuclear
hijda gaandu harami harami,Hinglish,Nuclear
harami chutiya harami lawda,Hinglish,Nuclear
lavde ka baal choos chutiya,Hinglish,Nuclear
randi behen ki chut daal dunga,Hinglish,Nuclear
pucchi khajvya chutiya choos,Hinglish/Marathi Mix,Nuclear
gand mar phad dunga choos,Hinglish,Nuclear
zavadya madarchod madarchod phad dunga,Hinglish,Nuclear
lund gand mar bhadwa,Hinglish,Nuclear
phad dunga tuzya aaicha foda harami,Hinglish/Marathi Mix,Nuclear
gaandu chut mein lund gaandu,Hinglish,Nuclear
gaandu tuzya aaichi pucchi lund,Hinglish/Marathi Mix,Nuclear
zavadya madarchod bhosdike harami,Hinglish,Nuclear
madarchod ayica dana chutiya,Hinglish,Nuclear
tuzya aaichi pucchi lawda choos,Hinglish/Marathi Mix,Nuclear
gaandu behenchod randi phad dunga,Hinglish,Nuclear
randi ka lund madarchod ki aulad,Hinglish,Nuclear
harami chutiya phadke madarchod,Hinglish,Nuclear
tujha aila kutryawani chutiya mar,Hinglish,Nuclear
mar behenchod randi phadke,Hinglish,Nuclear
daal dunga gaandu harami hijda,Hinglish,Nuclear
chutiya zavadya madarchod hijda,Hinglish,Nuclear
aai chi gand bhadwa daal dunga,Hinglish/Marathi Mix,Nuclear
bhosdike bhosdi wali bhadwa,Hinglish,Nuclear
harami kutte ki aulad hijda,Hinglish,Nuclear
behenchod randi mar mar,Hinglish,Nuclear
madarchod bhosdike chutiya lawda,Hinglish,Nuclear
tuzya aaichi pucchi gaandu hijda,Hinglish/Marathi Mix,Nuclear
ki aulad behen ki chut randi,Hinglish,Nuclear
tuzya aaicha foda ki aulad choos,Hinglish/Marathi Mix,Nuclear
madarchod bhosdike mar bhadwa,Hinglish,Nuclear
bhosdike madarchod bhosdike bhosdike,Hinglish,Nuclear
lawda kutte ki aulad ki aulad,Hinglish,Nuclear
chutiya ayica dana chutiya,Hinglish,Nuclear
lund tujha aila kutryawani chutiya,Hinglish,Nuclear
phadke lavda choos harami,Hinglish,Nuclear
randi gaandu harami madarchod,Hinglish,Nuclear
choos gand phatli bhenchod harami,Hinglish/Marathi Mix,Nuclear
lawda zavadya madarchod mar,Hinglish,Nuclear
phad dunga tuzya aaichi pucchi hijda,Hinglish/Marathi Mix,Nuclear
lavda choos hijda harami,Hinglish,Nuclear
lawda gaandu harami lawda,Hinglish,Nuclear
lavda choos lawda phad dunga,Hinglish,Nuclear
gaandu gand mar mar,Hinglish,Nuclear
mar gand phatli bhenchod phadke,Hinglish/Marathi Mix,Nuclear
hijda behen ki chut phadke,Hinglish,Nuclear
ki aulad gand mar bhosdike,Hinglish,Nuclear
ki aulad chut mein lund lawda,Hinglish,Nuclear
randi lavda choos ki aulad,Hinglish,Nuclear
lavde ka baal randi gaandu,Hinglish,Nuclear
phad dunga randi ka lund lawda,Hinglish,Nuclear
gand mar randi ki aulad,Hinglish,Nuclear
harami maa ka bhosada daal dunga,Hinglish,Nuclear
zavadya madarchod ki aulad lawda,Hinglish,Nuclear
phadke behenchod randi chutiya,Hinglish,Nuclear
tuzya aaicha foda daal dunga randi,Hinglish/Marathi Mix,Nuclear
tujha aila kutryawani phadke choos,Hinglish,Nuclear
gaandu maa ka bhosada daal dunga,Hinglish,Nuclear
gaandu kutte ki aulad phadke,Hinglish,Nuclear
bhosdi wali gaandu phad dunga,Hinglish,Nuclear
phad dunga gand mar chutiya,Hinglish,Nuclear
teri maa ki chut harami choos,Hinglish,Nuclear
phad dunga lavde ka baal randi,Hinglish,Nuclear
lund randi ka lund chutiya,Hinglish,Nuclear
lawda madarchod bhosdike hijda,Hinglish,Nuclear
ki aulad tujha aila kutryawani lawda,Hinglish,Nuclear
chut mein lund phadke harami,Hinglish,Nuclear
bhosdike gand mar hijda,Hinglish,Nuclear
bhosdi wali lawda bhosdike,Hinglish,Nuclear
lavde ka baal gaandu ki aulad,Hinglish,Nuclear
bhadwa teri maa ki chut hijda,Hinglish,Nuclear
lavda choos chutiya bhosdike,Hinglish,Nuclear
gaandu harami madarchod hijda,Hinglish,Nuclear
gaandu ayica dana harami,Hinglish,Nuclear
phadke chut mein lund randi,Hinglish,Nuclear
hijda randi ka lund phadke,Hinglish,Nuclear
bhosdike aai chi gand phad dunga,Hinglish/Marathi Mix,Nuclear
lavde ka baal daal dunga gaandu,Hinglish,Nuclear
bhosdike teri maa ki chut phadke,Hinglish,Nuclear
ki aulad chut mein lund hijda,Hinglish,Nuclear
pucchi khajvya bhosdike phad dunga,Hinglish/Marathi Mix,Nuclear
lavde ka baal daal dunga phadke,Hinglish,Nuclear
bhosdi wali madarchod harami,Hinglish,Nuclear
lavda choos ki aulad bhosdike,Hinglish,Nuclear
gand phatli bhenchod phad dunga daal dunga,Hinglish/Marathi Mix,Nuclear
teri maa ki chut phadke phad dunga,Hinglish,Nuclear
lund behen ki chut lund,Hinglish,Nuclear
mar gaandu harami randi,Hinglish,Nuclear
harami gand mar ki aulad,Hinglish,Nuclear
pucchi khajvya choos mar,Hinglish/Marathi Mix,Nuclear
phadke tuzya aaicha foda harami,Hinglish/Marathi Mix,Nuclear
chutiya teri maa ki chut phad dunga,Hinglish,Nuclear
aai chi gand lund bhadwa,Hinglish/Marathi Mix,Nuclear
randi behenchod randi harami,Hinglish,Nuclear
chut mein lund hijda choos,Hinglish,Nuclear
choos gand phatli bhenchod mar,Hinglish/Marathi Mix,Nuclear
harami chutiya hijda choos,Hinglish,Nuclear
tujha aila kutryawani daal dunga daal dunga,Hinglish,Nuclear
chut mein lund bhosdike choos,Hinglish,Nuclear
behen ki chut harami hijda,Hinglish,Nuclear
mar behen ki chut bhadwa,Hinglish,Nuclear
lund lavde ka baal chutiya,Hinglish,Nuclear
lund aai chi gand bhosdike,Hinglish/Marathi Mix,Nuclear
aai chi gand phad dunga lawda,Hinglish/Marathi Mix,Nuclear
tujha aila kutryawani randi madarchod,Hinglish,Nuclear
bhosdi wali phadke daal dunga,Hinglish,Nuclear
hijda zavadya madarchod daal dunga,Hinglish,Nuclear
gand mar harami lawda,Hinglish,Nuclear
randi ka lund madarchod chutiya,Hinglish,Nuclear
daal dunga behenchod randi bhadwa,Hinglish,Nuclear
mar gaand phaad bhosdike,Hinglish,Nuclear
madarchod randi ka lund hijda,Hinglish,Nuclear
lavde ka baal daal dunga ki aulad,Hinglish,Nuclear
bhadwa harami chutiya ki aulad,Hinglish,Nuclear
gand phatli bhenchod phadke choos,Hinglish/Marathi Mix,Nuclear
ki aulad behen ki chut bhosdike,Hinglish,Nuclear
choos bhosdi wali gaandu,Hinglish,Nuclear
maa ka bhosada lawda ki aulad,Hinglish,Nuclear
bhadwa lavde ka baal phadke,Hinglish,Nuclear
chutiya aai chi gand choos,Hinglish/Marathi Mix,Nuclear
madarchod kutte ki aulad ki aulad,Hinglish,Nuclear
bhosdike harami chutiya bhadwa,Hinglish,Nuclear
choos gaandu harami hijda,Hinglish,Nuclear
teri maa ki chut ki aulad phadke,Hinglish,Nuclear
gaandu harami mar bhadwa,Hinglish,Nuclear
harami tuzya aaicha foda phadke,Hinglish/Marathi Mix,Nuclear
tuzya aaicha foda gaandu randi,Hinglish/Marathi Mix,Nuclear
gaandu pucchi khajvya madarchod,Hinglish/Marathi Mix,Nuclear
madarchod bhosdike gaandu mar,Hinglish,Nuclear
gaandu harami lund daal dunga,Hinglish,Nuclear
randi ka lund ki aulad phadke,Hinglish,Nuclear
lund lavda choos choos,Hinglish,Nuclear
hijda lavde ka baal hijda,Hinglish,Nuclear
madarchod bhosdike mar mar,Hinglish,Nuclear
behenchod randi lawda bhosdike,Hinglish,Nuclear
randi lavde ka baal bhadwa,Hinglish,Nuclear
chutiya maa ka bhosada bhosdike,Hinglish,Nuclear
mar gand phatli bhenchod randi,Hinglish/Marathi Mix,Nuclear
tujha aila kutryawani lawda randi,Hinglish,Nuclear
behen ki chut lawda madarchod,Hinglish,Nuclear
gaandu harami lund bhosdike,Hinglish,Nuclear
bhadwa gaandu harami choos,Hinglish,Nuclear
choos tuzya aaichi pucchi hijda,Hinglish/Marathi Mix,Nuclear
chutiya madarchod bhosdike randi,Hinglish,Nuclear
behen ki chut phad dunga harami,Hinglish,Nuclear
phad dunga tujha aila kutryawani lund,Hinglish,Nuclear
ki aulad tujha aila kutryawani lund,Hinglish,Nuclear
gand phatli bhenchod harami hijda,Hinglish/Marathi Mix,Nuclear
gaand phaad hijda harami,Hinglish,Nuclear
mar harami chutiya gaandu,Hinglish,Nuclear
phadke tuzya aaicha foda mar,Hinglish/Marathi Mix,Nuclear
phadke gaand phaad bhosdike,Hinglish,Nuclear
lavda choos mar choos,Hinglish,Nuclear
lund behenchod randi gaandu,Hinglish,Nuclear
behenchod randi lund bhosdike,Hinglish,Nuclear
hijda kutte ki aulad daal dunga,Hinglish,Nuclear
phadke zavadya madarchod choos,Hinglish,Nuclear
bhosdi wali choos phad dunga,Hinglish,Nuclear
mar madarchod bhosdike phad dunga,Hinglish,Nuclear
gaandu maa ka bhosada chutiya,Hinglish,Nuclear
madarchod tuzya aaichi pucchi mar,Hinglish/Marathi Mix,Nuclear
teri maa ki chut lund bhadwa,Hinglish,Nuclear
madarchod aai chi gand mar,Hinglish/Marathi Mix,Nuclear
madarchod bhosdike hijda daal dunga,Hinglish,Nuclear
maa ka bhosada lund madarchod,Hinglish,Nuclear
ki aulad gaand phaad chutiya,Hinglish,Nuclear
teri maa ki chut daal dunga ki aulad,Hinglish,Nuclear
bhadwa gaandu harami daal dunga,Hinglish,Nuclear
harami lavda choos ki aulad,Hinglish,Nuclear
tujha aila kutryawani randi chutiya,Hinglish,Nuclear
gaandu tujha aila kutryawani phadke,Hinglish,Nuclear
chutiya teri maa ki chut ki aulad,Hinglish,Nuclear
bhosdike tujha aila kutryawani bhadwa,Hinglish,Nuclear
zavadya madarchod lawda lund,Hinglish,Nuclear
zavadya madarchod phadke bhadwa,Hinglish,Nuclear
randi ka lund chutiya ki aulad,Hinglish,Nuclear
pucchi khajvya lawda daal dunga,Hinglish/Marathi Mix,Nuclear
tuzya aaichi pucchi randi lund,Hinglish/Marathi Mix,Nuclear
hijda madarchod bhosdike choos,Hinglish,Nuclear
hijda gaand phaad bhosdike,Hinglish,Nuclear
maa ka bhosada choos bhosdike,Hinglish,Nuclear
lavda choos phad dunga lund,Hinglish,Nuclear
randi ka lund bhadwa bhosdike,Hinglish,Nuclear
lavda choos lawda hijda,Hinglish,Nuclear
lavde ka baal phad dunga phadke,Hinglish,Nuclear
ki aulad lavda choos bhosdike,Hinglish,Nuclear
zavadya madarchod harami ki aulad,Hinglish,Nuclear
chutiya kutte ki aulad bhadwa,Hinglish,Nuclear
teri maa ki chut gaandu phadke,Hinglish,Nuclear
harami chutiya gaandu gaandu,Hinglish,Nuclear
pucchi khajvya choos bhosdike,Hinglish/Marathi Mix,Nuclear
bhosdi wali mar lawda,Hinglish,Nuclear
choos kutte ki aulad harami,Hinglish,Nuclear
maa ka bhosada mar ki aulad,Hinglish,Nuclear
harami tuzya aaichi pucchi bhadwa,Hinglish/Marathi Mix,Nuclear
gaand phaad lawda harami,Hinglish,Nuclear
ayica dana daal dunga mar,Hinglish,Nuclear
lawda behen ki chut lund,Hinglish,Nuclear
phad dunga behen ki chut phadke,Hinglish,Nuclear
randi gaandu harami phad dunga,Hinglish,Nuclear
daal dunga tujha aila kutryawani lund,Hinglish,Nuclear
gaandu behen ki chut hijda,Hinglish,Nuclear
choos aai chi gand phadke,Hinglish/Marathi Mix,Nuclear
teri maa ki chut phad dunga lawda,Hinglish,Nuclear
behen ki chut gaandu chutiya,Hinglish,Nuclear
ayica dana lawda chutiya,Hinglish,Nuclear
maa ka bhosada hijda bhadwa,Hinglish,Nuclear
tujha aila kutryawani chutiya randi,Hinglish,Nuclear
ayica dana chutiya harami,Hinglish,Nuclear
behen ki chut lund bhosdike,Hinglish,Nuclear
choos maa ka bhosada randi,Hinglish,Nuclear
randi ka lund bhosdike bhadwa,Hinglish,Nuclear
gand phatli bhenchod choos madarchod,Hinglish/Marathi Mix,Nuclear
gaandu harami bhosdike hijda,Hinglish,Nuclear
harami gand mar randi,Hinglish,Nuclear
tuzya aaichi pucchi gaandu mar,Hinglish/Marathi Mix,Nuclear
lund harami chutiya phad dunga,Hinglish,Nuclear
madarchod gand mar choos,Hinglish,Nuclear
harami tuzya aaichi pucchi hijda,Hinglish/Marathi Mix,Nuclear
lawda kutte ki aulad chutiya,Hinglish,Nuclear
tuzya aaichi pucchi harami chutiya,Hinglish/Marathi Mix,Nuclear
teri maa ki chut randi ki aulad,Hinglish,Nuclear
chut mein lund randi phad dunga,Hinglish,Nuclear
phadke behenchod randi mar,Hinglish,Nuclear
lawda maa ka bhosada hijda,Hinglish,Nuclear
aai chi gand gaandu phadke,Hinglish/Marathi Mix,Nuclear
lawda tuzya aaicha foda lawda,Hinglish/Marathi Mix,Nuclear
zavadya madarchod hijda daal dunga,Hinglish,Nuclear
bhadwa bhosdi wali choos,Hinglish,Nuclear
lawda lavde ka baal lawda,Hinglish,Nuclear
phadke maa ka bhosada lund,Hinglish,Nuclear
kutte ki aulad hijda phadke,Hinglish,Nuclear
bhosdike lavda choos chutiya,Hinglish,Nuclear
gaandu behen ki chut phadke,Hinglish,Nuclear
bhosdike tuzya aaicha foda chutiya,Hinglish/Marathi Mix,Nuclear
chut mein lund ki aulad chutiya,Hinglish,Nuclear
kutte ki aulad choos bhosdike,Hinglish,Nuclear
chutiya gand mar ki aulad,Hinglish,Nuclear
randi tuzya aaicha foda mar,Hinglish/Marathi Mix,Nuclear
madarchod bhosdike bhadwa lawda,Hinglish,Nuclear
gaandu harami daal dunga choos,Hinglish,Nuclear
madarchod gand phatli bhenchod lund,Hinglish/Marathi Mix,Nuclear
daal dunga tujha aila kutryawani randi,Hinglish,Nuclear
chutiya maa ka bhosada hijda,Hinglish,Nuclear
lawda tujha aila kutryawani phadke,Hinglish,Nuclear
hijda maa ka bhosada madarchod,Hinglish,Nuclear
randi tujha aila kutryawani phad dunga,Hinglish,Nuclear
teri maa ki chut daal dunga gaandu,Hinglish,Nuclear
daal dunga chut mein lund chutiya,Hinglish,Nuclear
lawda behen ki chut chutiya,Hinglish,Nuclear
behenchod randi daal dunga phadke,Hinglish,Nuclear
bhadwa maa ka bhosada choos,Hinglish,Nuclear
teri maa ki chut mar chutiya,Hinglish,Nuclear
bhosdike gaandu harami gaandu,Hinglish,Nuclear
harami aai chi gand phad dunga,Hinglish/Marathi Mix,Nuclear
madarchod bhosdike ki aulad choos,Hinglish,Nuclear
kutte ki aulad chutiya phad dunga,Hinglish,Nuclear
lawda madarchod bhosdike lund,Hinglish,Nuclear
lavde ka baal phad dunga lawda,Hinglish,Nuclear
bhadwa behen ki chut madarchod,Hinglish,Nuclear
gand mar mar mar,Hinglish,Nuclear
harami gand phatli bhenchod bhadwa,Hinglish/Marathi Mix,Nuclear
harami chutiya bhosdike daal dunga,Hinglish,Nuclear
madarchod gaandu harami phad dunga,Hinglish,Nuclear
phadke behenchod randi lund,Hinglish,Nuclear
gand mar chutiya harami,Hinglish,Nuclear
choos behen ki chut bhadwa,Hinglish,Nuclear
pucchi khajvya daal dunga ki aulad,Hinglish/Marathi Mix,Nuclear
choos chut mein lund bhadwa,Hinglish,Nuclear
phadke chut mein lund phadke,Hinglish,Nuclear
behenchod randi bhosdike bhosdike,Hinglish,Nuclear
chutiya randi ka lund hijda,Hinglish,Nuclear
mar gaandu harami phadke,Hinglish,Nuclear
madarchod maa ka bhosada daal dunga,Hinglish,Nuclear
randi ka lund daal dunga lawda,Hinglish,Nuclear
aai chi gand hijda hijda,Hinglish/Marathi Mix,Nuclear
madarchod bhosdike gaandu daal dunga,Hinglish,Nuclear
gaandu harami daal dunga daal dunga,Hinglish,Nuclear
gaand phaad choos ki aulad,Hinglish,Nuclear
mar gand phatli bhenchod gaandu,Hinglish/Marathi Mix,Nuclear
choos tuzya aaichi pucchi bhadwa,Hinglish/Marathi Mix,Nuclear
teri maa ki chut choos randi,Hinglish,Nuclear
choos bhosdi wali bhosdike,Hinglish,Nuclear
mar gand phatli bhenchod chutiya,Hinglish/Marathi Mix,Nuclear
harami pucchi khajvya phadke,Hinglish/Marathi Mix,Nuclear
mar lavda choos lawda,Hinglish,Nuclear
madarchod bhosdike mar harami,Hinglish,Nuclear
choos behenchod randi mar,Hinglish,Nuclear
madarchod chut mein lund lund,Hinglish,Nuclear
maa ka bhosada harami phadke,Hinglish,Nuclear
bhosdike kutte ki aulad daal dunga,Hinglish,Nuclear
mar harami chutiya phadke,Hinglish,Nuclear
daal dunga chut mein lund bhosdike,Hinglish,Nuclear
daal dunga gand mar mar,Hinglish,Nuclear
harami chutiya bhadwa phad dunga,Hinglish,Nuclear
randi ka lund madarchod lawda,Hinglish,Nuclear
phadke gaand phaad ki aulad,Hinglish,Nuclear
behen ki chut gaandu phadke,Hinglish,Nuclear
bhosdike zavadya madarchod choos,Hinglish,Nuclear
bhosdike zavadya madarchod madarchod,Hinglish,Nuclear
lawda teri maa ki chut lund,Hinglish,Nuclear
maa ka bhosada phadke madarchod,Hinglish,Nuclear
harami maa ka bhosada randi,Hinglish,Nuclear
chutiya chut mein lund phad dunga,Hinglish,Nuclear
lawda randi ka lund daal dunga,Hinglish,Nuclear
harami tuzya aaicha foda bhadwa,Hinglish/Marathi Mix,Nuclear
kutte ki aulad phadke bhadwa,Hinglish,Nuclear
pucchi khajvya mar gaandu,Hinglish/Marathi Mix,Nuclear
tuzya aaicha foda gaandu choos,Hinglish/Marathi Mix,Nuclear
tujha aila kutryawani chutiya chutiya,Hinglish,Nuclear
harami chutiya bhadwa chutiya,Hinglish,Nuclear
phad dunga gaandu harami ki aulad,Hinglish,Nuclear
ki aulad lavda choos bhadwa,Hinglish,Nuclear
harami chutiya mar phad dunga,Hinglish,Nuclear
lund ayica dana chutiya,Hinglish,Nuclear
madarchod gaand phaad lawda,Hinglish,Nuclear
lavde ka baal choos mar,Hinglish,Nuclear
phadke ayica dana mar,Hinglish,Nuclear
gand phatli bhenchod phadke phadke,Hinglish/Marathi Mix,Nuclear
chutiya chut mein lund madarchod,Hinglish,Nuclear
daal dunga tuzya aaicha foda randi,Hinglish/Marathi Mix,Nuclear
madarchod bhosdike choos randi,Hinglish,Nuclear
bhosdike aai chi gand ki aulad,Hinglish/Marathi Mix,Nuclear
lawda gaand phaad bhosdike,Hinglish,Nuclear
phadke gaand phaad gaandu,Hinglish,Nuclear
ki aulad gand mar ki aulad,Hinglish,Nuclear
bhosdi wali bhadwa randi,Hinglish,Nuclear
harami lavda choos mar,Hinglish,Nuclear
pucchi khajvya phadke harami,Hinglish/Marathi Mix,Nuclear
daal dunga chut mein lund lawda,Hinglish,Nuclear
chutiya lavde ka baal madarchod,Hinglish,Nuclear
gand mar phadke bhadwa,Hinglish,Nuclear
pucchi khajvya lund bhosdike,Hinglish/Marathi Mix,Nuclear
ki aulad aai chi gand hijda,Hinglish/Marathi Mix,Nuclear
mar maa ka bhosada daal dunga,Hinglish,Nuclear
choos bhosdi wali phadke,Hinglish,Nuclear
phad dunga bhosdi wali lawda,Hinglish,Nuclear
gaandu harami chutiya chutiya,Hinglish,Nuclear
tuzya aaicha foda choos phadke,Hinglish/Marathi Mix,Nuclear
hijda teri maa ki chut gaandu,Hinglish,Nuclear
tuzya aaichi pucchi choos chutiya,Hinglish/Marathi Mix,Nuclear
chutiya ayica dana randi,Hinglish,Nuclear
hijda tujha aila kutryawani mar,Hinglish,Nuclear
pucchi khajvya harami bhosdike,Hinglish/Marathi Mix,Nuclear
behen ki chut lawda gaandu,Hinglish,Nuclear
phad dunga tuzya aaichi pucchi phad dunga,Hinglish/Marathi Mix,Nuclear
chutiya madarchod bhosdike phadke,Hinglish,Nuclear
mar bhosdi wali lawda,Hinglish,Nuclear
aai chi gand madarchod mar,Hinglish/Marathi Mix,Nuclear
tuzya aaicha foda phad dunga harami,Hinglish/Marathi Mix,Nuclear
gand mar ki aulad madarchod,Hinglish,Nuclear
hijda kutte ki aulad phadke,Hinglish,Nuclear
phadke tuzya aaicha foda phad dunga,Hinglish/Marathi Mix,Nuclear
pucchi khajvya ki aulad hijda,Hinglish/Marathi Mix,Nuclear
bhosdike zavadya madarchod randi,Hinglish,Nuclear
mar harami chutiya choos,Hinglish,Nuclear
behen ki chut gaandu choos,Hinglish,Nuclear
randi bhosdi wali hijda,Hinglish,Nuclear
mar behen ki chut lund,Hinglish,Nuclear
phad dunga gaand phaad mar,Hinglish,Nuclear
behen ki chut daal dunga ki aulad,Hinglish,Nuclear
ayica dana daal dunga randi,Hinglish,Nuclear
chut mein lund harami lund,Hinglish,Nuclear
ayica dana harami randi,Hinglish,Nuclear
tuzya aaicha foda choos gaandu,Hinglish/Marathi Mix,Nuclear
gand mar harami bhadwa,Hinglish,Nuclear
pucchi khajvya lawda chutiya,Hinglish/Marathi Mix,Nuclear
phadke madarchod bhosdike daal dunga,Hinglish,Nuclear
gand mar lund randi,Hinglish,Nuclear
choos madarchod bhosdike daal dunga,Hinglish,Nuclear
randi pucchi khajvya madarchod,Hinglish/Marathi Mix,Nuclear
zavadya madarchod randi hijda,Hinglish,Nuclear
gaand phaad ki aulad randi,Hinglish,Nuclear
phadke randi ka lund phad dunga,Hinglish,Nuclear
daal dunga lavde ka baal phad dunga,Hinglish,Nuclear
hijda behenchod randi bhosdike,Hinglish,Nuclear
hijda maa ka bhosada bhosdike,Hinglish,Nuclear
behenchod randi choos bhosdike,Hinglish,Nuclear
choos pucchi khajvya chutiya,Hinglish/Marathi Mix,Nuclear
maa ka bhosada madarchod bhadwa,Hinglish,Nuclear
zavadya madarchod hijda bhosdike,Hinglish,Nuclear
madarchod bhosdike harami chutiya,Hinglish,Nuclear
harami ayica dana bhadwa,Hinglish,Nuclear
harami aai chi gand harami,Hinglish/Marathi Mix,Nuclear
lund harami chutiya harami,Hinglish,Nuclear
chutiya tujha aila kutryawani gaandu,Hinglish,Nuclear
lavda choos ki aulad lawda,Hinglish,Nuclear
gand phatli bhenchod phadke harami,Hinglish/Marathi Mix,Nuclear
daal dunga teri maa ki chut mar,Hinglish,Nuclear
lund tuzya aaicha foda randi,Hinglish/Marathi Mix,Nuclear
tuzya aaichi pucchi chutiya harami,Hinglish/Marathi Mix,Nuclear
hijda maa ka bhosada gaandu,Hinglish,Nuclear
mar bhosdi wali chutiya,Hinglish,Nuclear
randi teri maa ki chut chutiya,Hinglish,Nuclear
tuzya aaicha foda lund madarchod,Hinglish/Marathi Mix,Nuclear
harami madarchod bhosdike daal dunga,Hinglish,Nuclear
randi zavadya madarchod madarchod,Hinglish,Nuclear
lawda lavde ka baal lund,Hinglish,Nuclear
gaandu gand phatli bhenchod hijda,Hinglish/Marathi Mix,Nuclear
chutiya tujha aila kutryawani daal dunga,Hinglish,Nuclear
madarchod randi ka lund phad dunga,Hinglish,Nuclear
lavda choos phad dunga daal dunga,Hinglish,Nuclear
bhosdi wali lawda hijda,Hinglish,Nuclear
zavadya madarchod chutiya randi,Hinglish,Nuclear
behen ki chut harami ki aulad,Hinglish,Nuclear
kutte ki aulad harami mar,Hinglish,Nuclear
harami gand phatli bhenchod chutiya,Hinglish/Marathi Mix,Nuclear
ki aulad ayica dana choos,Hinglish,Nuclear
gaand phaad gaandu bhadwa,Hinglish,Nuclear
randi ka lund phad dunga lund,Hinglish,Nuclear
daal dunga harami chutiya phad dunga,Hinglish,Nuclear
bhosdi wali choos gaandu,Hinglish,Nuclear
chutiya pucchi khajvya hijda,Hinglish/Marathi Mix,Nuclear
bhosdike zavadya madarchod lund,Hinglish,Nuclear
phadke teri maa ki chut hijda,Hinglish,Nuclear
madarchod bhosdike ki aulad phad dunga,Hinglish,Nuclear
behenchod randi bhadwa bhosdike,Hinglish,Nuclear
lund lavda choos madarchod,Hinglish,Nuclear
chut mein lund randi chutiya,Hinglish,Nuclear
lavde ka baal madarchod hijda,Hinglish,Nuclear
madarchod bhosdike lund ki aulad,Hinglish,Nuclear
kutte ki aulad ki aulad hijda,Hinglish,Nuclear
randi ka lund lund randi,Hinglish,Nuclear
lavde ka baal phad dunga gaandu,Hinglish,Nuclear
phadke behen ki chut harami,Hinglish,Nuclear
randi gaand phaad randi,Hinglish,Nuclear
phadke ayica dana hijda,Hinglish,Nuclear
gaand phaad ki aulad hijda,Hinglish,Nuclear
bhosdi wali harami bhosdike,Hinglish,Nuclear
madarchod bhosdike harami phad dunga,Hinglish,Nuclear
mar randi ka lund phad dunga,Hinglish,Nuclear
teri maa ki chut phad dunga hijda,Hinglish,Nuclear
madarchod bhosdike phadke gaandu,Hinglish,Nuclear
gaandu harami lund ki aulad,Hinglish,Nuclear
tuzya aaichi pucchi chutiya hijda,Hinglish/Marathi Mix,Nuclear
gaand phaad gaandu gaandu,Hinglish,Nuclear
madarchod ayica dana ki aulad,Hinglish,Nuclear
daal dunga maa ka bhosada ki aulad,Hinglish,Nuclear
teri maa ki chut bhosdike phad dunga,Hinglish,Nuclear
bhosdike chut mein lund hijda,Hinglish,Nuclear
tujha aila kutryawani bhosdike bhadwa,Hinglish,Nuclear
phad dunga behen ki chut gaandu,Hinglish,Nuclear
phad dunga tujha aila kutryawani chutiya,Hinglish,Nuclear
lund behenchod randi lawda,Hinglish,Nuclear
chut mein lund choos choos,Hinglish,Nuclear
zavadya madarchod lawda harami,Hinglish,Nuclear
zavadya madarchod phad dunga lund,Hinglish,Nuclear
bhadwa randi ka lund lund,Hinglish,Nuclear
madarchod lavda choos lund,Hinglish,Nuclear
harami lavda choos daal dunga,Hinglish,Nuclear
gand phatli bhenchod bhosdike phadke,Hinglish/Marathi Mix,Nuclear
gaand phaad hijda phadke,Hinglish,Nuclear
bhadwa behenchod randi bhosdike,Hinglish,Nuclear
pucchi khajvya randi hijda,Hinglish/Marathi Mix,Nuclear
bhosdike tuzya aaicha foda gaandu,Hinglish/Marathi Mix,Nuclear
aai chi gand randi gaandu,Hinglish/Marathi Mix,Nuclear
behenchod randi mar lawda,Hinglish,Nuclear
bhosdi wali madarchod phadke,Hinglish,Nuclear
randi ka lund gaandu mar,Hinglish,Nuclear
chutiya harami chutiya mar,Hinglish,Nuclear
madarchod bhosdike mar phad dunga,Hinglish,Nuclear
madarchod bhosdi wali randi,Hinglish,Nuclear
phad dunga zavadya madarchod daal dunga,Hinglish,Nuclear
bhosdi wali chutiya gaandu,Hinglish,Nuclear
lavde ka baal ki aulad daal dunga,Hinglish,Nuclear
gaandu kutte ki aulad randi,Hinglish,Nuclear
gand mar mar phadke,Hinglish,Nuclear
pucchi khajvya daal dunga choos,Hinglish/Marathi Mix,Nuclear
bhosdike randi ka lund lund,Hinglish,Nuclear
chutiya tujha aila kutryawani madarchod,Hinglish,Nuclear
maa ka bhosada hijda mar,Hinglish,Nuclear
behenchod randi harami daal dunga,Hinglish,Nuclear
hijda behen ki chut harami,Hinglish,Nuclear
teri maa ki chut phadke phadke,Hinglish,Nuclear
harami randi ka lund daal dunga,Hinglish,Nuclear
madarchod chut mein lund hijda,Hinglish,Nuclear
gand mar phadke harami,Hinglish,Nuclear
randi behen ki chut harami,Hinglish,Nuclear
aai chi gand randi mar,Hinglish/Marathi Mix,Nuclear
gaand phaad mar bhosdike,Hinglish,Nuclear
chutiya chut mein lund bhadwa,Hinglish,Nuclear
harami gand mar chutiya,Hinglish,Nuclear
chutiya pucchi khajvya mar,Hinglish/Marathi Mix,Nuclear
randi lavda choos harami,Hinglish,Nuclear
lavde ka baal lund bhadwa,Hinglish,Nuclear
gand mar lawda bhosdike,Hinglish,Nuclear
mar ayica dana lawda,Hinglish,Nuclear
daal dunga aai chi gand hijda,Hinglish/Marathi Mix,Nuclear
mar randi ka lund phadke,Hinglish,Nuclear
chutiya pucchi khajvya lawda,Hinglish/Marathi Mix,Nuclear
kutte ki aulad gaandu ki aulad,Hinglish,Nuclear
randi gaand phaad madarchod,Hinglish,Nuclear
lund gaandu harami phadke,Hinglish,Nuclear
lund maa ka bhosada ki aulad,Hinglish,Nuclear
maa ka bhosada hijda randi,Hinglish,Nuclear
maa ka bhosada ki aulad gaandu,Hinglish,Nuclear
phad dunga harami chutiya mar,Hinglish,Nuclear
gaandu tuzya aaichi pucchi bhosdike,Hinglish/Marathi Mix,Nuclear
zavadya madarchod bhosdike bhosdike,Hinglish,Nuclear
ayica dana mar ki aulad,Hinglish,Nuclear
gaandu tujha aila kutryawani bhosdike,Hinglish,Nuclear
phadke kutte ki aulad daal dunga,Hinglish,Nuclear
daal dunga chut mein lund phadke,Hinglish,Nuclear
behen ki chut ki aulad chutiya,Hinglish,Nuclear
gand phatli bhenchod daal dunga randi,Hinglish/Marathi Mix,Nuclear
madarchod bhosdike mar choos,Hinglish,Nuclear
tuzya aaicha foda phad dunga daal dunga,Hinglish/Marathi Mix,Nuclear
lund bhosdi wali daal dunga,Hinglish,Nuclear
tujha aila kutryawani ki aulad chutiya,Hinglish,Nuclear
maa ka bhosada daal dunga daal dunga,Hinglish,Nuclear
gaandu harami madarchod harami,Hinglish,Nuclear
lavde ka baal chutiya bhosdike,Hinglish,Nuclear
tuzya aaicha foda phadke daal dunga,Hinglish/Marathi Mix,Nuclear
aai chi gand choos hijda,Hinglish/Marathi Mix,Nuclear
gaandu harami choos mar,Hinglish,Nuclear
daal dunga pucchi khajvya randi,Hinglish/Marathi Mix,Nuclear
gand phatli bhenchod phadke gaandu,Hinglish/Marathi Mix,Nuclear
teri maa ki chut bhadwa daal dunga,Hinglish,Nuclear
teri maa ki chut madarchod lawda,Hinglish,Nuclear
gaand phaad lund mar,Hinglish,Nuclear
chutiya behenchod randi mar,Hinglish,Nuclear
bhosdike aai chi gand phadke,Hinglish/Marathi Mix,Nuclear
chutiya harami chutiya phad dunga,Hinglish,Nuclear
randi ka lund choos choos,Hinglish,Nuclear
mar randi ka lund gaandu,Hinglish,Nuclear
daal dunga harami chutiya mar,Hinglish,Nuclear
teri maa ki chut mar bhosdike,Hinglish,Nuclear
randi aai chi gand randi,Hinglish/Marathi Mix,Nuclear
lavda choos choos choos,Hinglish,Nuclear
ki aulad tujha aila kutryawani madarchod,Hinglish,Nuclear
randi ka lund bhadwa phad dunga,Hinglish,Nuclear
behenchod randi chutiya harami,Hinglish,Nuclear
mar ayica dana mar,Hinglish,Nuclear
lund tujha aila kutryawani bhosdike,Hinglish,Nuclear
bhosdike tuzya aaicha foda harami,Hinglish/Marathi Mix,Nuclear
hijda randi ka lund lawda,Hinglish,Nuclear
bhosdike gaand phaad lawda,Hinglish,Nuclear
lavda choos harami lund,Hinglish,Nuclear
pucchi khajvya phadke gaandu,Hinglish/Marathi Mix,Nuclear
bhosdike tujha aila kutryawani lund,Hinglish,Nuclear
randi ka lund daal dunga bhadwa,Hinglish,Nuclear
madarchod bhosdike phadke daal dunga,Hinglish,Nuclear
phadke ayica dana gaandu,Hinglish,Nuclear
ayica dana madarchod ki aulad,Hinglish,Nuclear
zavadya madarchod phad dunga phad dunga,Hinglish,Nuclear
behenchod randi chutiya bhadwa,Hinglish,Nuclear
randi gaand phaad lund,Hinglish,Nuclear
madarchod bhosdike hijda hijda,Hinglish,Nuclear
randi tuzya aaicha foda madarchod,Hinglish/Marathi Mix,Nuclear
tuzya aaichi pucchi ki aulad randi,Hinglish/Marathi Mix,Nuclear
chut mein lund hijda harami,Hinglish,Nuclear
chutiya lavde ka baal ki aulad,Hinglish,Nuclear
kutte ki aulad hijda hijda,Hinglish,Nuclear
madarchod bhosdike lawda harami,Hinglish,Nuclear
randi ka lund chutiya gaandu,Hinglish,Nuclear
kutte ki aulad chutiya bhosdike,Hinglish,Nuclear
kutte ki aulad bhadwa madarchod,Hinglish,Nuclear
chutiya gand mar phad dunga,Hinglish,Nuclear
mar tuzya aaichi pucchi chutiya,Hinglish/Marathi Mix,Nuclear
hijda lavda choos chutiya,Hinglish,Nuclear
ki aulad gaand phaad gaandu,Hinglish,Nuclear
tuzya aaichi pucchi bhadwa madarchod,Hinglish/Marathi Mix,Nuclear
lawda teri maa ki chut randi,Hinglish,Nuclear
lund aai chi gand gaandu,Hinglish/Marathi Mix,Nuclear
randi gand phatli bhenchod mar,Hinglish/Marathi Mix,Nuclear
phad dunga behenchod randi bhosdike,Hinglish,Nuclear
gaand phaad gaandu madarchod,Hinglish,Nuclear
ki aulad ayica dana lawda,Hinglish,Nuclear
madarchod bhosdike bhadwa choos,Hinglish,Nuclear
teri maa ki chut harami lund,Hinglish,Nuclear
gand mar bhosdike hijda,Hinglish,Nuclear
teri maa ki chut ki aulad phad dunga,Hinglish,Nuclear
lund zavadya madarchod hijda,Hinglish,Nuclear
chut mein lund randi mar,Hinglish,Nuclear
randi maa ka bhosada mar,Hinglish,Nuclear
gand phatli bhenchod bhadwa choos,Hinglish/Marathi Mix,Nuclear
tujha aila kutryawani harami chutiya,Hinglish,Nuclear
ayica dana bhosdike gaandu,Hinglish,Nuclear
behen ki chut randi mar,Hinglish,Nuclear
maa ka bhosada phad dunga bhadwa,Hinglish,Nuclear
choos randi ka lund bhosdike,Hinglish,Nuclear
harami pucchi khajvya mar,Hinglish/Marathi Mix,Nuclear
randi behen ki chut hijda,Hinglish,Nuclear
chutiya pucchi khajvya phad dunga,Hinglish/Marathi Mix,Nuclear
harami chutiya lawda hijda,Hinglish,Nuclear
gand mar choos phadke,Hinglish,Nuclear
randi ka lund choos madarchod,Hinglish,Nuclear
chut mein lund bhadwa randi,Hinglish,Nuclear
behenchod randi harami lund,Hinglish,Nuclear
chutiya behenchod randi chutiya,Hinglish,Nuclear
chutiya tujha aila kutryawani chutiya,Hinglish,Nuclear
madarchod chut mein lund bhosdike,Hinglish,Nuclear
mar randi ka lund randi,Hinglish,Nuclear
lund pucchi khajvya mar,Hinglish/Marathi Mix,Nuclear
tuzya aaichi pucchi hijda bhadwa,Hinglish/Marathi Mix,Nuclear
gand phatli bhenchod hijda phad dunga,Hinglish/Marathi Mix,Nuclear
aai chi gand phadke lawda,Hinglish/Marathi Mix,Nuclear
lawda kutte ki aulad madarchod,Hinglish,Nuclear
phad dunga pucchi khajvya harami,Hinglish/Marathi Mix,Nuclear
behenchod randi choos choos,Hinglish,Nuclear
harami chutiya phadke gaandu,Hinglish,Nuclear
ki aulad behenchod randi phad dunga,Hinglish,Nuclear
madarchod gand mar gaandu,Hinglish,Nuclear
ki aulad behen ki chut phad dunga,Hinglish,Nuclear
bhosdike gaandu harami hijda,Hinglish,Nuclear
maa ka bhosada bhadwa mar,Hinglish,Nuclear
lund lavda choos mar,Hinglish,Nuclear
gaandu lavde ka baal choos,Hinglish,Nuclear
lund gaandu harami lund,Hinglish,Nuclear
lavda choos phadke randi,Hinglish,Nuclear
phadke lavda choos phadke,Hinglish,Nuclear
hijda zavadya madarchod lawda,Hinglish,Nuclear
bhosdike teri maa ki chut chutiya,Hinglish,Nuclear
harami kutte ki aulad bhosdike,Hinglish,Nuclear
lund randi ka lund phad dunga,Hinglish,Nuclear
bhosdike randi ka lund gaandu,Hinglish,Nuclear
gand mar madarchod madarchod,Hinglish,Nuclear
phadke teri maa ki chut daal dunga,Hinglish,Nuclear
madarchod bhosdike mar randi,Hinglish,Nuclear
choos tujha aila kutryawani lawda,Hinglish,Nuclear
mar behen ki chut ki aulad,Hinglish,Nuclear
randi tuzya aaicha foda choos,Hinglish/Marathi Mix,Nuclear
chut mein lund randi bhosdike,Hinglish,Nuclear
pucchi khajvya chutiya lund,Hinglish/Marathi Mix,Nuclear
kutte ki aulad madarchod mar,Hinglish,Nuclear
chutiya gand mar chutiya,Hinglish,Nuclear
gand phatli bhenchod mar daal dunga,Hinglish/Marathi Mix,Nuclear
bhadwa lavde ka baal choos,Hinglish,Nuclear
randi maa ka bhosada chutiya,Hinglish,Nuclear
maa ka bhosada lawda madarchod,Hinglish,Nuclear
behen ki chut bhosdike lund,Hinglish,Nuclear
harami madarchod bhosdike phadke,Hinglish,Nuclear
harami pucchi khajvya bhadwa,Hinglish/Marathi Mix,Nuclear
mar kutte ki aulad harami,Hinglish,Nuclear
gand mar phad dunga daal dunga,Hinglish,Nuclear
randi tuzya aaichi pucchi madarchod,Hinglish/Marathi Mix,Nuclear
daal dunga maa ka bhosada hijda,Hinglish,Nuclear
gaand phaad madarchod ki aulad,Hinglish,Nuclear
randi ka lund daal dunga mar,Hinglish,Nuclear
bhadwa tujha aila kutryawani phadke,Hinglish,Nuclear
phadke gand mar lund,Hinglish,Nuclear
phad dunga maa ka bhosada lund,Hinglish,Nuclear
pucchi khajvya phadke chutiya,Hinglish/Marathi Mix,Nuclear
ki aulad zavadya madarchod ki aulad,Hinglish,Nuclear
maa ka bhosada hijda lund,Hinglish,Nuclear
chutiya gaand phaad ki aulad,Hinglish,Nuclear
aai chi gand choos phad dunga,Hinglish/Marathi Mix,Nuclear
bhadwa behen ki chut phad dunga,Hinglish,Nuclear
tuzya aaichi pucchi gaandu lawda,Hinglish/Marathi Mix,Nuclear
gaandu gand phatli bhenchod mar,Hinglish/Marathi Mix,Nuclear
lawda lavda choos daal dunga,Hinglish,Nuclear
gaandu harami phadke lawda,Hinglish,Nuclear
bhadwa gand phatli bhenchod harami,Hinglish/Marathi Mix,Nuclear
hijda madarchod bhosdike bhadwa,Hinglish,Nuclear
harami tuzya aaicha foda lund,Hinglish/Marathi Mix,Nuclear
tuzya aaichi pucchi chutiya phadke,Hinglish/Marathi Mix,Nuclear
lavda choos gaandu hijda,Hinglish,Nuclear
kutte ki aulad madarchod gaandu,Hinglish,Nuclear
lavde ka baal harami chutiya,Hinglish,Nuclear
chut mein lund mar bhadwa,Hinglish,Nuclear
harami kutte ki aulad phadke,Hinglish,Nuclear
zavadya madarchod gaandu hijda,Hinglish,Nuclear
behenchod randi madarchod madarchod,Hinglish,Nuclear
bhadwa gaandu harami phadke,Hinglish,Nuclear
tujha aila kutryawani lawda ki aulad,Hinglish,Nuclear
mar harami chutiya phad dunga,Hinglish,Nuclear
daal dunga gaandu harami phadke,Hinglish,Nuclear
gand mar choos randi,Hinglish,Nuclear
tuzya aaichi pucchi chutiya ki aulad,Hinglish/Marathi Mix,Nuclear
mar tuzya aaicha foda bhosdike,Hinglish/Marathi Mix,Nuclear
tuzya aaicha foda mar madarchod,Hinglish/Marathi Mix,Nuclear
behenchod randi lund bhadwa,Hinglish,Nuclear
maa ka bhosada madarchod choos,Hinglish,Nuclear
bhadwa madarchod bhosdike harami,Hinglish,Nuclear
teri maa ki chut lawda daal dunga,Hinglish,Nuclear
mar randi ka lund madarchod,Hinglish,Nuclear
daal dunga zavadya madarchod phad dunga,Hinglish,Nuclear
lavda choos choos lawda,Hinglish,Nuclear
lund gand phatli bhenchod phadke,Hinglish/Marathi Mix,Nuclear
hijda ayica dana mar,Hinglish,Nuclear
gaand phaad chutiya chutiya,Hinglish,Nuclear
pucchi khajvya phad dunga harami,Hinglish/Marathi Mix,Nuclear
behen ki chut ki aulad hijda,Hinglish,Nuclear
choos harami chutiya mar,Hinglish,Nuclear
bhadwa aai chi gand choos,Hinglish/Marathi Mix,Nuclear
phadke aai chi gand lawda,Hinglish/Marathi Mix,Nuclear
behen ki chut hijda mar,Hinglish,Nuclear
bhosdi wali daal dunga ki aulad,Hinglish,Nuclear
lund gand phatli bhenchod bhosdike,Hinglish/Marathi Mix,Nuclear
ki aulad randi ka lund harami,Hinglish,Nuclear
hijda gaand phaad madarchod,Hinglish,Nuclear
ki aulad behen ki chut mar,Hinglish,Nuclear
hijda zavadya madarchod choos,Hinglish,Nuclear
tuzya aaichi pucchi bhadwa daal dunga,Hinglish/Marathi Mix,Nuclear
mar tujha aila kutryawani gaandu,Hinglish,Nuclear
teri maa ki chut phad dunga bhadwa,Hinglish,Nuclear
bhosdike aai chi gand lawda,Hinglish/Marathi Mix,Nuclear
behen ki chut phad dunga phadke,Hinglish,Nuclear
behen ki chut lund ki aulad,Hinglish,Nuclear
lund lavde ka baal lawda,Hinglish,Nuclear
phad dunga harami chutiya bhosdike,Hinglish,Nuclear
tujha aila kutryawani phadke daal dunga,Hinglish,Nuclear
zavadya madarchod ki aulad bhosdike,Hinglish,Nuclear
madarchod gand mar lawda,Hinglish,Nuclear
behen ki chut randi daal dunga,Hinglish,Nuclear
madarchod bhosdike ki aulad bhosdike,Hinglish,Nuclear
aai chi gand lund choos,Hinglish/Marathi Mix,Nuclear
kutte ki aulad randi madarchod,Hinglish,Nuclear
tujha aila kutryawani harami harami,Hinglish,Nuclear
harami chutiya phadke phad dunga,Hinglish,Nuclear
behenchod randi mar choos,Hinglish,Nuclear
tuzya aaicha foda randi phadke,Hinglish/Marathi Mix,Nuclear
randi lavde ka baal daal dunga,Hinglish,Nuclear
tujha aila kutryawani phadke mar,Hinglish,Nuclear
behenchod randi bhosdike lawda,Hinglish,Nuclear
gaandu harami madarchod daal dunga,Hinglish,Nuclear
lawda chut mein lund madarchod,Hinglish,Nuclear
lavde ka baal chutiya lawda,Hinglish,Nuclear
behenchod randi bhosdike lund,Hinglish,Nuclear
lavda choos lawda lund,Hinglish,Nuclear
ki aulad behenchod randi gaandu,Hinglish,Nuclear
lawda chut mein lund ki aulad,Hinglish,Nuclear
ki aulad lavde ka baal bhosdike,Hinglish,Nuclear
behen ki chut gaandu mar,Hinglish,Nuclear
lawda pucchi khajvya phadke,Hinglish/Marathi Mix,Nuclear
bhadwa chut mein lund lund,Hinglish,Nuclear
mar behen ki chut bhosdike,Hinglish,Nuclear
behenchod randi lawda daal dunga,Hinglish,Nuclear
bhosdike bhosdi wali madarchod,Hinglish,Nuclear
zavadya madarchod hijda choos,Hinglish,Nuclear
gaandu harami hijda harami,Hinglish,Nuclear
lavda choos phad dunga hijda,Hinglish,Nuclear
bhosdike gaandu harami harami,Hinglish,Nuclear
gaandu harami chutiya ki aulad,Hinglish,Nuclear
maa ka bhosada randi mar,Hinglish,Nuclear
chutiya gaandu harami daal dunga,Hinglish,Nuclear
madarchod madarchod bhosdike gaandu,Hinglish,Nuclear
harami zavadya madarchod ki aulad,Hinglish,Nuclear
chutiya behen ki chut ki aulad,Hinglish,Nuclear
phadke randi ka lund lawda,Hinglish,Nuclear
madarchod bhosdike randi harami,Hinglish,Nuclear
lavde ka baal bhosdike bhadwa,Hinglish,Nuclear
gaandu harami lawda lund,Hinglish,Nuclear
madarchod ayica dana harami,Hinglish,Nuclear
pucchi khajvya phadke hijda,Hinglish/Marathi Mix,Nuclear
daal dunga teri maa ki chut bhosdike,Hinglish,Nuclear
tuzya aaichi pucchi madarchod harami,Hinglish/Marathi Mix,Nuclear
randi randi ka lund harami,Hinglish,Nuclear
gaand phaad bhadwa hijda,Hinglish,Nuclear
pucchi khajvya phad dunga ki aulad,Hinglish/Marathi Mix,Nuclear
gaand phaad lawda hijda,Hinglish,Nuclear
lavde ka baal lund lawda,Hinglish,Nuclear
ayica dana randi madarchod,Hinglish,Nuclear
lavda choos choos lund,Hinglish,Nuclear
ayica dana madarchod lund,Hinglish,Nuclear
gaandu tuzya aaichi pucchi gaandu,Hinglish/Marathi Mix,Nuclear
lawda aai chi gand lund,Hinglish/Marathi Mix,Nuclear
daal dunga pucchi khajvya daal dunga,Hinglish/Marathi Mix,Nuclear
gand phatli bhenchod lund phadke,Hinglish/Marathi Mix,Nuclear
hijda gaandu harami hijda,Hinglish,Nuclear
madarchod tuzya aaichi pucchi randi,Hinglish/Marathi Mix,Nuclear
lavda choos mar phad dunga,Hinglish,Nuclear
gaand phaad gaandu phadke,Hinglish,Nuclear
gaandu harami daal dunga lawda,Hinglish,Nuclear
aai chi gand lund phad dunga,Hinglish/Marathi Mix,Nuclear
randi tujha aila kutryawani daal dunga,Hinglish,Nuclear
choos gaandu harami bhadwa,Hinglish,Nuclear
lund gaand phaad randi,Hinglish,Nuclear
harami chutiya hijda daal dunga,Hinglish,Nuclear
chut mein lund daal dunga phad dunga,Hinglish,Nuclear
lawda lavde ka baal choos,Hinglish,Nuclear
phad dunga behenchod randi ki aulad,Hinglish,Nuclear
tujha aila kutryawani gaandu lawda,Hinglish,Nuclear
lawda maa ka bhosada lawda,Hinglish,Nuclear
lavde ka baal bhosdike daal dunga,Hinglish,Nuclear
harami aai chi gand lund,Hinglish/Marathi Mix,Nuclear
randi madarchod bhosdike ki aulad,Hinglish,Nuclear
teri maa ki chut lund gaandu,Hinglish,Nuclear
behenchod randi phad dunga lund,Hinglish,Nuclear
lawda behen ki chut bhadwa,Hinglish,Nuclear
bhosdike ayica dana gaandu,Hinglish,Nuclear
choos gaandu harami mar,Hinglish,Nuclear
tuzya aaichi pucchi mar harami,Hinglish/Marathi Mix,Nuclear
bhosdike bhosdi wali gaandu,Hinglish,Nuclear
teri maa ki chut daal dunga daal dunga,Hinglish,Nuclear
gaandu tuzya aaichi pucchi bhadwa,Hinglish/Marathi Mix,Nuclear
ayica dana phad dunga hijda,Hinglish,Nuclear
tuzya aaicha foda choos ki aulad,Hinglish/Marathi Mix,Nuclear
pucchi khajvya choos choos,Hinglish/Marathi Mix,Nuclear
choos pucchi khajvya phad dunga,Hinglish/Marathi Mix,Nuclear
pucchi khajvya phad dunga chutiya,Hinglish/Marathi Mix,Nuclear
lavda choos bhosdike lund,Hinglish,Nuclear
choos tuzya aaicha foda lund,Hinglish/Marathi Mix,Nuclear
lavde ka baal mar randi,Hinglish,Nuclear
harami harami chutiya bhosdike,Hinglish,Nuclear
madarchod bhosdike lund randi,Hinglish,Nuclear
chutiya behen ki chut mar,Hinglish,Nuclear
lund chut mein lund hijda,Hinglish,Nuclear
teri maa ki chut phad dunga randi,Hinglish,Nuclear
randi tuzya aaicha foda harami,Hinglish/Marathi Mix,Nuclear
phad dunga behen ki chut daal dunga,Hinglish,Nuclear
gaandu tuzya aaicha foda mar,Hinglish/Marathi Mix,Nuclear
ayica dana phadke chutiya,Hinglish,Nuclear
bhosdike tujha aila kutryawani phad dunga,Hinglish,Nuclear
lawda zavadya madarchod madarchod,Hinglish,Nuclear
ki aulad randi ka lund lund,Hinglish,Nuclear
randi ka lund daal dunga phadke,Hinglish,Nuclear
kutte ki aulad ki aulad mar,Hinglish,Nuclear
daal dunga behen ki chut lund,Hinglish,Nuclear
daal dunga tuzya aaicha foda daal dunga,Hinglish/Marathi Mix,Nuclear
hijda pucchi khajvya mar,Hinglish/Marathi Mix,Nuclear
maa ka bhosada bhosdike mar,Hinglish,Nuclear
chut mein lund lund lund,Hinglish,Nuclear
aai chi gand phad dunga daal dunga,Hinglish/Marathi Mix,Nuclear
lund behenchod randi bhadwa,Hinglish,Nuclear
ki aulad pucchi khajvya madarchod,Hinglish/Marathi Mix,Nuclear
lavde ka baal randi bhosdike,Hinglish,Nuclear
tujha aila kutryawani harami hijda,Hinglish,Nuclear
behenchod randi hijda harami,Hinglish,Nuclear
madarchod bhosdi wali mar,Hinglish,Nuclear
ayica dana lund randi,Hinglish,Nuclear
lawda aai chi gand bhadwa,Hinglish/Marathi Mix,Nuclear
zavadya madarchod daal dunga harami,Hinglish,Nuclear
gaandu lavda choos mar,Hinglish,Nuclear
hijda tuzya aaicha foda harami,Hinglish/Marathi Mix,Nuclear
lawda bhosdi wali ki aulad,Hinglish,Nuclear
choos chut mein lund gaandu,Hinglish,Nuclear
tuzya aaicha foda phadke bhosdike,Hinglish/Marathi Mix,Nuclear
teri maa ki chut gaandu mar,Hinglish,Nuclear
madarchod lavda choos madarchod,Hinglish,Nuclear
harami bhosdi wali chutiya,Hinglish,Nuclear
aai chi gand chutiya lawda,Hinglish/Marathi Mix,Nuclear
choos zavadya madarchod hijda,Hinglish,Nuclear
choos aai chi gand bhadwa,Hinglish/Marathi Mix,Nuclear
maa ka bhosada phadke phadke,Hinglish,Nuclear
gaandu harami madarchod gaandu,Hinglish,Nuclear
phad dunga bhosdi wali daal dunga,Hinglish,Nuclear
gaandu gand mar bhosdike,Hinglish,Nuclear
aai chi gand mar lund,Hinglish/Marathi Mix,Nuclear
lavda choos randi hijda,Hinglish,Nuclear
randi randi ka lund ki aulad,Hinglish,Nuclear
bhosdi wali lawda randi,Hinglish,Nuclear
mar lavda choos ki aulad,Hinglish,Nuclear
randi tujha aila kutryawani phadke,Hinglish,Nuclear
gaandu harami gaandu hijda,Hinglish,Nuclear
phad dunga lavda choos bhosdike,Hinglish,Nuclear
harami chutiya gaandu phadke,Hinglish,Nuclear
pucchi khajvya lund phadke,Hinglish/Marathi Mix,Nuclear
chutiya tujha aila kutryawani bhosdike,Hinglish,Nuclear
gaandu harami harami madarchod,Hinglish,Nuclear
behenchod randi bhadwa bhadwa,Hinglish,Nuclear
ayica dana madarchod lawda,Hinglish,Nuclear
aai chi gand chutiya randi,Hinglish/Marathi Mix,Nuclear
randi ka lund hijda lund,Hinglish,Nuclear
mar harami chutiya bhadwa,Hinglish,Nuclear
chutiya lavda choos bhosdike,Hinglish,Nuclear
aai chi gand lawda bhosdike,Hinglish/Marathi Mix,Nuclear
behen ki chut lund bhadwa,Hinglish,Nuclear
chut mein lund madarchod mar,Hinglish,Nuclear
hijda zavadya madarchod bhadwa,Hinglish,Nuclear
harami gaand phaad bhadwa,Hinglish,Nuclear
phad dunga gaand phaad harami,Hinglish,Nuclear
lavda choos bhadwa bhadwa,Hinglish,Nuclear
choos gand phatli bhenchod lawda,Hinglish/Marathi Mix,Nuclear
gand mar phad dunga phadke,Hinglish,Nuclear
zavadya madarchod mar choos,Hinglish,Nuclear
phad dunga pucchi khajvya chutiya,Hinglish/Marathi Mix,Nuclear
zavadya madarchod choos lawda,Hinglish,Nuclear
mar gaandu harami harami,Hinglish,Nuclear
randi gaand phaad choos,Hinglish,Nuclear
bhadwa lavda choos randi,Hinglish,Nuclear
daal dunga madarchod bhosdike harami,Hinglish,Nuclear
behenchod randi phad dunga phad dunga,Hinglish,Nuclear
zavadya madarchod ki aulad gaandu,Hinglish,Nuclear
randi bhosdi wali harami,Hinglish,Nuclear
lavde ka baal ki aulad hijda,Hinglish,Nuclear
hijda gand phatli bhenchod harami,Hinglish/Marathi Mix,Nuclear
mar zavadya madarchod gaandu,Hinglish,Nuclear
daal dunga gaand phaad harami,Hinglish,Nuclear
zavadya madarchod phadke harami,Hinglish,Nuclear
tujha aila kutryawani bhadwa bhadwa,Hinglish,Nuclear
gand phatli bhenchod lawda chutiya,Hinglish/Marathi Mix,Nuclear
tujha aila kutryawani daal dunga lund,Hinglish,Nuclear
kutte ki aulad mar madarchod,Hinglish,Nuclear
ki aulad behenchod randi mar,Hinglish,Nuclear
lavde ka baal madarchod madarchod,Hinglish,Nuclear
gand mar phadke daal dunga,Hinglish,Nuclear
hijda ayica dana bhadwa,Hinglish,Nuclear
teri maa ki chut randi randi,Hinglish,Nuclear
gand phatli bhenchod choos bhosdike,Hinglish/Marathi Mix,Nuclear
madarchod aai chi gand bhadwa,Hinglish/Marathi Mix,Nuclear
daal dunga chut mein lund randi,Hinglish,Nuclear
gand phatli bhenchod phad dunga bhosdike,Hinglish/Marathi Mix,Nuclear
lavda choos bhadwa chutiya,Hinglish,Nuclear
zavadya madarchod choos lund,Hinglish,Nuclear
phad dunga behen ki chut mar,Hinglish,Nuclear
zavadya madarchod chutiya ki aulad,Hinglish,Nuclear
tuzya aaichi pucchi phadke hijda,Hinglish/Marathi Mix,Nuclear
bhosdike behen ki chut lawda,Hinglish,Nuclear
phad dunga aai chi gand daal dunga,Hinglish/Marathi Mix,Nuclear
lavda choos phadke gaandu,Hinglish,Nuclear
randi pucchi khajvya bhosdike,Hinglish/Marathi Mix,Nuclear
harami zavadya madarchod hijda,Hinglish,Nuclear
aai chi gand phadke harami,Hinglish/Marathi Mix,Nuclear
lawda gaand phaad harami,Hinglish,Nuclear
zavadya madarchod daal dunga hijda,Hinglish,Nuclear
behen ki chut randi phadke,Hinglish,Nuclear
lawda harami chutiya phadke,Hinglish,Nuclear
tujha aila kutryawani phad dunga randi,Hinglish,Nuclear
tujha aila kutryawani lund lund,Hinglish,Nuclear
gand mar phadke lawda,Hinglish,Nuclear
hijda gaandu harami chutiya,Hinglish,Nuclear
daal dunga behen ki chut chutiya,Hinglish,Nuclear
ayica dana bhosdike mar,Hinglish,Nuclear
harami chutiya daal dunga hijda,Hinglish,Nuclear
madarchod ayica dana daal dunga,Hinglish,Nuclear
tuzya aaichi pucchi madarchod phadke,Hinglish/Marathi Mix,Nuclear
bhosdi wali phad dunga phad dunga,Hinglish,Nuclear
pucchi khajvya randi phadke,Hinglish/Marathi Mix,Nuclear
aai chi gand chutiya lund,Hinglish/Marathi Mix,Nuclear
randi bhosdi wali gaandu,Hinglish,Nuclear
harami chutiya lawda harami,Hinglish,Nuclear
gaandu harami daal dunga harami,Hinglish,Nuclear
chutiya ayica dana hijda,Hinglish,Nuclear
pucchi khajvya gaandu bhadwa,Hinglish/Marathi Mix,Nuclear
zavadya madarchod hijda harami,Hinglish,Nuclear
zavadya madarchod chutiya lund,Hinglish,Nuclear
gaandu harami mar gaandu,Hinglish,Nuclear
hijda tujha aila kutryawani gaandu,Hinglish,Nuclear
zavadya madarchod randi phad dunga,Hinglish,Nuclear
gaandu kutte ki aulad hijda,Hinglish,Nuclear
randi ka lund chutiya lawda,Hinglish,Nuclear
lawda tuzya aaicha foda phad dunga,Hinglish/Marathi Mix,Nuclear
randi ka lund randi choos,Hinglish,Nuclear
chut mein lund daal dunga bhosdike,Hinglish,Nuclear
randi behen ki chut lawda,Hinglish,Nuclear
tuzya aaicha foda bhosdike bhosdike,Hinglish/Marathi Mix,Nuclear
harami lavde ka baal hijda,Hinglish,Nuclear
harami behenchod randi chutiya,Hinglish,Nuclear
ki aulad madarchod bhosdike daal dunga,Hinglish,Nuclear
lawda tujha aila kutryawani choos,Hinglish,Nuclear
gaandu harami daal dunga gaandu,Hinglish,Nuclear
bhosdike harami chutiya phadke,Hinglish,Nuclear
phadke kutte ki aulad chutiya,Hinglish,Nuclear
gaand phaad chutiya phadke,Hinglish,Nuclear
phad dunga ayica dana phad dunga,Hinglish,Nuclear
daal dunga lavda choos hijda,Hinglish,Nuclear
chutiya teri maa ki chut phadke,Hinglish,Nuclear
behenchod randi madarchod randi,Hinglish,Nuclear
madarchod bhosdike randi ki aulad,Hinglish,Nuclear
hijda kutte ki aulad ki aulad,Hinglish,Nuclear
lund tujha aila kutryawani hijda,Hinglish,Nuclear
madarchod aai chi gand lund,Hinglish/Marathi Mix,Nuclear
mar pucchi khajvya ki aulad,Hinglish/Marathi Mix,Nuclear
behenchod randi bhadwa daal dunga,Hinglish,Nuclear
gaandu randi ka lund phadke,Hinglish,Nuclear
maa ka bhosada phadke gaandu,Hinglish,Nuclear
tuzya aaicha foda gaandu bhosdike,Hinglish/Marathi Mix,Nuclear
madarchod bhosdike ki aulad mar,Hinglish,Nuclear
zavadya madarchod randi choos,Hinglish,Nuclear
gand mar daal dunga gaandu,Hinglish,Nuclear
chutiya randi ka lund chutiya,Hinglish,Nuclear
lund behenchod randi bhosdike,Hinglish,Nuclear
bhadwa harami chutiya gaandu,Hinglish,Nuclear
phad dunga behenchod randi phad dunga,Hinglish,Nuclear
gaandu teri maa ki chut bhadwa,Hinglish,Nuclear
bhosdi wali bhadwa daal dunga,Hinglish,Nuclear
bhadwa bhosdi wali ki aulad,Hinglish,Nuclear
bhosdike tuzya aaicha foda phad dunga,Hinglish/Marathi Mix,Nuclear
mar gand mar chutiya,Hinglish,Nuclear
gaandu gaand phaad gaandu,Hinglish,Nuclear
bhadwa tuzya aaicha foda lund,Hinglish/Marathi Mix,Nuclear
pucchi khajvya lawda bhadwa,Hinglish/Marathi Mix,Nuclear
chutiya randi ka lund mar,Hinglish,Nuclear
gaandu harami ki aulad hijda,Hinglish,Nuclear
phad dunga aai chi gand phad dunga,Hinglish/Marathi Mix,Nuclear
teri maa ki chut mar lawda,Hinglish,Nuclear
tuzya aaicha foda mar ki aulad,Hinglish/Marathi Mix,Nuclear
madarchod behenchod randi phad dunga,Hinglish,Nuclear
tuzya aaichi pucchi choos phad dunga,Hinglish/Marathi Mix,Nuclear
lavde ka baal choos madarchod,Hinglish,Nuclear
gaandu harami chutiya gaandu,Hinglish,Nuclear
tujha aila kutryawani harami daal dunga,Hinglish,Nuclear
choos behen ki chut choos,Hinglish,Nuclear
daal dunga teri maa ki chut bhadwa,Hinglish,Nuclear
lawda gaandu harami harami,Hinglish,Nuclear
mar madarchod bhosdike randi,Hinglish,Nuclear
lawda chut mein lund phadke,Hinglish,Nuclear
pucchi khajvya randi lund,Hinglish/Marathi Mix,Nuclear
ki aulad lavda choos lund,Hinglish,Nuclear
lavda choos lawda randi,Hinglish,Nuclear
teri maa ki chut chutiya hijda,Hinglish,Nuclear
ayica dana bhosdike madarchod,Hinglish,Nuclear
behen ki chut madarchod harami,Hinglish,Nuclear
behen ki chut mar madarchod,Hinglish,Nuclear
hijda gaand phaad choos,Hinglish,Nuclear
ki aulad bhosdi wali phadke,Hinglish,Nuclear
tujha aila kutryawani ki aulad hijda,Hinglish,Nuclear
gaandu harami choos daal dunga,Hinglish,Nuclear
behenchod randi choos phad dunga,Hinglish,Nuclear
harami teri maa ki chut daal dunga,Hinglish,Nuclear
gand phatli bhenchod daal dunga choos,Hinglish/Marathi Mix,Nuclear
madarchod lavde ka baal daal dunga,Hinglish,Nuclear
maa ka bhosada daal dunga ki aulad,Hinglish,Nuclear
gand mar lawda mar,Hinglish,Nuclear
mar randi ka lund lawda,Hinglish,Nuclear
daal dunga madarchod bhosdike madarchod,Hinglish,Nuclear
gaandu gand phatli bhenchod madarchod,Hinglish/Marathi Mix,Nuclear
tujha aila kutryawani madarchod bhadwa,Hinglish,Nuclear
harami behen ki chut harami,Hinglish,Nuclear
ki aulad behenchod randi bhosdike,Hinglish,Nuclear
harami chutiya gaandu ki aulad,Hinglish,Nuclear
harami chutiya mar phadke,Hinglish,Nuclear
gaand phaad daal dunga lawda,Hinglish,Nuclear
gaandu maa ka bhosada madarchod,Hinglish,Nuclear
phadke gand mar gaandu,Hinglish,Nuclear
bhadwa tuzya aaichi pucchi ki aulad,Hinglish/Marathi Mix,Nuclear
gaand phaad harami choos,Hinglish,Nuclear
lavde ka baal ki aulad phad dunga,Hinglish,Nuclear
chutiya randi ka lund randi,Hinglish,Nuclear
tuzya aaicha foda madarchod randi,Hinglish/Marathi Mix,Nuclear
hijda ayica dana harami,Hinglish,Nuclear
teri maa ki chut lawda bhosdike,Hinglish,Nuclear
lavda choos lund lawda,Hinglish,Nuclear
chutiya behen ki chut phadke,Hinglish,Nuclear
teri maa ki chut chutiya phadke,Hinglish,Nuclear
zavadya madarchod madarchod lawda,Hinglish,Nuclear
harami behen ki chut lund,Hinglish,Nuclear
chutiya behenchod randi lund,Hinglish,Nuclear
zavadya madarchod daal dunga ki aulad,Hinglish,Nuclear
mar behen ki chut choos,Hinglish,Nuclear
tujha aila kutryawani lund madarchod,Hinglish,Nuclear
tujha aila kutryawani daal dunga bhosdike,Hinglish,Nuclear
bhosdike teri maa ki chut ki aulad,Hinglish,Nuclear
gaandu zavadya madarchod randi,Hinglish,Nuclear
bhosdi wali hijda mar,Hinglish,Nuclear
randi harami chutiya madarchod,Hinglish,Nuclear
harami lavda choos hijda,Hinglish,Nuclear
lund gand phatli bhenchod bhadwa,Hinglish/Marathi Mix,Nuclear
lavde ka baal madarchod phadke,Hinglish,Nuclear
gand mar randi hijda,Hinglish,Nuclear
chutiya behen ki chut bhosdike,Hinglish,Nuclear
zavadya madarchod chutiya bhadwa,Hinglish,Nuclear
gaandu harami gaandu lawda,Hinglish,Nuclear
lund kutte ki aulad mar,Hinglish,Nuclear
choos tuzya aaichi pucchi madarchod,Hinglish/Marathi Mix,Nuclear
chutiya tuzya aaichi pucchi lawda,Hinglish/Marathi Mix,Nuclear
lavda choos randi ki aulad,Hinglish,Nuclear
gaandu pucchi khajvya randi,Hinglish/Marathi Mix,Nuclear
harami zavadya madarchod daal dunga,Hinglish,Nuclear
hijda teri maa ki chut harami,Hinglish,Nuclear
randi ka lund lawda phadke,Hinglish,Nuclear
teri maa ki chut phad dunga mar,Hinglish,Nuclear
aai chi gand lund lund,Hinglish/Marathi Mix,Nuclear
ayica dana phad dunga bhosdike,Hinglish,Nuclear
bhadwa chut mein lund phadke,Hinglish,Nuclear
randi lavda choos bhadwa,Hinglish,Nuclear
harami chutiya hijda gaandu,Hinglish,Nuclear
chut mein lund madarchod bhosdike,Hinglish,Nuclear
harami harami chutiya harami,Hinglish,Nuclear
ayica dana gaandu bhadwa,Hinglish,Nuclear
mar behenchod randi daal dunga,Hinglish,Nuclear
bhadwa aai chi gand bhadwa,Hinglish/Marathi Mix,Nuclear
daal dunga tuzya aaichi pucchi bhosdike,Hinglish/Marathi Mix,Nuclear
behen ki chut ki aulad madarchod,Hinglish,Nuclear
aai chi gand chutiya bhosdike,Hinglish/Marathi Mix,Nuclear
hijda tuzya aaicha foda mar,Hinglish/Marathi Mix,Nuclear
bhosdike gaandu harami madarchod,Hinglish,Nuclear
gaandu harami daal dunga ki aulad,Hinglish,Nuclear
lavda choos lund daal dunga,Hinglish,Nuclear
gand mar phad dunga mar,Hinglish,Nuclear
mar tujha aila kutryawani harami,Hinglish,Nuclear
randi behen ki chut bhadwa,Hinglish,Nuclear
phadke lavde ka baal bhosdike,Hinglish,Nuclear
phadke tuzya aaicha foda chutiya,Hinglish/Marathi Mix,Nuclear
gand mar ki aulad lawda,Hinglish,Nuclear
mar zavadya madarchod choos,Hinglish,Nuclear
ki aulad lavde ka baal bhadwa,Hinglish,Nuclear
bhadwa behenchod randi lund,Hinglish,Nuclear
teri maa ki chut gaandu daal dunga,Hinglish,Nuclear
gand mar hijda ki aulad,Hinglish,Nuclear
lavda choos harami madarchod,Hinglish,Nuclear
lund harami chutiya ki aulad,Hinglish,Nuclear
tuzya aaichi pucchi daal dunga lund,Hinglish/Marathi Mix,Nuclear
chutiya kutte ki aulad choos,Hinglish,Nuclear
aai chi gand lawda ki aulad,Hinglish/Marathi Mix,Nuclear
lund zavadya madarchod lund,Hinglish,Nuclear
lavda choos lund harami,Hinglish,Nuclear
lund randi ka lund bhosdike,Hinglish,Nuclear
ayica dana ki aulad phad dunga,Hinglish,Nuclear
teri maa ki chut chutiya chutiya,Hinglish,Nuclear
teri maa ki chut harami madarchod,Hinglish,Nuclear
lawda lavda choos mar,Hinglish,Nuclear
harami chutiya mar choos,Hinglish,Nuclear
lund gaand phaad phad dunga,Hinglish,Nuclear
kutte ki aulad phad dunga choos,Hinglish,Nuclear
tuzya aaichi pucchi phad dunga chutiya,Hinglish/Marathi Mix,Nuclear
randi behenchod randi ki aulad,Hinglish,Nuclear
gaandu harami phad dunga gaandu,Hinglish,Nuclear
madarchod bhosdike choos phad dunga,Hinglish,Nuclear
ayica dana phad dunga madarchod,Hinglish,Nuclear
gaandu behen ki chut bhosdike,Hinglish,Nuclear
harami chutiya bhadwa gaandu,Hinglish,Nuclear
bhosdi wali chutiya harami,Hinglish,Nuclear
tuzya aaicha foda phadke phadke,Hinglish/Marathi Mix,Nuclear
gand phatli bhenchod hijda phadke,Hinglish/Marathi Mix,Nuclear
tujha aila kutryawani choos bhadwa,Hinglish,Nuclear
madarchod bhosdike randi chutiya,Hinglish,Nuclear
randi ka lund bhadwa lawda,Hinglish,Nuclear
teri maa ki chut phadke choos,Hinglish,Nuclear
tuzya aaicha foda phad dunga lawda,Hinglish/Marathi Mix,Nuclear
behenchod randi ki aulad gaandu,Hinglish,Nuclear
bhosdi wali madarchod lund,Hinglish,Nuclear
bhosdike tuzya aaichi pucchi lund,Hinglish/Marathi Mix,Nuclear
zavadya madarchod bhadwa phadke,Hinglish,Nuclear
tuzya aaichi pucchi gaandu choos,Hinglish/Marathi Mix,Nuclear
kutte ki aulad randi randi,Hinglish,Nuclear
behenchod randi phadke bhosdike,Hinglish,Nuclear
bhosdike gaand phaad bhadwa,Hinglish,Nuclear
phadke madarchod bhosdike mar,Hinglish,Nuclear
madarchod bhosdike gaandu bhosdike,Hinglish,Nuclear
tuzya aaichi pucchi bhosdike lund,Hinglish/Marathi Mix,Nuclear
ayica dana bhosdike ki aulad,Hinglish,Nuclear
bhosdi wali lund bhosdike,Hinglish,Nuclear
gaandu harami harami lund,Hinglish,Nuclear
harami chutiya mar ki aulad,Hinglish,Nuclear
ki aulad gaandu harami hijda,Hinglish,Nuclear
behenchod randi gaandu daal dunga,Hinglish,Nuclear
ki aulad gand phatli bhenchod chutiya,Hinglish/Marathi Mix,Nuclear
gaandu maa ka bhosada lund,Hinglish,Nuclear
lavda choos mar ki aulad,Hinglish,Nuclear
tuzya aaicha foda daal dunga bhosdike,Hinglish/Marathi Mix,Nuclear
bhosdike madarchod bhosdike mar,Hinglish,Nuclear
harami chutiya choos harami,Hinglish,Nuclear
gand mar daal dunga madarchod,Hinglish,Nuclear
daal dunga tujha aila kutryawani ki aulad,Hinglish,Nuclear
daal dunga harami chutiya ki aulad,Hinglish,Nuclear
gand phatli bhenchod chutiya bhosdike,Hinglish/Marathi Mix,Nuclear
madarchod bhosdike mar lawda,Hinglish,Nuclear
tujha aila kutryawani randi gaandu,Hinglish,Nuclear
madarchod tujha aila kutryawani lund,Hinglish,Nuclear
hijda ayica dana chutiya,Hinglish,Nuclear
ki aulad gand mar gaandu,Hinglish,Nuclear
bhadwa tuzya aaicha foda lawda,Hinglish/Marathi Mix,Nuclear
bhadwa behenchod randi phadke,Hinglish,Nuclear
tuzya aaichi pucchi ki aulad lawda,Hinglish/Marathi Mix,Nuclear
gaandu harami lawda bhosdike,Hinglish,Nuclear
madarchod maa ka bhosada phadke,Hinglish,Nuclear
randi aai chi gand madarchod,Hinglish/Marathi Mix,Nuclear
mar harami chutiya bhosdike,Hinglish,Nuclear
choos randi ka lund phad dunga,Hinglish,Nuclear
tuzya aaicha foda chutiya randi,Hinglish/Marathi Mix,Nuclear
pucchi khajvya bhadwa ki aulad,Hinglish/Marathi Mix,Nuclear
tujha aila kutryawani ki aulad daal dunga,Hinglish,Nuclear
pucchi khajvya bhadwa daal dunga,Hinglish/Marathi Mix,Nuclear
zavadya madarchod ki aulad hijda,Hinglish,Nuclear
randi gand phatli bhenchod bhosdike,Hinglish/Marathi Mix,Nuclear
gaandu gaand phaad bhadwa,Hinglish,Nuclear
zavadya madarchod daal dunga bhadwa,Hinglish,Nuclear
tuzya aaichi pucchi randi bhadwa,Hinglish/Marathi Mix,Nuclear
harami pucchi khajvya chutiya,Hinglish/Marathi Mix,Nuclear
bhosdike randi ka lund chutiya,Hinglish,Nuclear
gand mar gaandu gaandu,Hinglish,Nuclear
gand phatli bhenchod lawda phadke,Hinglish/Marathi Mix,Nuclear
mar kutte ki aulad mar,Hinglish,Nuclear
phad dunga aai chi gand madarchod,Hinglish/Marathi Mix,Nuclear
zavadya madarchod bhadwa ki aulad,Hinglish,Nuclear
gaandu maa ka bhosada ki aulad,Hinglish,Nuclear
ki aulad tuzya aaichi pucchi phad dunga,Hinglish/Marathi Mix,Nuclear
hijda behenchod randi randi,Hinglish,Nuclear
daal dunga zavadya madarchod mar,Hinglish,Nuclear
randi behenchod randi choos,Hinglish,Nuclear
zavadya madarchod daal dunga bhosdike,Hinglish,Nuclear
behen ki chut madarchod gaandu,Hinglish,Nuclear
lawda chut mein lund chutiya,Hinglish,Nuclear
daal dunga randi ka lund lund,Hinglish,Nuclear
chut mein lund madarchod hijda,Hinglish,Nuclear
lund lavde ka baal bhosdike,Hinglish,Nuclear
harami behen ki chut gaandu,Hinglish,Nuclear
gand mar bhadwa choos,Hinglish,Nuclear
tujha aila kutryawani lund gaandu,Hinglish,Nuclear
choos lavda choos bhosdike,Hinglish,Nuclear
zavadya madarchod phadke hijda,Hinglish,Nuclear
chutiya bhosdi wali phad dunga,Hinglish,Nuclear
phad dunga kutte ki aulad hijda,Hinglish,Nuclear
harami chutiya bhosdike ki aulad,Hinglish,Nuclear
madarchod teri maa ki chut lund,Hinglish,Nuclear
gand phatli bhenchod phad dunga lawda,Hinglish/Marathi Mix,Nuclear
phad dunga behenchod randi mar,Hinglish,Nuclear
aai chi gand harami madarchod,Hinglish/Marathi Mix,Nuclear
ki aulad pucchi khajvya harami,Hinglish/Marathi Mix,Nuclear
chut mein lund chutiya lawda,Hinglish,Nuclear
maa ka bhosada chutiya lund,Hinglish,Nuclear
bhadwa gaandu harami chutiya,Hinglish,Nuclear
lavde ka baal lawda mar,Hinglish,Nuclear
harami chutiya madarchod randi,Hinglish,Nuclear
choos randi ka lund harami,Hinglish,Nuclear
daal dunga gand mar choos,Hinglish,Nuclear
teri maa ki chut madarchod choos,Hinglish,Nuclear
randi gaand phaad harami,Hinglish,Nuclear
lavda choos lawda ki aulad,Hinglish,Nuclear
ki aulad gaandu harami lund,Hinglish,Nuclear
mar tuzya aaichi pucchi daal dunga,Hinglish/Marathi Mix,Nuclear
randi aai chi gand ki aulad,Hinglish/Marathi Mix,Nuclear
bhadwa tuzya aaichi pucchi daal dunga,Hinglish/Marathi Mix,Nuclear
aai chi gand phad dunga ki aulad,Hinglish/Marathi Mix,Nuclear
gaand phaad phadke daal dunga,Hinglish,Nuclear
aai chi gand mar phadke,Hinglish/Marathi Mix,Nuclear
maa ka bhosada randi daal dunga,Hinglish,Nuclear
phadke kutte ki aulad harami,Hinglish,Nuclear
chutiya behenchod randi madarchod,Hinglish,Nuclear
phad dunga chut mein lund phadke,Hinglish,Nuclear
gaandu bhosdi wali ki aulad,Hinglish,Nuclear
behen ki chut madarchod phadke,Hinglish,Nuclear
gaandu harami choos chutiya,Hinglish,Nuclear
choos maa ka bhosada daal dunga,Hinglish,Nuclear
choos teri maa ki chut ki aulad,Hinglish,Nuclear
ayica dana hijda bhadwa,Hinglish,Nuclear
zavadya madarchod bhosdike mar,Hinglish,Nuclear
ayica dana phad dunga bhadwa,Hinglish,Nuclear
kutte ki aulad gaandu randi,Hinglish,Nuclear
bhadwa gand phatli bhenchod gaandu,Hinglish/Marathi Mix,Nuclear
randi maa ka bhosada gaandu,Hinglish,Nuclear
tujha aila kutryawani ki aulad harami,Hinglish,Nuclear
gand phatli bhenchod madarchod mar,Hinglish/Marathi Mix,Nuclear
daal dunga kutte ki aulad choos,Hinglish,Nuclear
randi ka lund phad dunga chutiya,Hinglish,Nuclear
phad dunga behenchod randi randi,Hinglish,Nuclear
gand phatli bhenchod ki aulad mar,Hinglish/Marathi Mix,Nuclear
hijda ayica dana lund,Hinglish,Nuclear
gaandu harami phad dunga phadke,Hinglish,Nuclear
harami bhosdi wali hijda,Hinglish,Nuclear
phad dunga tujha aila kutryawani mar,Hinglish,Nuclear
gand mar bhadwa lund,Hinglish,Nuclear
randi madarchod bhosdike mar,Hinglish,Nuclear
phad dunga lavde ka baal daal dunga,Hinglish,Nuclear
ki aulad ayica dana phad dunga,Hinglish,Nuclear
ki aulad teri maa ki chut lawda,Hinglish,Nuclear
behen ki chut phadke phad dunga,Hinglish,Nuclear
gand mar chutiya gaandu,Hinglish,Nuclear
pucchi khajvya bhadwa harami,Hinglish/Marathi Mix,Nuclear
gaandu kutte ki aulad madarchod,Hinglish,Nuclear
behen ki chut bhadwa randi,Hinglish,Nuclear
behen ki chut phadke bhadwa,Hinglish,Nuclear
kutte ki aulad phad dunga phad dunga,Hinglish,Nuclear
kutte ki aulad gaandu mar,Hinglish,Nuclear
gand mar phad dunga hijda,Hinglish,Nuclear
mar lavde ka baal choos,Hinglish,Nuclear
ayica dana bhosdike daal dunga,Hinglish,Nuclear
mar bhosdi wali randi,Hinglish,Nuclear
behenchod randi hijda lawda,Hinglish,Nuclear
lavda choos randi mar,Hinglish,Nuclear
behenchod randi randi phadke,Hinglish,Nuclear
choos zavadya madarchod lund,Hinglish,Nuclear
lawda zavadya madarchod harami,Hinglish,Nuclear
randi gaandu harami choos,Hinglish,Nuclear
harami chutiya daal dunga phad dunga,Hinglish,Nuclear
harami chutiya bhosdike choos,Hinglish,Nuclear
bhadwa tujha aila kutryawani daal dunga,Hinglish,Nuclear
aai chi gand phad dunga choos,Hinglish/Marathi Mix,Nuclear
gaand phaad lawda phad dunga,Hinglish,Nuclear
ayica dana randi randi,Hinglish,Nuclear
aai chi gand randi choos,Hinglish/Marathi Mix,Nuclear
ki aulad gand phatli bhenchod madarchod,Hinglish/Marathi Mix,Nuclear
hijda lavda choos madarchod,Hinglish,Nuclear
gaandu harami hijda phad dunga,Hinglish,Nuclear
mar teri maa ki chut phad dunga,Hinglish,Nuclear
hijda chut mein lund phad dunga,Hinglish,Nuclear
bhosdike harami chutiya phad dunga,Hinglish,Nuclear
behenchod randi madarchod phad dunga,Hinglish,Nuclear
phad dunga tuzya aaicha foda hijda,Hinglish/Marathi Mix,Nuclear
phadke harami chutiya chutiya,Hinglish,Nuclear
ki aulad tuzya aaichi pucchi madarchod,Hinglish/Marathi Mix,Nuclear
randi maa ka bhosada ki aulad,Hinglish,Nuclear
hijda gand phatli bhenchod chutiya,Hinglish/Marathi Mix,Nuclear
daal dunga zavadya madarchod gaandu,Hinglish,Nuclear
kutte ki aulad mar bhadwa,Hinglish,Nuclear
lawda ayica dana harami,Hinglish,Nuclear
lavde ka baal ki aulad choos,Hinglish,Nuclear
gaandu chut mein lund daal dunga,Hinglish,Nuclear
teri maa ki chut lawda lawda,Hinglish,Nuclear
harami zavadya madarchod mar,Hinglish,Nuclear
phad dunga chut mein lund daal dunga,Hinglish,Nuclear
phad dunga chut mein lund harami,Hinglish,Nuclear
aai chi gand choos randi,Hinglish/Marathi Mix,Nuclear
tuzya aaicha foda hijda harami,Hinglish/Marathi Mix,Nuclear
phad dunga lavde ka baal choos,Hinglish,Nuclear
behen ki chut hijda phad dunga,Hinglish,Nuclear
chut mein lund daal dunga phadke,Hinglish,Nuclear
choos zavadya madarchod bhadwa,Hinglish,Nuclear
ayica dana hijda hijda,Hinglish,Nuclear
harami kutte ki aulad harami,Hinglish,Nuclear
bhosdi wali phadke chutiya,Hinglish,Nuclear
lavda choos phadke lawda,Hinglish,Nuclear
lawda kutte ki aulad randi,Hinglish,Nuclear
harami chutiya harami bhadwa,Hinglish,Nuclear
phad dunga randi ka lund bhadwa,Hinglish,Nuclear
randi lavde ka baal harami,Hinglish,Nuclear
gaandu harami harami chutiya,Hinglish,Nuclear
bhadwa ayica dana choos,Hinglish,Nuclear
lavda choos bhadwa ki aulad,Hinglish,Nuclear
tujha aila kutryawani hijda randi,Hinglish,Nuclear
randi ka lund ki aulad lund,Hinglish,Nuclear
chut mein lund randi madarchod,Hinglish,Nuclear
phad dunga tujha aila kutryawani hijda,Hinglish,Nuclear
lund gaandu harami randi,Hinglish,Nuclear
gaandu harami choos lawda,Hinglish,Nuclear
chutiya gand phatli bhenchod bhadwa,Hinglish/Marathi Mix,Nuclear
phadke gand phatli bhenchod ki aulad,Hinglish/Marathi Mix,Nuclear
bhadwa ayica dana hijda,Hinglish,Nuclear
ki aulad behenchod randi chutiya,Hinglish,Nuclear
gaand phaad phadke madarchod,Hinglish,Nuclear
bhosdi wali phad dunga daal dunga,Hinglish,Nuclear
bhadwa harami chutiya daal dunga,Hinglish,Nuclear
tujha aila kutryawani bhosdike chutiya,Hinglish,Nuclear
ki aulad behen ki chut lund,Hinglish,Nuclear
lavda choos chutiya phad dunga,Hinglish,Nuclear
teri maa ki chut bhadwa lund,Hinglish,Nuclear
bhadwa harami chutiya harami,Hinglish,Nuclear
randi bhosdi wali lund,Hinglish,Nuclear
gand phatli bhenchod harami daal dunga,Hinglish/Marathi Mix,Nuclear
gaandu harami madarchod madarchod,Hinglish,Nuclear
pucchi khajvya lund ki aulad,Hinglish/Marathi Mix,Nuclear
chut mein lund chutiya ki aulad,Hinglish,Nuclear
zavadya madarchod bhadwa lawda,Hinglish,Nuclear
gand mar bhadwa daal dunga,Hinglish,Nuclear
tuzya aaichi pucchi chutiya gaandu,Hinglish/Marathi Mix,Nuclear
behenchod randi hijda chutiya,Hinglish,Nuclear
bhosdike maa ka bhosada ki aulad,Hinglish,Nuclear
hijda aai chi gand bhosdike,Hinglish/Marathi Mix,Nuclear
chut mein lund phad dunga bhosdike,Hinglish,Nuclear
chutiya gaandu harami ki aulad,Hinglish,Nuclear
phad dunga maa ka bhosada bhadwa,Hinglish,Nuclear
lawda lavda choos bhadwa,Hinglish,Nuclear
bhadwa zavadya madarchod bhadwa,Hinglish,Nuclear
kutte ki aulad madarchod chutiya,Hinglish,Nuclear
bhosdike gaand phaad choos,Hinglish,Nuclear
ki aulad gand phatli bhenchod phadke,Hinglish/Marathi Mix,Nuclear
chut mein lund daal dunga hijda,Hinglish,Nuclear
madarchod behenchod randi gaandu,Hinglish,Nuclear
phadke behen ki chut chutiya,Hinglish,Nuclear
madarchod randi ka lund randi,Hinglish,Nuclear
chutiya behen ki chut hijda,Hinglish,Nuclear
hijda randi ka lund choos,Hinglish,Nuclear
pucchi khajvya gaandu phad dunga,Hinglish/Marathi Mix,Nuclear
choos kutte ki aulad randi,Hinglish,Nuclear
lavda choos mar bhadwa,Hinglish,Nuclear
harami chutiya bhadwa phadke,Hinglish,Nuclear
ki aulad gand mar lawda,Hinglish,Nuclear
aai chi gand lawda madarchod,Hinglish/Marathi Mix,Nuclear
randi ka lund gaandu chutiya,Hinglish,Nuclear
lund bhosdi wali harami,Hinglish,Nuclear
gaand phaad harami daal dunga,Hinglish,Nuclear
bhosdi wali lawda daal dunga,Hinglish,Nuclear
chut mein lund madarchod ki aulad,Hinglish,Nuclear
tuzya aaichi pucchi phadke bhosdike,Hinglish/Marathi Mix,Nuclear
harami ayica dana bhosdike,Hinglish,Nuclear
lavde ka baal randi phad dunga,Hinglish,Nuclear
harami chutiya phad dunga harami,Hinglish,Nuclear
bhosdi wali harami daal dunga,Hinglish,Nuclear
lavda choos chutiya lund,Hinglish,Nuclear
gaandu pucchi khajvya choos,Hinglish/Marathi Mix,Nuclear
madarchod bhosdike randi phadke,Hinglish,Nuclear
gand mar ki aulad hijda,Hinglish,Nuclear
randi ka lund phadke lawda,Hinglish,Nuclear
chut mein lund madarchod choos,Hinglish,Nuclear
aai chi gand ki aulad gaandu,Hinglish/Marathi Mix,Nuclear
lund kutte ki aulad choos,Hinglish,Nuclear
phadke tujha aila kutryawani mar,Hinglish,Nuclear
ki aulad behen ki chut madarchod,Hinglish,Nuclear
ki aulad kutte ki aulad chutiya,Hinglish,Nuclear
lawda gand phatli bhenchod hijda,Hinglish/Marathi Mix,Nuclear
kutte ki aulad daal dunga gaandu,Hinglish,Nuclear
chutiya tuzya aaichi pucchi daal dunga,Hinglish/Marathi Mix,Nuclear
mar maa ka bhosada lawda,Hinglish,Nuclear
harami harami chutiya bhadwa,Hinglish,Nuclear
chut mein lund bhadwa harami,Hinglish,Nuclear
lawda pucchi khajvya bhadwa,Hinglish/Marathi Mix,Nuclear
ki aulad bhosdi wali mar,Hinglish,Nuclear
lund tuzya aaicha foda hijda,Hinglish/Marathi Mix,Nuclear
ki aulad gaand phaad bhosdike,Hinglish,Nuclear
lund ayica dana hijda,Hinglish,Nuclear
behenchod randi lawda randi,Hinglish,Nuclear
bhadwa aai chi gand daal dunga,Hinglish/Marathi Mix,Nuclear
lavda choos ki aulad ki aulad,Hinglish,Nuclear
bhadwa gaand phaad bhadwa,Hinglish,Nuclear
madarchod maa ka bhosada harami,Hinglish,Nuclear
gaand phaad chutiya randi,Hinglish,Nuclear
bhosdi wali chutiya choos,Hinglish,Nuclear
gaand phaad ki aulad harami,Hinglish,Nuclear
phad dunga behen ki chut randi,Hinglish,Nuclear
lawda randi ka lund harami,Hinglish,Nuclear
ki aulad maa ka bhosada mar,Hinglish,Nuclear
hijda tujha aila kutryawani bhosdike,Hinglish,Nuclear
lawda aai chi gand madarchod,Hinglish/Marathi Mix,Nuclear
ki aulad teri maa ki chut lund,Hinglish,Nuclear
aai chi gand choos choos,Hinglish/Marathi Mix,Nuclear
phad dunga maa ka bhosada chutiya,Hinglish,Nuclear
madarchod tujha aila kutryawani randi,Hinglish,Nuclear
bhadwa randi ka lund bhosdike,Hinglish,Nuclear
aai chi gand phad dunga harami,Hinglish/Marathi Mix,Nuclear
bhosdike pucchi khajvya lawda,Hinglish/Marathi Mix,Nuclear
daal dunga pucchi khajvya lund,Hinglish/Marathi Mix,Nuclear
harami harami chutiya chutiya,Hinglish,Nuclear
randi ka lund bhadwa bhadwa,Hinglish,Nuclear
pucchi khajvya madarchod randi,Hinglish/Marathi Mix,Nuclear
mar lavde ka baal phadke,Hinglish,Nuclear
chutiya madarchod bhosdike ki aulad,Hinglish,Nuclear
lund aai chi gand hijda,Hinglish/Marathi Mix,Nuclear
madarchod bhosdike bhosdike bhadwa,Hinglish,Nuclear
chutiya kutte ki aulad bhosdike,Hinglish,Nuclear
hijda behenchod randi hijda,Hinglish,Nuclear
mar zavadya madarchod ki aulad,Hinglish,Nuclear
phad dunga behen ki chut hijda,Hinglish,Nuclear
lavda choos phadke chutiya,Hinglish,Nuclear
gaandu tuzya aaichi pucchi hijda,Hinglish/Marathi Mix,Nuclear
chutiya behen ki chut madarchod,Hinglish,Nuclear
behenchod randi gaandu choos,Hinglish,Nuclear
lavde ka baal daal dunga harami,Hinglish,Nuclear
gaandu zavadya madarchod gaandu,Hinglish,Nuclear
zavadya madarchod chutiya chutiya,Hinglish,Nuclear
daal dunga gaandu harami bhosdike,Hinglish,Nuclear
harami maa ka bhosada bhosdike,Hinglish,Nuclear
harami randi ka lund gaandu,Hinglish,Nuclear
phad dunga gaand phaad bhosdike,Hinglish,Nuclear
aai chi gand ki aulad mar,Hinglish/Marathi Mix,Nuclear
lund bhosdi wali choos,Hinglish,Nuclear
mar kutte ki aulad bhosdike,Hinglish,Nuclear
randi pucchi khajvya bhadwa,Hinglish/Marathi Mix,Nuclear
bhadwa behen ki chut ki aulad,Hinglish,Nuclear
gand phatli bhenchod mar madarchod,Hinglish/Marathi Mix,Nuclear
tujha aila kutryawani mar bhadwa,Hinglish,Nuclear
bhosdi wali bhadwa lund,Hinglish,Nuclear
daal dunga lavda choos phadke,Hinglish,Nuclear
phadke gand phatli bhenchod mar,Hinglish/Marathi Mix,Nuclear
daal dunga tuzya aaichi pucchi gaandu,Hinglish/Marathi Mix,Nuclear
madarchod bhosdike bhadwa ki aulad,Hinglish,Nuclear
chut mein lund gaandu bhadwa,Hinglish,Nuclear
bhadwa ayica dana randi,Hinglish,Nuclear
bhadwa tujha aila kutryawani lund,Hinglish,Nuclear
harami chutiya choos bhadwa,Hinglish,Nuclear
tuzya aaichi pucchi phad dunga randi,Hinglish/Marathi Mix,Nuclear
madarchod gaandu harami phadke,Hinglish,Nuclear
lawda tujha aila kutryawani madarchod,Hinglish,Nuclear
gaandu behen ki chut chutiya,Hinglish,Nuclear
bhosdike gaandu harami ki aulad,Hinglish,Nuclear
lavde ka baal bhosdike ki aulad,Hinglish,Nuclear
choos zavadya madarchod choos,Hinglish,Nuclear
phad dunga tujha aila kutryawani randi,Hinglish,Nuclear
gaand phaad bhosdike bhosdike,Hinglish,Nuclear
bhosdi wali randi lund,Hinglish,Nuclear
randi chut mein lund lund,Hinglish,Nuclear
behen ki chut madarchod madarchod,Hinglish,Nuclear
chut mein lund choos bhosdike,Hinglish,Nuclear
choos randi ka lund mar,Hinglish,Nuclear
randi tuzya aaicha foda randi,Hinglish/Marathi Mix,Nuclear
bhadwa madarchod bhosdike phad dunga,Hinglish,Nuclear
phad dunga kutte ki aulad lawda,Hinglish,Nuclear
chut mein lund bhosdike daal dunga,Hinglish,Nuclear
tujha aila kutryawani lund randi,Hinglish,Nuclear
phad dunga pucchi khajvya lawda,Hinglish/Marathi Mix,Nuclear
gaandu pucchi khajvya ki aulad,Hinglish/Marathi Mix,Nuclear
pucchi khajvya randi phad dunga,Hinglish/Marathi Mix,Nuclear
tujha aila kutryawani mar madarchod,Hinglish,Nuclear
ki aulad harami chutiya madarchod,Hinglish,Nuclear
tujha aila kutryawani choos phad dunga,Hinglish,Nuclear
hijda maa ka bhosada randi,Hinglish,Nuclear
randi ka lund phad dunga hijda,Hinglish,Nuclear
daal dunga kutte ki aulad hijda,Hinglish,Nuclear
chut mein lund mar chutiya,Hinglish,Nuclear
bhosdi wali chutiya mar,Hinglish,Nuclear
behen ki chut gaandu bhosdike,Hinglish,Nuclear
teri maa ki chut choos daal dunga,Hinglish,Nuclear
behenchod randi randi hijda,Hinglish,Nuclear
lavde ka baal bhosdike hijda,Hinglish,Nuclear
behen ki chut randi lawda,Hinglish,Nuclear
chut mein lund lund choos,Hinglish,Nuclear
behenchod randi lund randi,Hinglish,Nuclear
teri maa ki chut ki aulad chutiya,Hinglish,Nuclear
zavadya madarchod ki aulad bhadwa,Hinglish,Nuclear
phad dunga harami chutiya madarchod,Hinglish,Nuclear
gaand phaad phadke harami,Hinglish,Nuclear
ayica dana harami madarchod,Hinglish,Nuclear
randi randi ka lund lund,Hinglish,Nuclear
pucchi khajvya gaandu hijda,Hinglish/Marathi Mix,Nuclear
maa ka bhosada choos madarchod,Hinglish,Nuclear
gand phatli bhenchod bhosdike gaandu,Hinglish/Marathi Mix,Nuclear
phadke bhosdi wali gaandu,Hinglish,Nuclear
harami behenchod randi bhosdike,Hinglish,Nuclear
gand phatli bhenchod lund gaandu,Hinglish/Marathi Mix,Nuclear
lavda choos ki aulad lund,Hinglish,Nuclear
harami behen ki chut bhadwa,Hinglish,Nuclear
ki aulad gand phatli bhenchod harami,Hinglish/Marathi Mix,Nuclear
zavadya madarchod mar phadke,Hinglish,Nuclear
bhosdike gaand phaad madarchod,Hinglish,Nuclear
hijda bhosdi wali gaandu,Hinglish,Nuclear
phadke gaandu harami chutiya,Hinglish,Nuclear
phadke tujha aila kutryawani lund,Hinglish,Nuclear
randi ka lund phadke bhosdike,Hinglish,Nuclear
teri maa ki chut bhadwa choos,Hinglish,Nuclear
aai chi gand gaandu choos,Hinglish/Marathi Mix,Nuclear
phad dunga madarchod bhosdike gaandu,Hinglish,Nuclear
bhadwa kutte ki aulad madarchod,Hinglish,Nuclear
teri maa ki chut phadke bhosdike,Hinglish,Nuclear
lund tujha aila kutryawani lund,Hinglish,Nuclear
ayica dana lawda hijda,Hinglish,Nuclear
bhosdike tujha aila kutryawani lawda,Hinglish,Nuclear
maa ka bhosada ki aulad phad dunga,Hinglish,Nuclear
chut mein lund choos harami,Hinglish,Nuclear
phad dunga zavadya madarchod choos,Hinglish,Nuclear
phadke ayica dana daal dunga,Hinglish,Nuclear
lavde ka baal lawda lawda,Hinglish,Nuclear
teri maa ki chut bhosdike gaandu,Hinglish,Nuclear
hijda behen ki chut ki aulad,Hinglish,Nuclear
behenchod randi bhosdike ki aulad,Hinglish,Nuclear
chutiya teri maa ki chut choos,Hinglish,Nuclear
tuzya aaicha foda lawda lawda,Hinglish/Marathi Mix,Nuclear
chut mein lund lawda lawda,Hinglish,Nuclear
maa ka bhosada bhosdike phadke,Hinglish,Nuclear
daal dunga randi ka lund lawda,Hinglish,Nuclear
tuzya aaicha foda randi chutiya,Hinglish/Marathi Mix,Nuclear
teri maa ki chut ki aulad bhadwa,Hinglish,Nuclear
mar pucchi khajvya daal dunga,Hinglish/Marathi Mix,Nuclear
harami chutiya bhosdike phadke,Hinglish,Nuclear
gaandu behen ki chut mar,Hinglish,Nuclear
choos lavda choos gaandu,Hinglish,Nuclear
lavda choos bhadwa phad dunga,Hinglish,Nuclear
pucchi khajvya mar phad dunga,Hinglish/Marathi Mix,Nuclear
mar lavde ka baal madarchod,Hinglish,Nuclear
tujha aila kutryawani hijda mar,Hinglish,Nuclear
behenchod randi harami bhadwa,Hinglish,Nuclear
aai chi gand ki aulad hijda,Hinglish/Marathi Mix,Nuclear
choos ayica dana bhosdike,Hinglish,Nuclear
gand mar hijda lund,Hinglish,Nuclear
lavde ka baal mar ki aulad,Hinglish,Nuclear
zavadya madarchod mar bhadwa,Hinglish,Nuclear
ki aulad harami chutiya harami,Hinglish,Nuclear
lund gand phatli bhenchod randi,Hinglish/Marathi Mix,Nuclear
phad dunga harami chutiya ki aulad,Hinglish,Nuclear
gaand phaad bhosdike madarchod,Hinglish,Nuclear
ayica dana chutiya chutiya,Hinglish,Nuclear
bhosdike gaand phaad mar,Hinglish,Nuclear
daal dunga madarchod bhosdike bhadwa,Hinglish,Nuclear
madarchod gand mar phad dunga,Hinglish,Nuclear
randi aai chi gand mar,Hinglish/Marathi Mix,Nuclear
gaand phaad bhosdike mar,Hinglish,Nuclear
gaandu harami gaandu randi,Hinglish,Nuclear
daal dunga harami chutiya randi,Hinglish,Nuclear
tuzya aaichi pucchi phadke lund,Hinglish/Marathi Mix,Nuclear
gaandu gand mar phadke,Hinglish,Nuclear
bhosdike madarchod bhosdike lund,Hinglish,Nuclear
chutiya gaandu harami choos,Hinglish,Nuclear
chutiya bhosdi wali mar,Hinglish,Nuclear
harami tuzya aaichi pucchi lund,Hinglish/Marathi Mix,Nuclear
chut mein lund randi bhadwa,Hinglish,Nuclear
phadke maa ka bhosada hijda,Hinglish,Nuclear
randi behenchod randi daal dunga,Hinglish,Nuclear
behenchod randi phad dunga chutiya,Hinglish,Nuclear
pucchi khajvya choos gaandu,Hinglish/Marathi Mix,Nuclear
gand phatli bhenchod daal dunga bhosdike,Hinglish/Marathi Mix,Nuclear
tuzya aaichi pucchi lawda harami,Hinglish/Marathi Mix,Nuclear
lavde ka baal harami madarchod,Hinglish,Nuclear
gand mar harami ki aulad,Hinglish,Nuclear
zavadya madarchod lund daal dunga,Hinglish,Nuclear
aai chi gand lund randi,Hinglish/Marathi Mix,Nuclear
harami gaandu harami bhosdike,Hinglish,Nuclear
teri maa ki chut bhosdike chutiya,Hinglish,Nuclear
phadke lavda choos lund,Hinglish,Nuclear
aai chi gand hijda ki aulad,Hinglish/Marathi Mix,Nuclear
ayica dana choos phadke,Hinglish,Nuclear
randi randi ka lund mar,Hinglish,Nuclear
chut mein lund lawda randi,Hinglish,Nuclear
hijda gaand phaad chutiya,Hinglish,Nuclear
tujha aila kutryawani randi daal dunga,Hinglish,Nuclear
hijda gaandu harami phadke,Hinglish,Nuclear
lavde ka baal daal dunga lawda,Hinglish,Nuclear
behenchod randi phadke chutiya,Hinglish,Nuclear
madarchod gaandu harami mar,Hinglish,Nuclear
phad dunga maa ka bhosada harami,Hinglish,Nuclear
lawda teri maa ki chut phadke,Hinglish,Nuclear
behenchod randi lawda gaandu,Hinglish,Nuclear
pucchi khajvya lund harami,Hinglish/Marathi Mix,Nuclear
bhosdike randi ka lund randi,Hinglish,Nuclear
gaandu harami randi phadke,Hinglish,Nuclear
pucchi khajvya chutiya gaandu,Hinglish/Marathi Mix,Nuclear
bhosdike madarchod bhosdike chutiya,Hinglish,Nuclear
harami teri maa ki chut lawda,Hinglish,Nuclear
tujha aila kutryawani daal dunga madarchod,Hinglish,Nuclear
teri maa ki chut chutiya daal dunga,Hinglish,Nuclear
madarchod behenchod randi daal dunga,Hinglish,Nuclear
maa ka bhosada harami mar,Hinglish,Nuclear
bhadwa harami chutiya lawda,Hinglish,Nuclear
phadke harami chutiya choos,Hinglish,Nuclear
phad dunga randi ka lund ki aulad,Hinglish,Nuclear
choos behenchod randi chutiya,Hinglish,Nuclear
lawda aai chi gand lawda,Hinglish/Marathi Mix,Nuclear
teri maa ki chut harami phadke,Hinglish,Nuclear
harami lavde ka baal daal dunga,Hinglish,Nuclear
daal dunga teri maa ki chut gaandu,Hinglish,Nuclear
hijda tujha aila kutryawani phadke,Hinglish,Nuclear
mar lavda choos bhadwa,Hinglish,Nuclear
phadke bhosdi wali lawda,Hinglish,Nuclear
lund maa ka bhosada randi,Hinglish,Nuclear
aai chi gand randi daal dunga,Hinglish/Marathi Mix,Nuclear
madarchod behen ki chut daal dunga,Hinglish,Nuclear
randi maa ka bhosada choos,Hinglish,Nuclear
chut mein lund ki aulad madarchod,Hinglish,Nuclear
mar lavde ka baal randi,Hinglish,Nuclear
chut mein lund mar mar,Hinglish,Nuclear
ayica dana mar daal dunga,Hinglish,Nuclear
bhosdike tuzya aaichi pucchi madarchod,Hinglish/Marathi Mix,Nuclear
madarchod harami chutiya lund,Hinglish,Nuclear
gaand phaad lawda mar,Hinglish,Nuclear
lavda choos randi daal dunga,Hinglish,Nuclear
chutiya randi ka lund gaandu,Hinglish,Nuclear
kutte ki aulad lawda gaandu,Hinglish,Nuclear
tuzya aaichi pucchi daal dunga daal dunga,Hinglish/Marathi Mix,Nuclear
choos lavda choos phadke,Hinglish,Nuclear
lavda choos lund hijda,Hinglish,Nuclear
chut mein lund harami phad dunga,Hinglish,Nuclear
gaandu harami bhosdike bhadwa,Hinglish,Nuclear
aai chi gand bhadwa hijda,Hinglish/Marathi Mix,Nuclear
chutiya ayica dana choos,Hinglish,Nuclear
ki aulad aai chi gand mar,Hinglish/Marathi Mix,Nuclear
tuzya aaicha foda ki aulad bhosdike,Hinglish/Marathi Mix,Nuclear
gaandu madarchod bhosdike lawda,Hinglish,Nuclear
tuzya aaichi pucchi mar hijda,Hinglish/Marathi Mix,Nuclear
madarchod harami chutiya randi,Hinglish,Nuclear
madarchod tuzya aaicha foda hijda,Hinglish/Marathi Mix,Nuclear
lawda aai chi gand phadke,Hinglish/Marathi Mix,Nuclear
behenchod randi ki aulad phad dunga,Hinglish,Nuclear
lavda choos phad dunga bhosdike,Hinglish,Nuclear
teri maa ki chut chutiya gaandu,Hinglish,Nuclear
madarchod bhosdike madarchod gaandu,Hinglish,Nuclear
bhadwa tuzya aaichi pucchi bhadwa,Hinglish/Marathi Mix,Nuclear
bhosdi wali phad dunga lund,Hinglish,Nuclear
bhadwa behenchod randi daal dunga,Hinglish,Nuclear
harami zavadya madarchod bhadwa,Hinglish,Nuclear
choos gand phatli bhenchod chutiya,Hinglish/Marathi Mix,Nuclear
tuzya aaicha foda hijda randi,Hinglish/Marathi Mix,Nuclear
lavda choos ki aulad daal dunga,Hinglish,Nuclear
gaandu aai chi gand gaandu,Hinglish/Marathi Mix,Nuclear
teri maa ki chut gaandu bhadwa,Hinglish,Nuclear
lund harami chutiya hijda,Hinglish,Nuclear
madarchod maa ka bhosada mar,Hinglish,Nuclear
maa ka bhosada bhadwa ki aulad,Hinglish,Nuclear
ayica dana bhadwa randi,Hinglish,Nuclear
lavde ka baal chutiya randi,Hinglish,Nuclear
hijda chut mein lund randi,Hinglish,Nuclear
gaandu gand mar ki aulad,Hinglish,Nuclear
mar tujha aila kutryawani choos,Hinglish,Nuclear
randi ayica dana lund,Hinglish,Nuclear
choos teri maa ki chut harami,Hinglish,Nuclear
maa ka bhosada gaandu randi,Hinglish,Nuclear
teri maa ki chut daal dunga choos,Hinglish,Nuclear
chut mein lund hijda lawda,Hinglish,Nuclear
harami randi ka lund hijda,Hinglish,Nuclear
phadke behen ki chut phad dunga,Hinglish,Nuclear
gand mar gaandu ki aulad,Hinglish,Nuclear
daal dunga kutte ki aulad bhadwa,Hinglish,Nuclear
bhosdike behen ki chut chutiya,Hinglish,Nuclear
lavde ka baal gaandu chutiya,Hinglish,Nuclear
teri maa ki chut daal dunga chutiya,Hinglish,Nuclear
gand mar daal dunga lawda,Hinglish,Nuclear
tuzya aaicha foda harami hijda,Hinglish/Marathi Mix,Nuclear
ayica dana lund harami,Hinglish,Nuclear
lavda choos harami phad dunga,Hinglish,Nuclear
randi ka lund gaandu madarchod,Hinglish,Nuclear
lavde ka baal chutiya ki aulad,Hinglish,Nuclear
pucchi khajvya lawda lund,Hinglish/Marathi Mix,Nuclear
gand phatli bhenchod madarchod bhadwa,Hinglish/Marathi Mix,Nuclear
aai chi gand lawda harami,Hinglish/Marathi Mix,Nuclear
ki aulad tujha aila kutryawani randi,Hinglish,Nuclear
phadke lavde ka baal phadke,Hinglish,Nuclear
phad dunga zavadya madarchod madarchod,Hinglish,Nuclear
teri maa ki chut bhosdike phadke,Hinglish,Nuclear
hijda chut mein lund bhadwa,Hinglish,Nuclear
choos gaandu harami choos,Hinglish,Nuclear
choos tujha aila kutryawani choos,Hinglish,Nuclear
pucchi khajvya phadke lawda,Hinglish/Marathi Mix,Nuclear
hijda chut mein lund chutiya,Hinglish,Nuclear
madarchod bhosdike lawda choos,Hinglish,Nuclear
behen ki chut ki aulad choos,Hinglish,Nuclear
lawda zavadya madarchod lawda,Hinglish,Nuclear
mar zavadya madarchod daal dunga,Hinglish,Nuclear
hijda tuzya aaichi pucchi harami,Hinglish/Marathi Mix,Nuclear
phadke behen ki chut gaandu,Hinglish,Nuclear
hijda aai chi gand mar,Hinglish/Marathi Mix,Nuclear
gaand phaad daal dunga harami,Hinglish,Nuclear
zavadya madarchod choos ki aulad,Hinglish,Nuclear
gaandu harami phad dunga choos,Hinglish,Nuclear
lawda lavda choos randi,Hinglish,Nuclear
ki aulad lavde ka baal choos,Hinglish,Nuclear
ayica dana madarchod mar,Hinglish,Nuclear
kutte ki aulad gaandu bhadwa,Hinglish,Nuclear
phadke maa ka bhosada randi,Hinglish,Nuclear
madarchod zavadya madarchod bhosdike,Hinglish,Nuclear
bhadwa tuzya aaichi pucchi lawda,Hinglish/Marathi Mix,Nuclear
lund tuzya aaichi pucchi hijda,Hinglish/Marathi Mix,Nuclear
daal dunga behen ki chut madarchod,Hinglish,Nuclear
chutiya gand phatli bhenchod lawda,Hinglish/Marathi Mix,Nuclear
aai chi gand hijda bhadwa,Hinglish/Marathi Mix,Nuclear
harami lavda choos bhadwa,Hinglish,Nuclear
daal dunga chut mein lund daal dunga,Hinglish,Nuclear
phadke madarchod bhosdike phad dunga,Hinglish,Nuclear
aai chi gand phadke lund,Hinglish/Marathi Mix,Nuclear
gand mar chutiya phad dunga,Hinglish,Nuclear
kutte ki aulad harami chutiya,Hinglish,Nuclear
bhadwa harami chutiya hijda,Hinglish,Nuclear
randi ka lund lawda lawda,Hinglish,Nuclear
phad dunga behen ki chut madarchod,Hinglish,Nuclear
lawda gaand phaad randi,Hinglish,Nuclear
bhadwa behenchod randi chutiya,Hinglish,Nuclear
madarchod maa ka bhosada randi,Hinglish,Nuclear
gand phatli bhenchod mar phad dunga,Hinglish/Marathi Mix,Nuclear
phadke gand phatli bhenchod gaandu,Hinglish/Marathi Mix,Nuclear
ki aulad lavda choos phadke,Hinglish,Nuclear
gaand phaad ki aulad mar,Hinglish,Nuclear
teri maa ki chut lund randi,Hinglish,Nuclear
mar gaandu harami gaandu,Hinglish,Nuclear
gaandu lavde ka baal randi,Hinglish,Nuclear
bhadwa randi ka lund phadke,Hinglish,Nuclear
hijda kutte ki aulad mar,Hinglish,Nuclear
choos tujha aila kutryawani bhosdike,Hinglish,Nuclear
kutte ki aulad bhosdike ki aulad,Hinglish,Nuclear
daal dunga gand phatli bhenchod lawda,Hinglish/Marathi Mix,Nuclear
harami chutiya lawda lund,Hinglish,Nuclear
lawda gaand phaad gaandu,Hinglish,Nuclear
madarchod bhosdike gaandu lawda,Hinglish,Nuclear
gaandu harami hijda gaandu,Hinglish,Nuclear
lavda choos mar daal dunga,Hinglish,Nuclear
gand mar lawda lawda,Hinglish,Nuclear
lund aai chi gand madarchod,Hinglish/Marathi Mix,Nuclear
harami bhosdi wali randi,Hinglish,Nuclear
gaandu aai chi gand lawda,Hinglish/Marathi Mix,Nuclear
lavda choos randi madarchod,Hinglish,Nuclear
gaandu harami harami lawda,Hinglish,Nuclear
hijda gaandu harami bhadwa,Hinglish,Nuclear
mar gand mar gaandu,Hinglish,Nuclear
harami chutiya chutiya lund,Hinglish,Nuclear
gaandu behen ki chut daal dunga,Hinglish,Nuclear
gand mar choos lawda,Hinglish,Nuclear
gand mar gaandu mar,Hinglish,Nuclear
lavde ka baal lund harami,Hinglish,Nuclear
harami chutiya mar daal dunga,Hinglish,Nuclear
ki aulad bhosdi wali harami,Hinglish,Nuclear
tuzya aaichi pucchi bhosdike harami,Hinglish/Marathi Mix,Nuclear
bhadwa gaandu harami lawda,Hinglish,Nuclear
gaandu gaand phaad madarchod,Hinglish,Nuclear
randi pucchi khajvya ki aulad,Hinglish/Marathi Mix,Nuclear
chut mein lund mar lawda,Hinglish,Nuclear
harami gand phatli bhenchod mar,Hinglish/Marathi Mix,Nuclear
behen ki chut phad dunga lund,Hinglish,Nuclear
chut mein lund hijda lund,Hinglish,Nuclear
gaandu ayica dana daal dunga,Hinglish,Nuclear
chutiya tuzya aaichi pucchi bhadwa,Hinglish/Marathi Mix,Nuclear
gand mar chutiya hijda,Hinglish,Nuclear
phad dunga chut mein lund choos,Hinglish,Nuclear
hijda maa ka bhosada hijda,Hinglish,Nuclear
gaand phaad chutiya daal dunga,Hinglish,Nuclear
lawda teri maa ki chut mar,Hinglish,Nuclear
teri maa ki chut mar mar,Hinglish,Nuclear
ayica dana hijda chutiya,Hinglish,Nuclear
ayica dana harami bhadwa,Hinglish,Nuclear
gand mar chutiya randi,Hinglish,Nuclear
zavadya madarchod lawda mar,Hinglish,Nuclear
pucchi khajvya bhosdike ki aulad,Hinglish/Marathi Mix,Nuclear
phadke chut mein lund lund,Hinglish,Nuclear
harami tujha aila kutryawani gaandu,Hinglish,Nuclear
kutte ki aulad lund ki aulad,Hinglish,Nuclear
lund tujha aila kutryawani lawda,Hinglish,Nuclear
zavadya madarchod daal dunga gaandu,Hinglish,Nuclear
phad dunga teri maa ki chut phad dunga,Hinglish,Nuclear
bhosdike madarchod bhosdike ki aulad,Hinglish,Nuclear
lund tujha aila kutryawani ki aulad,Hinglish,Nuclear
pucchi khajvya daal dunga gaandu,Hinglish/Marathi Mix,Nuclear
madarchod bhosdike phad dunga choos,Hinglish,Nuclear
ayica dana choos lund,Hinglish,Nuclear
maa ka bhosada madarchod randi,Hinglish,Nuclear
chutiya kutte ki aulad lund,Hinglish,Nuclear
bhosdike gand phatli bhenchod ki aulad,Hinglish/Marathi Mix,Nuclear
maa ka bhosada bhosdike phad dunga,Hinglish,Nuclear
tuzya aaichi pucchi mar madarchod,Hinglish/Marathi Mix,Nuclear
bhadwa behenchod randi ki aulad,Hinglish,Nuclear
madarchod bhosdike randi madarchod,Hinglish,Nuclear
madarchod bhosdike bhosdike lund,Hinglish,Nuclear
bhosdike gand phatli bhenchod hijda,Hinglish/Marathi Mix,Nuclear
ayica dana randi daal dunga,Hinglish,Nuclear
phadke gaand phaad daal dunga,Hinglish,Nuclear
ki aulad ayica dana phadke,Hinglish,Nuclear
lawda lavda choos phad dunga,Hinglish,Nuclear
phad dunga gaandu harami bhosdike,Hinglish,Nuclear
phadke behenchod randi daal dunga,Hinglish,Nuclear
harami teri maa ki chut ki aulad,Hinglish,Nuclear
lund tujha aila kutryawani choos,Hinglish,Nuclear
daal dunga aai chi gand gaandu,Hinglish/Marathi Mix,Nuclear
randi ka lund bhadwa harami,Hinglish,Nuclear
lavda choos phad dunga lawda,Hinglish,Nuclear
harami chutiya mar bhadwa,Hinglish,Nuclear
gaandu bhosdi wali randi,Hinglish,Nuclear
madarchod kutte ki aulad choos,Hinglish,Nuclear
phadke kutte ki aulad lawda,Hinglish,Nuclear
kutte ki aulad chutiya choos,Hinglish,Nuclear
phadke harami chutiya randi,Hinglish,Nuclear
tuzya aaichi pucchi bhosdike hijda,Hinglish/Marathi Mix,Nuclear
lavda choos bhosdike bhadwa,Hinglish,Nuclear
aai chi gand lund mar,Hinglish/Marathi Mix,Nuclear
phad dunga ayica dana bhosdike,Hinglish,Nuclear
bhosdi wali randi daal dunga,Hinglish,Nuclear
lavda choos bhadwa madarchod,Hinglish,Nuclear
zavadya madarchod harami gaandu,Hinglish,Nuclear
madarchod behenchod randi choos,Hinglish,Nuclear
daal dunga madarchod bhosdike lund,Hinglish,Nuclear
teri maa ki chut daal dunga madarchod,Hinglish,Nuclear
lawda gaandu harami gaandu,Hinglish,Nuclear
hijda gand mar ki aulad,Hinglish,Nuclear
phadke maa ka bhosada lawda,Hinglish,Nuclear
ayica dana lawda lawda,Hinglish,Nuclear
lawda gaand phaad chutiya,Hinglish,Nuclear
aai chi gand ki aulad chutiya,Hinglish/Marathi Mix,Nuclear
bhosdike tujha aila kutryawani phadke,Hinglish,Nuclear
mar aai chi gand randi,Hinglish/Marathi Mix,Nuclear
harami chutiya daal dunga lund,Hinglish,Nuclear
randi ka lund ki aulad mar,Hinglish,Nuclear
mar lavde ka baal bhosdike,Hinglish,Nuclear
lavde ka baal ki aulad bhosdike,Hinglish,Nuclear
behenchod randi mar ki aulad,Hinglish,Nuclear
lavde ka baal lawda choos,Hinglish,Nuclear
behenchod randi chutiya randi,Hinglish,Nuclear
maa ka bhosada gaandu harami,Hinglish,Nuclear
hijda gand phatli bhenchod bhosdike,Hinglish/Marathi Mix,Nuclear
ki aulad chut mein lund choos,Hinglish,Nuclear
lawda gaand phaad choos,Hinglish,Nuclear
behenchod randi daal dunga bhosdike,Hinglish,Nuclear
choos chut mein lund lawda,Hinglish,Nuclear
zavadya madarchod bhosdike ki aulad,Hinglish,Nuclear
gaand phaad lund randi,Hinglish,Nuclear
lawda gaandu harami bhadwa,Hinglish,Nuclear
gand mar daal dunga ki aulad,Hinglish,Nuclear
mar teri maa ki chut madarchod,Hinglish,Nuclear
lavde ka baal lund gaandu,Hinglish,Nuclear
gand phatli bhenchod gaandu bhadwa,Hinglish/Marathi Mix,Nuclear
tuzya aaichi pucchi lund bhosdike,Hinglish/Marathi Mix,Nuclear
lawda behenchod randi phad dunga,Hinglish,Nuclear
randi teri maa ki chut daal dunga,Hinglish,Nuclear
zavadya madarchod choos harami,Hinglish,Nuclear
tujha aila kutryawani madarchod harami,Hinglish,Nuclear
lavda choos gaandu bhadwa,Hinglish,Nuclear
madarchod bhosdike hijda ki aulad,Hinglish,Nuclear
aai chi gand harami randi,Hinglish/Marathi Mix,Nuclear
tuzya aaicha foda gaandu daal dunga,Hinglish/Marathi Mix,Nuclear
gand phatli bhenchod daal dunga chutiya,Hinglish/Marathi Mix,Nuclear
mar tuzya aaichi pucchi phadke,Hinglish/Marathi Mix,Nuclear
mar madarchod bhosdike daal dunga,Hinglish,Nuclear
gand phatli bhenchod hijda lund,Hinglish/Marathi Mix,Nuclear
bhadwa tuzya aaicha foda bhosdike,Hinglish/Marathi Mix,Nuclear
lavda choos choos randi,Hinglish,Nuclear
chutiya lavde ka baal phadke,Hinglish,Nuclear
chutiya tuzya aaicha foda hijda,Hinglish/Marathi Mix,Nuclear
gaandu harami bhadwa bhadwa,Hinglish,Nuclear
mar tujha aila kutryawani lawda,Hinglish,Nuclear
bhosdike maa ka bhosada lund,Hinglish,Nuclear
pucchi khajvya bhosdike chutiya,Hinglish/Marathi Mix,Nuclear
teri maa ki chut lund chutiya,Hinglish,Nuclear
chutiya gaand phaad harami,Hinglish,Nuclear
hijda gaand phaad phadke,Hinglish,Nuclear
choos gand mar hijda,Hinglish,Nuclear
madarchod bhosdike daal dunga chutiya,Hinglish,Nuclear
harami chutiya lund randi,Hinglish,Nuclear
aai chi gand ki aulad harami,Hinglish/Marathi Mix,Nuclear
lund maa ka bhosada chutiya,Hinglish,Nuclear
phadke behenchod randi madarchod,Hinglish,Nuclear
chutiya lavda choos daal dunga,Hinglish,Nuclear
bhadwa pucchi khajvya lund,Hinglish/Marathi Mix,Nuclear
mar lavde ka baal ki aulad,Hinglish,Nuclear
randi ka lund hijda bhadwa,Hinglish,Nuclear
pucchi khajvya harami madarchod,Hinglish/Marathi Mix,Nuclear
choos aai chi gand lund,Hinglish/Marathi Mix,Nuclear
gaandu gaandu harami phadke,Hinglish,Nuclear
gaand phaad harami harami,Hinglish,Nuclear
harami chutiya lund gaandu,Hinglish,Nuclear
randi ka lund bhadwa daal dunga,Hinglish,Nuclear
gand phatli bhenchod mar ki aulad,Hinglish/Marathi Mix,Nuclear
aai chi gand bhadwa chutiya,Hinglish/Marathi Mix,Nuclear
ayica dana phadke phadke,Hinglish,Nuclear
phadke aai chi gand randi,Hinglish/Marathi Mix,Nuclear
harami harami chutiya hijda,Hinglish,Nuclear
aai chi gand madarchod randi,Hinglish/Marathi Mix,Nuclear
ki aulad gand phatli bhenchod ki aulad,Hinglish/Marathi Mix,Nuclear
harami chutiya mar randi,Hinglish,Nuclear
ayica dana madarchod phadke,Hinglish,Nuclear
tuzya aaicha foda bhosdike choos,Hinglish/Marathi Mix,Nuclear
mar kutte ki aulad hijda,Hinglish,Nuclear
bhosdike gand phatli bhenchod gaandu,Hinglish/Marathi Mix,Nuclear
lawda chut mein lund mar,Hinglish,Nuclear
randi ka lund randi phad dunga,Hinglish,Nuclear
gaand phaad gaandu lund,Hinglish,Nuclear
phad dunga harami chutiya bhadwa,Hinglish,Nuclear
randi ka lund ki aulad harami,Hinglish,Nuclear
tuzya aaicha foda choos randi,Hinglish/Marathi Mix,Nuclear
ayica dana lund phad dunga,Hinglish,Nuclear
hijda chut mein lund hijda,Hinglish,Nuclear
behen ki chut madarchod daal dunga,Hinglish,Nuclear
chut mein lund harami hijda,Hinglish,Nuclear
lavde ka baal gaandu choos,Hinglish,Nuclear
bhadwa kutte ki aulad hijda,Hinglish,Nuclear
harami lavde ka baal mar,Hinglish,Nuclear
madarchod gand phatli bhenchod phadke,Hinglish/Marathi Mix,Nuclear
madarchod bhosdike madarchod chutiya,Hinglish,Nuclear
chut mein lund lund bhadwa,Hinglish,Nuclear
tuzya aaichi pucchi randi randi,Hinglish/Marathi Mix,Nuclear
bhadwa kutte ki aulad phad dunga,Hinglish,Nuclear
gand phatli bhenchod lund ki aulad,Hinglish/Marathi Mix,Nuclear
lawda maa ka bhosada mar,Hinglish,Nuclear
choos madarchod bhosdike phadke,Hinglish,Nuclear
phadke bhosdi wali phad dunga,Hinglish,Nuclear
phad dunga teri maa ki chut mar,Hinglish,Nuclear
phadke harami chutiya gaandu,Hinglish,Nuclear
choos madarchod bhosdike madarchod,Hinglish,Nuclear
behen ki chut hijda madarchod,Hinglish,Nuclear
pucchi khajvya phad dunga phadke,Hinglish/Marathi Mix,Nuclear
daal dunga chut mein lund lund,Hinglish,Nuclear
gand phatli bhenchod lund harami,Hinglish/Marathi Mix,Nuclear
behen ki chut daal dunga phad dunga,Hinglish,Nuclear
harami tuzya aaichi pucchi madarchod,Hinglish/Marathi Mix,Nuclear
daal dunga gaand phaad lund,Hinglish,Nuclear
madarchod randi ka lund lawda,Hinglish,Nuclear
bhosdike chut mein lund harami,Hinglish,Nuclear
behenchod randi gaandu chutiya,Hinglish,Nuclear
pucchi khajvya ki aulad choos,Hinglish/Marathi Mix,Nuclear
chutiya maa ka bhosada mar,Hinglish,Nuclear
lavde ka baal madarchod choos,Hinglish,Nuclear
mar harami chutiya harami,Hinglish,Nuclear
randi gand phatli bhenchod gaandu,Hinglish/Marathi Mix,Nuclear
chutiya kutte ki aulad phadke,Hinglish,Nuclear
madarchod randi ka lund mar,Hinglish,Nuclear
gaand phaad chutiya harami,Hinglish,Nuclear
ki aulad harami chutiya phadke,Hinglish,Nuclear
daal dunga randi ka lund choos,Hinglish,Nuclear
behen ki chut chutiya bhosdike,Hinglish,Nuclear
madarchod gand mar bhosdike,Hinglish,Nuclear
gand phatli bhenchod mar chutiya,Hinglish/Marathi Mix,Nuclear
choos lavde ka baal randi,Hinglish,Nuclear
daal dunga tuzya aaichi pucchi bhadwa,Hinglish/Marathi Mix,Nuclear
randi ka lund madarchod lund,Hinglish,Nuclear
phadke bhosdi wali hijda,Hinglish,Nuclear
ayica dana choos randi,Hinglish,Nuclear
pucchi khajvya bhadwa hijda,Hinglish/Marathi Mix,Nuclear
bhosdike lavde ka baal choos,Hinglish,Nuclear
harami chutiya lund bhosdike,Hinglish,Nuclear
gaand phaad bhosdike phad dunga,Hinglish,Nuclear
lawda lavde ka baal daal dunga,Hinglish,Nuclear
madarchod behen ki chut randi,Hinglish,Nuclear
hijda aai chi gand hijda,Hinglish/Marathi Mix,Nuclear
aai chi gand bhadwa bhadwa,Hinglish/Marathi Mix,Nuclear
tuzya aaicha foda lawda phad dunga,Hinglish/Marathi Mix,Nuclear
tuzya aaicha foda harami mar,Hinglish/Marathi Mix,Nuclear
gaandu harami mar daal dunga,Hinglish,Nuclear
choos randi ka lund choos,Hinglish,Nuclear
behenchod randi chutiya phad dunga,Hinglish,Nuclear
bhosdi wali harami hijda,Hinglish,Nuclear
tuzya aaichi pucchi daal dunga bhosdike,Hinglish/Marathi Mix,Nuclear
tujha aila kutryawani phadke ki aulad,Hinglish,Nuclear
teri maa ki chut randi lawda,Hinglish,Nuclear
behen ki chut mar gaandu,Hinglish,Nuclear
phadke madarchod bhosdike lund,Hinglish,Nuclear
gand phatli bhenchod lund hijda,Hinglish/Marathi Mix,Nuclear
harami chutiya madarchod lund,Hinglish,Nuclear
harami chutiya madarchod mar,Hinglish,Nuclear
lawda harami chutiya randi,Hinglish,Nuclear
gaandu chut mein lund ki aulad,Hinglish,Nuclear
ayica dana chutiya bhadwa,Hinglish,Nuclear
maa ka bhosada gaandu bhosdike,Hinglish,Nuclear
phad dunga bhosdi wali gaandu,Hinglish,Nuclear
gaand phaad lawda lawda,Hinglish,Nuclear
zavadya madarchod hijda randi,Hinglish,Nuclear
tujha aila kutryawani phad dunga lund,Hinglish,Nuclear
daal dunga lavde ka baal hijda,Hinglish,Nuclear
lawda maa ka bhosada daal dunga,Hinglish,Nuclear
lavda choos chutiya randi,Hinglish,Nuclear
tuzya aaichi pucchi bhosdike lawda,Hinglish/Marathi Mix,Nuclear
randi tuzya aaichi pucchi lund,Hinglish/Marathi Mix,Nuclear
tuzya aaichi pucchi phadke gaandu,Hinglish/Marathi Mix,Nuclear
gaandu harami mar lawda,Hinglish,Nuclear
bhosdi wali hijda phadke,Hinglish,Nuclear
madarchod bhosdike phad dunga lund,Hinglish,Nuclear
behenchod randi phad dunga randi,Hinglish,Nuclear
gand phatli bhenchod ki aulad lund,Hinglish/Marathi Mix,Nuclear
mar behen ki chut phad dunga,Hinglish,Nuclear
randi lavda choos phadke,Hinglish,Nuclear
maa ka bhosada bhosdike lawda,Hinglish,Nuclear
lavde ka baal madarchod bhadwa,Hinglish,Nuclear
lund teri maa ki chut madarchod,Hinglish,Nuclear
aai chi gand madarchod bhosdike,Hinglish/Marathi Mix,Nuclear
lund maa ka bhosada mar,Hinglish,Nuclear
ki aulad teri maa ki chut chutiya,Hinglish,Nuclear
bhosdi wali phad dunga bhadwa,Hinglish,Nuclear
teri maa ki chut randi lund,Hinglish,Nuclear
mar teri maa ki chut bhadwa,Hinglish,Nuclear
choos pucchi khajvya ki aulad,Hinglish/Marathi Mix,Nuclear
randi ka lund lawda gaandu,Hinglish,Nuclear
bhosdike gand phatli bhenchod phadke,Hinglish/Marathi Mix,Nuclear
lawda gaand phaad hijda,Hinglish,Nuclear
tuzya aaichi pucchi bhadwa chutiya,Hinglish/Marathi Mix,Nuclear
lund behen ki chut madarchod,Hinglish,Nuclear
gaandu lavda choos choos,Hinglish,Nuclear
choos aai chi gand lawda,Hinglish/Marathi Mix,Nuclear
tuzya aaicha foda hijda hijda,Hinglish/Marathi Mix,Nuclear
hijda bhosdi wali lawda,Hinglish,Nuclear
bhadwa lavde ka baal hijda,Hinglish,Nuclear
phad dunga randi ka lund phad dunga,Hinglish,Nuclear
choos gaand phaad daal dunga,Hinglish,Nuclear
madarchod gand mar lund,Hinglish,Nuclear
gand phatli bhenchod harami mar,Hinglish/Marathi Mix,Nuclear
mar bhosdi wali gaandu,Hinglish,Nuclear
lawda teri maa ki chut choos,Hinglish,Nuclear
ki aulad gaand phaad daal dunga,Hinglish,Nuclear
randi ka lund gaandu phadke,Hinglish,Nuclear
randi aai chi gand phad dunga,Hinglish/Marathi Mix,Nuclear
bhosdi wali harami lund,Hinglish,Nuclear
bhadwa behenchod randi hijda,Hinglish,Nuclear
aai chi gand phadke chutiya,Hinglish/Marathi Mix,Nuclear
choos harami chutiya lawda,Hinglish,Nuclear
gaandu lavde ka baal madarchod,Hinglish,Nuclear
tujha aila kutryawani bhosdike randi,Hinglish,Nuclear
randi ka lund hijda ki aulad,Hinglish,Nuclear
chut mein lund daal dunga harami,Hinglish,Nuclear
behen ki chut phadke randi,Hinglish,Nuclear
bhadwa ayica dana phadke,Hinglish,Nuclear
daal dunga gand mar ki aulad,Hinglish,Nuclear
madarchod bhosdi wali choos,Hinglish,Nuclear
hijda tuzya aaichi pucchi phadke,Hinglish/Marathi Mix,Nuclear
gand mar hijda gaandu,Hinglish,Nuclear
tuzya aaicha foda phad dunga hijda,Hinglish/Marathi Mix,Nuclear
tuzya aaichi pucchi randi ki aulad,Hinglish/Marathi Mix,Nuclear
bhadwa tuzya aaichi pucchi gaandu,Hinglish/Marathi Mix,Nuclear
bhosdi wali lund lawda,Hinglish,Nuclear
behenchod randi daal dunga choos,Hinglish,Nuclear
choos gaandu harami daal dunga,Hinglish,Nuclear
lawda kutte ki aulad daal dunga,Hinglish,Nuclear
pucchi khajvya phadke phadke,Hinglish/Marathi Mix,Nuclear
behenchod randi phadke phad dunga,Hinglish,Nuclear
hijda tuzya aaicha foda phad dunga,Hinglish/Marathi Mix,Nuclear
tuzya aaichi pucchi hijda mar,Hinglish/Marathi Mix,Nuclear
gaandu harami randi bhadwa,Hinglish,Nuclear
bhosdike tuzya aaicha foda randi,Hinglish/Marathi Mix,Nuclear
lawda madarchod bhosdike phadke,Hinglish,Nuclear
phadke randi ka lund mar,Hinglish,Nuclear
chut mein lund ki aulad choos,Hinglish,Nuclear
ki aulad maa ka bhosada gaandu,Hinglish,Nuclear
harami chutiya lund lawda,Hinglish,Nuclear
chut mein lund bhadwa choos,Hinglish,Nuclear
phad dunga behenchod randi lawda,Hinglish,Nuclear
behenchod randi phad dunga daal dunga,Hinglish,Nuclear
bhadwa gand mar madarchod,Hinglish,Nuclear
zavadya madarchod mar daal dunga,Hinglish,Nuclear
kutte ki aulad hijda bhosdike,Hinglish,Nuclear
phadke gaandu harami bhadwa,Hinglish,Nuclear
bhadwa lavde ka baal phad dunga,Hinglish,Nuclear
bhosdike randi ka lund bhadwa,Hinglish,Nuclear
lavde ka baal hijda bhadwa,Hinglish,Nuclear
bhosdike harami chutiya gaandu,Hinglish,Nuclear
phadke gaandu harami ki aulad,Hinglish,Nuclear
kutte ki aulad bhadwa mar,Hinglish,Nuclear
daal dunga behenchod randi ki aulad,Hinglish,Nuclear
choos lavda choos lund,Hinglish,Nuclear
lavda choos lund gaandu,Hinglish,Nuclear
daal dunga gand mar madarchod,Hinglish,Nuclear
gaand phaad chutiya bhosdike,Hinglish,Nuclear
lawda tuzya aaichi pucchi harami,Hinglish/Marathi Mix,Nuclear
choos behen ki chut daal dunga,Hinglish,Nuclear
gaandu gand mar hijda,Hinglish,Nuclear
phadke zavadya madarchod harami,Hinglish,Nuclear
lavda choos ki aulad phadke,Hinglish,Nuclear
bhosdike gand mar gaandu,Hinglish,Nuclear
kutte ki aulad madarchod phadke,Hinglish,Nuclear
chut mein lund lawda daal dunga,Hinglish,Nuclear
bhosdi wali hijda chutiya,Hinglish,Nuclear
pucchi khajvya choos chutiya,Hinglish/Marathi Mix,Nuclear
mar madarchod bhosdike phadke,Hinglish,Nuclear
ayica dana bhadwa bhadwa,Hinglish,Nuclear
chutiya gaandu harami lawda,Hinglish,Nuclear
chutiya madarchod bhosdike madarchod,Hinglish,Nuclear
tuzya aaicha foda harami bhadwa,Hinglish/Marathi Mix,Nuclear
aai chi gand lawda chutiya,Hinglish/Marathi Mix,Nuclear
lavde ka baal phad dunga hijda,Hinglish,Nuclear
chutiya harami chutiya lund,Hinglish,Nuclear
daal dunga maa ka bhosada phadke,Hinglish,Nuclear
lawda behen ki chut choos,Hinglish,Nuclear
hijda harami chutiya phadke,Hinglish,Nuclear
hijda gaandu harami lund,Hinglish,Nuclear
harami pucchi khajvya bhosdike,Hinglish/Marathi Mix,Nuclear
madarchod chut mein lund phadke,Hinglish,Nuclear
bhosdi wali daal dunga choos,Hinglish,Nuclear
maa ka bhosada chutiya madarchod,Hinglish,Nuclear
madarchod bhosdike choos mar,Hinglish,Nuclear
tuzya aaicha foda bhadwa bhadwa,Hinglish/Marathi Mix,Nuclear
choos maa ka bhosada phadke,Hinglish,Nuclear
choos tuzya aaicha foda chutiya,Hinglish/Marathi Mix,Nuclear
ki aulad tujha aila kutryawani phad dunga,Hinglish,Nuclear
choos tuzya aaichi pucchi randi,Hinglish/Marathi Mix,Nuclear
chut mein lund phadke phad dunga,Hinglish,Nuclear
bhadwa gand mar lawda,Hinglish,Nuclear
hijda harami chutiya phad dunga,Hinglish,Nuclear
phad dunga tujha aila kutryawani gaandu,Hinglish,Nuclear
bhadwa bhosdi wali bhosdike,Hinglish,Nuclear
lawda gand phatli bhenchod harami,Hinglish/Marathi Mix,Nuclear
gaandu harami phad dunga daal dunga,Hinglish,Nuclear
gand phatli bhenchod daal dunga harami,Hinglish/Marathi Mix,Nuclear
hijda tuzya aaichi pucchi ki aulad,Hinglish/Marathi Mix,Nuclear
gand mar lawda lund,Hinglish,Nuclear
tujha aila kutryawani choos phadke,Hinglish,Nuclear
behen ki chut randi lund,Hinglish,Nuclear
maa ka bhosada harami madarchod,Hinglish,Nuclear
lavde ka baal hijda phad dunga,Hinglish,Nuclear
daal dunga tuzya aaichi pucchi randi,Hinglish/Marathi Mix,Nuclear
tuzya aaicha foda daal dunga bhadwa,Hinglish/Marathi Mix,Nuclear
kutte ki aulad gaandu phadke,Hinglish,Nuclear
bhosdike lavde ka baal phad dunga,Hinglish,Nuclear
lavda choos lawda harami,Hinglish,Nuclear
bhosdi wali gaandu chutiya,Hinglish,Nuclear
ayica dana randi phadke,Hinglish,Nuclear
lavde ka baal bhadwa harami,Hinglish,Nuclear
lund behen ki chut mar,Hinglish,Nuclear
pucchi khajvya randi mar,Hinglish/Marathi Mix,Nuclear
harami pucchi khajvya lund,Hinglish/Marathi Mix,Nuclear
pucchi khajvya harami harami,Hinglish/Marathi Mix,Nuclear
zavadya madarchod ki aulad chutiya,Hinglish,Nuclear
harami chutiya choos ki aulad,Hinglish,Nuclear
tuzya aaichi pucchi choos daal dunga,Hinglish/Marathi Mix,Nuclear
aai chi gand gaandu phad dunga,Hinglish/Marathi Mix,Nuclear
gaand phaad chutiya lawda,Hinglish,Nuclear
tujha aila kutryawani lawda daal dunga,Hinglish,Nuclear
ki aulad pucchi khajvya lawda,Hinglish/Marathi Mix,Nuclear
choos gaandu harami bhosdike,Hinglish,Nuclear
lawda gaandu harami choos,Hinglish,Nuclear
behenchod randi bhadwa randi,Hinglish,Nuclear
gand phatli bhenchod randi gaandu,Hinglish/Marathi Mix,Nuclear
aai chi gand lawda mar,Hinglish/Marathi Mix,Nuclear
hijda aai chi gand madarchod,Hinglish/Marathi Mix,Nuclear
harami chutiya phad dunga bhadwa,Hinglish,Nuclear
tuzya aaicha foda mar choos,Hinglish/Marathi Mix,Nuclear
aai chi gand chutiya daal dunga,Hinglish/Marathi Mix,Nuclear
hijda teri maa ki chut randi,Hinglish,Nuclear
gand phatli bhenchod bhadwa bhadwa,Hinglish/Marathi Mix,Nuclear
madarchod bhosdike lund phad dunga,Hinglish,Nuclear
kutte ki aulad daal dunga harami,Hinglish,Nuclear
gand mar phadke madarchod,Hinglish,Nuclear
ki aulad kutte ki aulad bhosdike,Hinglish,Nuclear
bhosdi wali phadke bhadwa,Hinglish,Nuclear
lavda choos gaandu lawda,Hinglish,Nuclear
chutiya behenchod randi bhadwa,Hinglish,Nuclear
lavde ka baal hijda lawda,Hinglish,Nuclear
gaandu pucchi khajvya daal dunga,Hinglish/Marathi Mix,Nuclear
phadke bhosdi wali madarchod,Hinglish,Nuclear
zavadya madarchod choos hijda,Hinglish,Nuclear
lavde ka baal randi bhadwa,Hinglish,Nuclear
chut mein lund mar ki aulad,Hinglish,Nuclear
lavde ka baal lund randi,Hinglish,Nuclear
tuzya aaichi pucchi mar chutiya,Hinglish/Marathi Mix,Nuclear
pucchi khajvya bhadwa phad dunga,Hinglish/Marathi Mix,Nuclear
teri maa ki chut randi choos,Hinglish,Nuclear
mar tuzya aaicha foda randi,Hinglish/Marathi Mix,Nuclear
chutiya gand phatli bhenchod mar,Hinglish/Marathi Mix,Nuclear
mar teri maa ki chut choos,Hinglish,Nuclear
teri maa ki chut lawda choos,Hinglish,Nuclear
madarchod gaand phaad gaandu,Hinglish,Nuclear
maa ka bhosada randi ki aulad,Hinglish,Nuclear
pucchi khajvya bhadwa chutiya,Hinglish/Marathi Mix,Nuclear
gand phatli bhenchod mar harami,Hinglish/Marathi Mix,Nuclear
madarchod bhosdike ki aulad lawda,Hinglish,Nuclear
behenchod randi harami phad dunga,Hinglish,Nuclear
ayica dana lund phadke,Hinglish,Nuclear
tuzya aaichi pucchi daal dunga madarchod,Hinglish/Marathi Mix,Nuclear
daal dunga gand mar bhosdike,Hinglish,Nuclear
pucchi khajvya chutiya lawda,Hinglish/Marathi Mix,Nuclear
daal dunga tuzya aaichi pucchi daal dunga,Hinglish/Marathi Mix,Nuclear
gaand phaad harami bhosdike,Hinglish,Nuclear
mar behenchod randi harami,Hinglish,Nuclear
tuzya aaichi pucchi gaandu ki aulad,Hinglish/Marathi Mix,Nuclear
harami gand mar madarchod,Hinglish,Nuclear
ki aulad gand mar bhadwa,Hinglish,Nuclear
tujha aila kutryawani hijda choos,Hinglish,Nuclear
gaand phaad mar randi,Hinglish,Nuclear
gand phatli bhenchod harami lawda,Hinglish/Marathi Mix,Nuclear
ayica dana randi lawda,Hinglish,Nuclear
madarchod lavda choos lawda,Hinglish,Nuclear
choos bhosdi wali chutiya,Hinglish,Nuclear
aai chi gand hijda harami,Hinglish/Marathi Mix,Nuclear
behenchod randi mar hijda,Hinglish,Nuclear
phadke bhosdi wali harami,Hinglish,Nuclear
hijda bhosdi wali daal dunga,Hinglish,Nuclear
gand phatli bhenchod choos choos,Hinglish/Marathi Mix,Nuclear
gaandu harami bhosdike bhosdike,Hinglish,Nuclear
lavda choos gaandu chutiya,Hinglish,Nuclear
lavde ka baal ki aulad ki aulad,Hinglish,Nuclear
zavadya madarchod gaandu bhosdike,Hinglish,Nuclear
tuzya aaicha foda phadke madarchod,Hinglish/Marathi Mix,Nuclear
behenchod randi phadke gaandu,Hinglish,Nuclear
behen ki chut lund phadke,Hinglish,Nuclear
lavda choos lawda chutiya,Hinglish,Nuclear
gaandu harami ki aulad ki aulad,Hinglish,Nuclear
kutte ki aulad mar choos,Hinglish,Nuclear
bhosdi wali harami choos,Hinglish,Nuclear
ki aulad gand mar choos,Hinglish,Nuclear
chutiya behen ki chut bhadwa,Hinglish,Nuclear
ki aulad madarchod bhosdike randi,Hinglish,Nuclear
hijda bhosdi wali phadke,Hinglish,Nuclear
gand mar daal dunga phad dunga,Hinglish,Nuclear
harami lavde ka baal lawda,Hinglish,Nuclear
madarchod gand phatli bhenchod daal dunga,Hinglish/Marathi Mix,Nuclear
madarchod bhosdi wali bhosdike,Hinglish,Nuclear
phadke zavadya madarchod gaandu,Hinglish,Nuclear
maa ka bhosada lund phad dunga,Hinglish,Nuclear
madarchod aai chi gand lawda,Hinglish/Marathi Mix,Nuclear
tujha aila kutryawani randi bhadwa,Hinglish,Nuclear
chut mein lund harami gaandu,Hinglish,Nuclear
phadke chut mein lund harami,Hinglish,Nuclear
chut mein lund madarchod randi,Hinglish,Nuclear
mar tuzya aaicha foda daal dunga,Hinglish/Marathi Mix,Nuclear
phadke lavda choos bhosdike,Hinglish,Nuclear
chut mein lund phadke phadke,Hinglish,Nuclear
bhadwa lavda choos hijda,Hinglish,Nuclear
tuzya aaichi pucchi phadke lawda,Hinglish/Marathi Mix,Nuclear
gand phatli bhenchod daal dunga daal dunga,Hinglish/Marathi Mix,Nuclear
madarchod gaand phaad harami,Hinglish,Nuclear
gand mar bhadwa lawda,Hinglish,Nuclear
lund gand phatli bhenchod lawda,Hinglish/Marathi Mix,Nuclear
kutte ki aulad lund bhadwa,Hinglish,Nuclear
lawda tuzya aaicha foda choos,Hinglish/Marathi Mix,Nuclear
choos harami chutiya harami,Hinglish,Nuclear
kutte ki aulad gaandu lawda,Hinglish,Nuclear
kutte ki aulad daal dunga lawda,Hinglish,Nuclear
bhosdi wali phadke madarchod,Hinglish,Nuclear
kutte ki aulad ki aulad ki aulad,Hinglish,Nuclear
chut mein lund choos hijda,Hinglish,Nuclear
harami maa ka bhosada harami,Hinglish,Nuclear
bhosdike gand phatli bhenchod madarchod,Hinglish/Marathi Mix,Nuclear
chutiya behenchod randi gaandu,Hinglish,Nuclear
gaandu pucchi khajvya bhosdike,Hinglish/Marathi Mix,Nuclear
gaandu bhosdi wali choos,Hinglish,Nuclear
choos harami chutiya bhosdike,Hinglish,Nuclear
gaand phaad ki aulad bhadwa,Hinglish,Nuclear
gaandu harami daal dunga chutiya,Hinglish,Nuclear
gand mar madarchod phad dunga,Hinglish,Nuclear
bhadwa harami chutiya phad dunga,Hinglish,Nuclear
gaandu chut mein lund phad dunga,Hinglish,Nuclear
pucchi khajvya harami daal dunga,Hinglish/Marathi Mix,Nuclear
kutte ki aulad choos choos,Hinglish,Nuclear
bhosdike gaand phaad chutiya,Hinglish,Nuclear
gaand phaad choos bhadwa,Hinglish,Nuclear
phadke pucchi khajvya harami,Hinglish/Marathi Mix,Nuclear
chut mein lund lund mar,Hinglish,Nuclear
bhosdike pucchi khajvya phadke,Hinglish/Marathi Mix,Nuclear
tuzya aaicha foda phad dunga mar,Hinglish/Marathi Mix,Nuclear
behenchod randi choos chutiya,Hinglish,Nuclear
behen ki chut ki aulad lund,Hinglish,Nuclear
bhosdike behen ki chut lund,Hinglish,Nuclear
lund tuzya aaichi pucchi lund,Hinglish/Marathi Mix,Nuclear
bhadwa gaandu harami harami,Hinglish,Nuclear
harami tujha aila kutryawani madarchod,Hinglish,Nuclear
ki aulad pucchi khajvya bhadwa,Hinglish/Marathi Mix,Nuclear
tuzya aaicha foda chutiya harami,Hinglish/Marathi Mix,Nuclear
bhadwa kutte ki aulad bhosdike,Hinglish,Nuclear
maa ka bhosada chutiya lawda,Hinglish,Nuclear
teri maa ki chut hijda harami,Hinglish,Nuclear
teri maa ki chut daal dunga bhadwa,Hinglish,Nuclear
daal dunga gaand phaad phadke,Hinglish,Nuclear
kutte ki aulad hijda lawda,Hinglish,Nuclear
randi behenchod randi randi,Hinglish,Nuclear
daal dunga gand mar lawda,Hinglish,Nuclear
tuzya aaichi pucchi hijda lund,Hinglish/Marathi Mix,Nuclear
tuzya aaicha foda lund phad dunga,Hinglish/Marathi Mix,Nuclear
madarchod ayica dana bhosdike,Hinglish,Nuclear
lavde ka baal mar gaandu,Hinglish,Nuclear
gand mar hijda mar,Hinglish,Nuclear
pucchi khajvya choos phad dunga,Hinglish/Marathi Mix,Nuclear
tuzya aaichi pucchi randi hijda,Hinglish/Marathi Mix,Nuclear
randi ka lund ki aulad gaandu,Hinglish,Nuclear
ayica dana harami bhosdike,Hinglish,Nuclear
pucchi khajvya madarchod lund,Hinglish/Marathi Mix,Nuclear
bhosdike chut mein lund ki aulad,Hinglish,Nuclear
madarchod bhosdike bhosdike choos,Hinglish,Nuclear
maa ka bhosada randi harami,Hinglish,Nuclear
gand mar mar phad dunga,Hinglish,Nuclear
maa ka bhosada hijda harami,Hinglish,Nuclear
gaandu behenchod randi chutiya,Hinglish,Nuclear
gaandu behen ki chut ki aulad,Hinglish,Nuclear
gaandu harami hijda phadke,Hinglish,Nuclear
daal dunga gaand phaad bhadwa,Hinglish,Nuclear
hijda gand phatli bhenchod ki aulad,Hinglish/Marathi Mix,Nuclear
tuzya aaicha foda mar randi,Hinglish/Marathi Mix,Nuclear
lund tujha aila kutryawani daal dunga,Hinglish,Nuclear
chutiya gaandu harami madarchod,Hinglish,Nuclear
behen ki chut randi gaandu,Hinglish,Nuclear
pucchi khajvya randi bhadwa,Hinglish/Marathi Mix,Nuclear
harami chutiya harami mar,Hinglish,Nuclear
phad dunga tuzya aaicha foda madarchod,Hinglish/Marathi Mix,Nuclear
daal dunga gaand phaad daal dunga,Hinglish,Nuclear
kutte ki aulad choos randi,Hinglish,Nuclear
bhadwa behenchod randi phad dunga,Hinglish,Nuclear
bhosdike randi ka lund choos,Hinglish,Nuclear
phadke pucchi khajvya ki aulad,Hinglish/Marathi Mix,Nuclear
harami chutiya randi mar,Hinglish,Nuclear
behenchod randi bhadwa chutiya,Hinglish,Nuclear
mar zavadya madarchod lund,Hinglish,Nuclear
phad dunga kutte ki aulad bhadwa,Hinglish,Nuclear
gaandu harami phadke bhadwa,Hinglish,Nuclear
phadke teri maa ki chut madarchod,Hinglish,Nuclear
gaand phaad randi gaandu,Hinglish,Nuclear
bhosdike behen ki chut ki aulad,Hinglish,Nuclear
choos pucchi khajvya lund,Hinglish/Marathi Mix,Nuclear
ayica dana phadke daal dunga,Hinglish,Nuclear
gaandu harami madarchod bhadwa,Hinglish,Nuclear
behenchod randi lawda madarchod,Hinglish,Nuclear
choos behenchod randi madarchod,Hinglish,Nuclear
chut mein lund chutiya choos,Hinglish,Nuclear
tuzya aaichi pucchi phad dunga lund,Hinglish/Marathi Mix,Nuclear
ayica dana phad dunga daal dunga,Hinglish,Nuclear
behenchod randi hijda lund,Hinglish,Nuclear
teri maa ki chut madarchod gaandu,Hinglish,Nuclear
phadke madarchod bhosdike harami,Hinglish,Nuclear
choos tuzya aaichi pucchi lawda,Hinglish/Marathi Mix,Nuclear
chutiya chut mein lund bhosdike,Hinglish,Nuclear
madarchod zavadya madarchod madarchod,Hinglish,Nuclear
teri maa ki chut chutiya harami,Hinglish,Nuclear
chutiya pucchi khajvya phadke,Hinglish/Marathi Mix,Nuclear
harami gaand phaad lund,Hinglish,Nuclear
phad dunga kutte ki aulad chutiya,Hinglish,Nuclear
daal dunga aai chi gand lund,Hinglish/Marathi Mix,Nuclear
pucchi khajvya gaandu choos,Hinglish/Marathi Mix,Nuclear
daal dunga gand phatli bhenchod daal dunga,Hinglish/Marathi Mix,Nuclear
randi ka lund madarchod madarchod,Hinglish,Nuclear
randi ka lund mar mar,Hinglish,Nuclear
bhadwa harami chutiya bhosdike,Hinglish,Nuclear
zavadya madarchod ki aulad phadke,Hinglish,Nuclear
choos lavde ka baal harami,Hinglish,Nuclear
teri maa ki chut hijda bhosdike,Hinglish,Nuclear
phad dunga tuzya aaicha foda phad dunga,Hinglish/Marathi Mix,Nuclear
phadke tuzya aaichi pucchi hijda,Hinglish/Marathi Mix,Nuclear
randi behen ki chut gaandu,Hinglish,Nuclear
mar behenchod randi madarchod,Hinglish,Nuclear
ki aulad maa ka bhosada ki aulad,Hinglish,Nuclear
maa ka bhosada ki aulad harami,Hinglish,Nuclear
lavde ka baal mar bhosdike,Hinglish,Nuclear
tujha aila kutryawani lawda choos,Hinglish,Nuclear
ki aulad teri maa ki chut daal dunga,Hinglish,Nuclear
bhadwa chut mein lund gaandu,Hinglish,Nuclear
phad dunga harami chutiya hijda,Hinglish,Nuclear
tuzya aaichi pucchi hijda choos,Hinglish/Marathi Mix,Nuclear
choos chut mein lund chutiya,Hinglish,Nuclear
gand phatli bhenchod phadke chutiya,Hinglish/Marathi Mix,Nuclear
chutiya harami chutiya ki aulad,Hinglish,Nuclear
ki aulad harami chutiya choos,Hinglish,Nuclear
choos bhosdi wali hijda,Hinglish,Nuclear
tuzya aaicha foda bhosdike daal dunga,Hinglish/Marathi Mix,Nuclear
maa ka bhosada mar bhosdike,Hinglish,Nuclear
gaandu randi ka lund bhadwa,Hinglish,Nuclear
daal dunga pucchi khajvya bhosdike,Hinglish/Marathi Mix,Nuclear
pucchi khajvya lawda hijda,Hinglish/Marathi Mix,Nuclear
lawda behen ki chut mar,Hinglish,Nuclear
choos tuzya aaichi pucchi choos,Hinglish/Marathi Mix,Nuclear
aai chi gand choos chutiya,Hinglish/Marathi Mix,Nuclear
bhosdike tujha aila kutryawani gaandu,Hinglish,Nuclear
randi ka lund harami phad dunga,Hinglish,Nuclear
gand phatli bhenchod bhadwa gaandu,Hinglish/Marathi Mix,Nuclear
chut mein lund choos phadke,Hinglish,Nuclear
lawda tuzya aaicha foda chutiya,Hinglish/Marathi Mix,Nuclear
lund tujha aila kutryawani bhadwa,Hinglish,Nuclear
aai chi gand lund madarchod,Hinglish/Marathi Mix,Nuclear
lund madarchod bhosdike ki aulad,Hinglish,Nuclear
choos gand mar bhosdike,Hinglish,Nuclear
lund randi ka lund lawda,Hinglish,Nuclear
lavde ka baal mar mar,Hinglish,Nuclear
randi gand mar phadke,Hinglish,Nuclear
bhadwa gand mar harami,Hinglish,Nuclear
kutte ki aulad lawda mar,Hinglish,Nuclear
lavde ka baal lawda lund,Hinglish,Nuclear
chut mein lund ki aulad lawda,Hinglish,Nuclear
chutiya lavda choos lund,Hinglish,Nuclear
bhosdi wali harami phad dunga,Hinglish,Nuclear
madarchod tuzya aaichi pucchi ki aulad,Hinglish/Marathi Mix,Nuclear
randi ka lund daal dunga harami,Hinglish,Nuclear
phadke tuzya aaichi pucchi harami,Hinglish/Marathi Mix,Nuclear
lund kutte ki aulad bhosdike,Hinglish,Nuclear
choos tuzya aaichi pucchi phad dunga,Hinglish/Marathi Mix,Nuclear
lawda zavadya madarchod choos,Hinglish,Nuclear
lavde ka baal bhadwa lund,Hinglish,Nuclear
bhosdi wali lund choos,Hinglish,Nuclear
lavde ka baal phad dunga lund,Hinglish,Nuclear
harami lavda choos choos,Hinglish,Nuclear
choos behenchod randi ki aulad,Hinglish,Nuclear
gaandu tujha aila kutryawani lund,Hinglish,Nuclear
tujha aila kutryawani madarchod mar,Hinglish,Nuclear
gaandu bhosdi wali lawda,Hinglish,Nuclear
bhosdi wali phad dunga hijda,Hinglish,Nuclear
lawda gand mar harami,Hinglish,Nuclear
gaandu lavda choos chutiya,Hinglish,Nuclear
bhadwa ayica dana ki aulad,Hinglish,Nuclear
harami chutiya lund chutiya,Hinglish,Nuclear
tuzya aaichi pucchi daal dunga lawda,Hinglish/Marathi Mix,Nuclear
gaandu harami daal dunga phadke,Hinglish,Nuclear
mar pucchi khajvya choos,Hinglish/Marathi Mix,Nuclear
madarchod bhosdike daal dunga phadke,Hinglish,Nuclear
bhosdi wali mar bhosdike,Hinglish,Nuclear
harami chutiya phad dunga randi,Hinglish,Nuclear
pucchi khajvya harami ki aulad,Hinglish/Marathi Mix,Nuclear
gand phatli bhenchod ki aulad randi,Hinglish/Marathi Mix,Nuclear
ayica dana hijda lund,Hinglish,Nuclear
gand phatli bhenchod lund lund,Hinglish/Marathi Mix,Nuclear
chutiya madarchod bhosdike harami,Hinglish,Nuclear
chut mein lund choos mar,Hinglish,Nuclear
chut mein lund phadke mar,Hinglish,Nuclear
behenchod randi madarchod gaandu,Hinglish,Nuclear
bhosdi wali bhadwa choos,Hinglish,Nuclear
gaand phaad choos chutiya,Hinglish,Nuclear
lawda zavadya madarchod gaandu,Hinglish,Nuclear
pucchi khajvya randi daal dunga,Hinglish/Marathi Mix,Nuclear
zavadya madarchod mar lawda,Hinglish,Nuclear
lund gand mar chutiya,Hinglish,Nuclear
bhosdike gand mar lawda,Hinglish,Nuclear
tuzya aaicha foda gaandu bhadwa,Hinglish/Marathi Mix,Nuclear
madarchod bhosdike choos harami,Hinglish,Nuclear
zavadya madarchod harami hijda,Hinglish,Nuclear
randi ayica dana bhosdike,Hinglish,Nuclear
gand phatli bhenchod daal dunga gaandu,Hinglish/Marathi Mix,Nuclear
ki aulad zavadya madarchod hijda,Hinglish,Nuclear
lawda lavde ka baal madarchod,Hinglish,Nuclear
gand phatli bhenchod chutiya madarchod,Hinglish/Marathi Mix,Nuclear
madarchod gand phatli bhenchod harami,Hinglish/Marathi Mix,Nuclear
zavadya madarchod phadke ki aulad,Hinglish,Nuclear
bhosdike ayica dana ki aulad,Hinglish,Nuclear
lavda choos bhadwa randi,Hinglish,Nuclear
mar maa ka bhosada harami,Hinglish,Nuclear
madarchod lavda choos bhadwa,Hinglish,Nuclear
randi behenchod randi bhadwa,Hinglish,Nuclear
maa ka bhosada phad dunga daal dunga,Hinglish,Nuclear
choos lavda choos chutiya,Hinglish,Nuclear
chutiya chut mein lund daal dunga,Hinglish,Nuclear
harami zavadya madarchod lund,Hinglish,Nuclear
bhadwa kutte ki aulad harami,Hinglish,Nuclear
ayica dana bhadwa hijda,Hinglish,Nuclear
daal dunga lavda choos ki aulad,Hinglish,Nuclear
lawda madarchod bhosdike randi,Hinglish,Nuclear
chutiya bhosdi wali daal dunga,Hinglish,Nuclear
bhadwa teri maa ki chut gaandu,Hinglish,Nuclear
lund behenchod randi harami,Hinglish,Nuclear
ki aulad behenchod randi lawda,Hinglish,Nuclear
lawda kutte ki aulad harami,Hinglish,Nuclear
tuzya aaicha foda madarchod chutiya,Hinglish/Marathi Mix,Nuclear
maa ka bhosada phadke choos,Hinglish,Nuclear
gand phatli bhenchod bhadwa phad dunga,Hinglish/Marathi Mix,Nuclear
phadke harami chutiya lawda,Hinglish,Nuclear
chut mein lund ki aulad randi,Hinglish,Nuclear
lavde ka baal hijda mar,Hinglish,Nuclear
madarchod bhosdike lund choos,Hinglish,Nuclear
phadke behen ki chut bhosdike,Hinglish,Nuclear
tuzya aaicha foda madarchod choos,Hinglish/Marathi Mix,Nuclear
chutiya zavadya madarchod mar,Hinglish,Nuclear
maa ka bhosada phadke phad dunga,Hinglish,Nuclear
bhosdike behen ki chut randi,Hinglish,Nuclear
behenchod randi bhosdike bhadwa,Hinglish,Nuclear
chut mein lund gaandu daal dunga,Hinglish,Nuclear
bhadwa madarchod bhosdike phadke,Hinglish,Nuclear
maa ka bhosada lund lawda,Hinglish,Nuclear
madarchod maa ka bhosada chutiya,Hinglish,Nuclear
ki aulad chut mein lund ki aulad,Hinglish,Nuclear
ayica dana gaandu daal dunga,Hinglish,Nuclear
madarchod bhosdike phadke madarchod,Hinglish,Nuclear
kutte ki aulad phadke lund,Hinglish,Nuclear
kutte ki aulad hijda madarchod,Hinglish,Nuclear
choos kutte ki aulad gaandu,Hinglish,Nuclear
bhosdike gaandu harami phad dunga,Hinglish,Nuclear
lavde ka baal bhadwa phadke,Hinglish,Nuclear
lund bhosdi wali mar,Hinglish,Nuclear
bhadwa gaand phaad hijda,Hinglish,Nuclear
ayica dana ki aulad randi,Hinglish,Nuclear
randi behen ki chut bhosdike,Hinglish,Nuclear
ayica dana phadke mar,Hinglish,Nuclear
maa ka bhosada phadke daal dunga,Hinglish,Nuclear
harami lavde ka baal harami,Hinglish,Nuclear
gaandu harami randi ki aulad,Hinglish,Nuclear
gand mar hijda bhadwa,Hinglish,Nuclear
gand phatli bhenchod ki aulad harami,Hinglish/Marathi Mix,Nuclear
bhosdike lavde ka baal mar,Hinglish,Nuclear
gaand phaad lund bhadwa,Hinglish,Nuclear
gaand phaad gaandu ki aulad,Hinglish,Nuclear
maa ka bhosada chutiya phadke,Hinglish,Nuclear
lawda tujha aila kutryawani daal dunga,Hinglish,Nuclear
gaandu pucchi khajvya bhadwa,Hinglish/Marathi Mix,Nuclear
harami chutiya randi daal dunga,Hinglish,Nuclear
hijda chut mein lund gaandu,Hinglish,Nuclear
maa ka bhosada bhosdike chutiya,Hinglish,Nuclear
chut mein lund lawda hijda,Hinglish,Nuclear
lund aai chi gand lund,Hinglish/Marathi Mix,Nuclear
lund kutte ki aulad phadke,Hinglish,Nuclear
lund ayica dana phadke,Hinglish,Nuclear
teri maa ki chut randi gaandu,Hinglish,Nuclear
gand mar randi chutiya,Hinglish,Nuclear
teri maa ki chut chutiya choos,Hinglish,Nuclear
phadke zavadya madarchod lawda,Hinglish,Nuclear
hijda gand mar phad dunga,Hinglish,Nuclear
hijda aai chi gand gaandu,Hinglish/Marathi Mix,Nuclear
lund gaand phaad madarchod,Hinglish,Nuclear
lund behen ki chut hijda,Hinglish,Nuclear
ki aulad lavde ka baal phad dunga,Hinglish,Nuclear
chut mein lund lawda madarchod,Hinglish,Nuclear
kutte ki aulad phad dunga gaandu,Hinglish,Nuclear
tuzya aaichi pucchi harami hijda,Hinglish/Marathi Mix,Nuclear
lund maa ka bhosada madarchod,Hinglish,Nuclear
madarchod gaand phaad daal dunga,Hinglish,Nuclear
tujha aila kutryawani hijda bhadwa,Hinglish,Nuclear
kutte ki aulad choos lawda,Hinglish,Nuclear
madarchod lavda choos choos,Hinglish,Nuclear
choos maa ka bhosada hijda,Hinglish,Nuclear
bhosdike tujha aila kutryawani hijda,Hinglish,Nuclear
randi ka lund harami lund,Hinglish,Nuclear
bhosdike gand phatli bhenchod bhadwa,Hinglish/Marathi Mix,Nuclear
kutte ki aulad phad dunga madarchod,Hinglish,Nuclear
madarchod bhosdike phad dunga bhosdike,Hinglish,Nuclear
bhosdike lavda choos phad dunga,Hinglish,Nuclear
aai chi gand lund chutiya,Hinglish/Marathi Mix,Nuclear
teri maa ki chut choos mar,Hinglish,Nuclear
phad dunga gand phatli bhenchod harami,Hinglish/Marathi Mix,Nuclear
madarchod tujha aila kutryawani phadke,Hinglish,Nuclear
tujha aila kutryawani chutiya hijda,Hinglish,Nuclear
tuzya aaicha foda bhosdike harami,Hinglish/Marathi Mix,Nuclear
lavde ka baal phadke lund,Hinglish,Nuclear
behen ki chut chutiya ki aulad,Hinglish,Nuclear
bhosdi wali chutiya phad dunga,Hinglish,Nuclear
aai chi gand choos ki aulad,Hinglish/Marathi Mix,Nuclear
madarchod bhosdike madarchod lawda,Hinglish,Nuclear
hijda behen ki chut bhadwa,Hinglish,Nuclear
harami chutiya phadke hijda,Hinglish,Nuclear
lawda teri maa ki chut phad dunga,Hinglish,Nuclear
aai chi gand mar randi,Hinglish/Marathi Mix,Nuclear
behenchod randi lawda lawda,Hinglish,Nuclear
teri maa ki chut madarchod randi,Hinglish,Nuclear
zavadya madarchod mar harami,Hinglish,Nuclear
choos tujha aila kutryawani harami,Hinglish,Nuclear
tujha aila kutryawani bhadwa gaandu,Hinglish,Nuclear
gaandu harami randi hijda,Hinglish,Nuclear
phad dunga kutte ki aulad mar,Hinglish,Nuclear
lawda ayica dana bhosdike,Hinglish,Nuclear
lawda maa ka bhosada phad dunga,Hinglish,Nuclear
maa ka bhosada gaandu phadke,Hinglish,Nuclear
hijda madarchod bhosdike daal dunga,Hinglish,Nuclear
chut mein lund mar madarchod,Hinglish,Nuclear
tujha aila kutryawani lund bhadwa,Hinglish,Nuclear
bhosdike lavde ka baal ki aulad,Hinglish,Nuclear
lavda choos daal dunga bhadwa,Hinglish,Nuclear
bhosdike tuzya aaichi pucchi bhosdike,Hinglish/Marathi Mix,Nuclear
randi chut mein lund choos,Hinglish,Nuclear
randi maa ka bhosada phadke,Hinglish,Nuclear
phad dunga teri maa ki chut daal dunga,Hinglish,Nuclear
bhosdi wali madarchod bhosdike,Hinglish,Nuclear
harami gaandu harami randi,Hinglish,Nuclear
hijda gand mar bhadwa,Hinglish,Nuclear
ki aulad madarchod bhosdike ki aulad,Hinglish,Nuclear
gaand phaad randi ki aulad,Hinglish,Nuclear
lavde ka baal hijda ki aulad,Hinglish,Nuclear
ki aulad teri maa ki chut madarchod,Hinglish,Nuclear
maa ka bhosada phadke lund,Hinglish,Nuclear
daal dunga chut mein lund harami,Hinglish,Nuclear
zavadya madarchod hijda phadke,Hinglish,Nuclear
madarchod bhosdike madarchod madarchod,Hinglish,Nuclear
harami chutiya chutiya phadke,Hinglish,Nuclear
madarchod bhosdike harami lund,Hinglish,Nuclear
phad dunga aai chi gand lawda,Hinglish/Marathi Mix,Nuclear
bhosdike pucchi khajvya madarchod,Hinglish/Marathi Mix,Nuclear
aai chi gand madarchod choos,Hinglish/Marathi Mix,Nuclear
mar maa ka bhosada chutiya,Hinglish,Nuclear
madarchod bhosdike harami randi,Hinglish,Nuclear
pucchi khajvya lawda lawda,Hinglish/Marathi Mix,Nuclear
daal dunga kutte ki aulad lawda,Hinglish,Nuclear
kutte ki aulad chutiya randi,Hinglish,Nuclear
gand mar phadke ki aulad,Hinglish,Nuclear
phadke maa ka bhosada madarchod,Hinglish,Nuclear
teri maa ki chut daal dunga mar,Hinglish,Nuclear
bhosdike tuzya aaicha foda mar,Hinglish/Marathi Mix,Nuclear
tujha aila kutryawani ki aulad lawda,Hinglish,Nuclear
kutte ki aulad ki aulad lawda,Hinglish,Nuclear
chutiya tujha aila kutryawani randi,Hinglish,Nuclear
tuzya aaicha foda gaandu hijda,Hinglish/Marathi Mix,Nuclear
behenchod randi randi madarchod,Hinglish,Nuclear
gaandu harami phad dunga phad dunga,Hinglish,Nuclear
pucchi khajvya harami chutiya,Hinglish/Marathi Mix,Nuclear
tuzya aaicha foda phadke mar,Hinglish/Marathi Mix,Nuclear
bhosdi wali mar bhadwa,Hinglish,Nuclear
maa ka bhosada ki aulad hijda,Hinglish,Nuclear
lavda choos mar harami,Hinglish,Nuclear
aai chi gand harami bhadwa,Hinglish/Marathi Mix,Nuclear
madarchod lavde ka baal phad dunga,Hinglish,Nuclear
bhosdike zavadya madarchod phad dunga,Hinglish,Nuclear
randi teri maa ki chut bhosdike,Hinglish,Nuclear
gand phatli bhenchod hijda chutiya,Hinglish/Marathi Mix,Nuclear
gaandu zavadya madarchod harami,Hinglish,Nuclear
daal dunga gand mar hijda,Hinglish,Nuclear
aai chi gand hijda daal dunga,Hinglish/Marathi Mix,Nuclear
behen ki chut bhadwa bhadwa,Hinglish,Nuclear
maa ka bhosada daal dunga bhosdike,Hinglish,Nuclear
lawda behenchod randi bhadwa,Hinglish,Nuclear
lawda maa ka bhosada madarchod,Hinglish,Nuclear
phadke tuzya aaicha foda madarchod,Hinglish/Marathi Mix,Nuclear
phadke pucchi khajvya choos,Hinglish/Marathi Mix,Nuclear
mar lavda choos mar,Hinglish,Nuclear
madarchod madarchod bhosdike phadke,Hinglish,Nuclear
ayica dana choos gaandu,Hinglish,Nuclear
bhadwa gand phatli bhenchod lund,Hinglish/Marathi Mix,Nuclear
hijda gaand phaad lund,Hinglish,Nuclear
phad dunga pucchi khajvya daal dunga,Hinglish/Marathi Mix,Nuclear
phad dunga gaandu harami daal dunga,Hinglish,Nuclear
ayica dana gaandu harami,Hinglish,Nuclear
lund zavadya madarchod mar,Hinglish,Nuclear
daal dunga pucchi khajvya choos,Hinglish/Marathi Mix,Nuclear
daal dunga gaandu harami choos,Hinglish,Nuclear
bhadwa chut mein lund chutiya,Hinglish,Nuclear
bhosdike tuzya aaichi pucchi bhadwa,Hinglish/Marathi Mix,Nuclear
lavde ka baal mar chutiya,Hinglish,Nuclear
lawda gaandu harami madarchod,Hinglish,Nuclear
gand phatli bhenchod lawda harami,Hinglish/Marathi Mix,Nuclear
tuzya aaicha foda harami daal dunga,Hinglish/Marathi Mix,Nuclear
gaandu harami bhadwa randi,Hinglish,Nuclear
behen ki chut mar daal dunga,Hinglish,Nuclear
ki aulad lavde ka baal hijda,Hinglish,Nuclear
gaandu harami choos lund,Hinglish,Nuclear
behen ki chut daal dunga phadke,Hinglish,Nuclear
choos gand phatli bhenchod phad dunga,Hinglish/Marathi Mix,Nuclear
maa ka bhosada choos lawda,Hinglish,Nuclear
maa ka bhosada lawda lund,Hinglish,Nuclear
pucchi khajvya mar madarchod,Hinglish/Marathi Mix,Nuclear
gand phatli bhenchod harami madarchod,Hinglish/Marathi Mix,Nuclear
tujha aila kutryawani phad dunga choos,Hinglish,Nuclear
lavda choos lawda madarchod,Hinglish,Nuclear
harami tuzya aaichi pucchi chutiya,Hinglish/Marathi Mix,Nuclear
daal dunga gand phatli bhenchod bhosdike,Hinglish/Marathi Mix,Nuclear
chut mein lund lund chutiya,Hinglish,Nuclear
lawda gand mar phad dunga,Hinglish,Nuclear
randi lavde ka baal phadke,Hinglish,Nuclear
bhadwa maa ka bhosada gaandu,Hinglish,Nuclear
gand phatli bhenchod phad dunga chutiya,Hinglish/Marathi Mix,Nuclear
pucchi khajvya hijda lund,Hinglish/Marathi Mix,Nuclear
randi ka lund bhadwa lund,Hinglish,Nuclear
gaandu harami bhadwa lawda,Hinglish,Nuclear
ki aulad behen ki chut choos,Hinglish,Nuclear
chut mein lund madarchod phad dunga,Hinglish,Nuclear
madarchod bhosdike lawda phad dunga,Hinglish,Nuclear
randi madarchod bhosdike daal dunga,Hinglish,Nuclear
pucchi khajvya ki aulad daal dunga,Hinglish/Marathi Mix,Nuclear
madarchod zavadya madarchod mar,Hinglish,Nuclear
hijda ayica dana lawda,Hinglish,Nuclear
maa ka bhosada lawda daal dunga,Hinglish,Nuclear
lawda ayica dana chutiya,Hinglish,Nuclear
lund madarchod bhosdike harami,Hinglish,Nuclear
daal dunga lavda choos randi,Hinglish,Nuclear
madarchod harami chutiya chutiya,Hinglish,Nuclear
mar maa ka bhosada gaandu,Hinglish,Nuclear
tuzya aaicha foda phad dunga randi,Hinglish/Marathi Mix,Nuclear
madarchod randi ka lund bhosdike,Hinglish,Nuclear
lawda chut mein lund phad dunga,Hinglish,Nuclear
randi randi ka lund phadke,Hinglish,Nuclear
lawda gand phatli bhenchod lawda,Hinglish/Marathi Mix,Nuclear
harami tuzya aaicha foda harami,Hinglish/Marathi Mix,Nuclear
gaand phaad chutiya hijda,Hinglish,Nuclear
hijda teri maa ki chut lund,Hinglish,Nuclear
bhadwa tuzya aaicha foda phadke,Hinglish/Marathi Mix,Nuclear
gaandu gaandu harami ki aulad,Hinglish,Nuclear
zavadya madarchod chutiya daal dunga,Hinglish,Nuclear
maa ka bhosada ki aulad phadke,Hinglish,Nuclear
hijda harami chutiya bhadwa,Hinglish,Nuclear
gand mar phadke phadke,Hinglish,Nuclear
gaandu harami daal dunga randi,Hinglish,Nuclear
bhosdike madarchod bhosdike lawda,Hinglish,Nuclear
madarchod behenchod randi bhadwa,Hinglish,Nuclear
phad dunga ayica dana madarchod,Hinglish,Nuclear
gaandu randi ka lund hijda,Hinglish,Nuclear
tujha aila kutryawani phadke madarchod,Hinglish,Nuclear
gaand phaad bhosdike phadke,Hinglish,Nuclear
gaand phaad harami lawda,Hinglish,Nuclear
gand phatli bhenchod mar choos,Hinglish/Marathi Mix,Nuclear
aai chi gand lawda gaandu,Hinglish/Marathi Mix,Nuclear
bhosdike tuzya aaicha foda lund,Hinglish/Marathi Mix,Nuclear
phad dunga aai chi gand bhadwa,Hinglish/Marathi Mix,Nuclear
zavadya madarchod hijda mar,Hinglish,Nuclear
chutiya zavadya madarchod daal dunga,Hinglish,Nuclear
chutiya tuzya aaicha foda harami,Hinglish/Marathi Mix,Nuclear
tuzya aaicha foda lund phadke,Hinglish/Marathi Mix,Nuclear
bhadwa gand mar chutiya,Hinglish,Nuclear
bhosdike tuzya aaicha foda bhosdike,Hinglish/Marathi Mix,Nuclear
phadke gaand phaad randi,Hinglish,Nuclear
pucchi khajvya chutiya daal dunga,Hinglish/Marathi Mix,Nuclear
lavde ka baal mar daal dunga,Hinglish,Nuclear
gaand phaad ki aulad gaandu,Hinglish,Nuclear
bhadwa madarchod bhosdike lawda,Hinglish,Nuclear
gaandu teri maa ki chut randi,Hinglish,Nuclear
phad dunga lavda choos madarchod,Hinglish,Nuclear
madarchod bhosdi wali gaandu,Hinglish,Nuclear
gand phatli bhenchod lund daal dunga,Hinglish/Marathi Mix,Nuclear
randi ka lund bhadwa randi,Hinglish,Nuclear
gaandu madarchod bhosdike phadke,Hinglish,Nuclear
bhosdike pucchi khajvya randi,Hinglish/Marathi Mix,Nuclear
gand mar hijda phadke,Hinglish,Nuclear
lund maa ka bhosada lund,Hinglish,Nuclear
behen ki chut phad dunga madarchod,Hinglish,Nuclear
harami lavda choos lawda,Hinglish,Nuclear
gand phatli bhenchod mar mar,Hinglish/Marathi Mix,Nuclear
chut mein lund gaandu phadke,Hinglish,Nuclear
ki aulad gaand phaad mar,Hinglish,Nuclear
behen ki chut bhadwa chutiya,Hinglish,Nuclear
mar pucchi khajvya randi,Hinglish/Marathi Mix,Nuclear
gand phatli bhenchod gaandu lund,Hinglish/Marathi Mix,Nuclear
madarchod gaand phaad ki aulad,Hinglish,Nuclear
madarchod chut mein lund phad dunga,Hinglish,Nuclear
gaandu harami harami daal dunga,Hinglish,Nuclear
pucchi khajvya bhosdike bhosdike,Hinglish/Marathi Mix,Nuclear
gaandu lavde ka baal daal dunga,Hinglish,Nuclear
ki aulad harami chutiya gaandu,Hinglish,Nuclear
chut mein lund gaandu bhosdike,Hinglish,Nuclear
tujha aila kutryawani bhosdike phadke,Hinglish,Nuclear
madarchod chut mein lund madarchod,Hinglish,Nuclear
phadke lavda choos randi,Hinglish,Nuclear
bhosdike gand mar harami,Hinglish,Nuclear
teri maa ki chut lund phadke,Hinglish,Nuclear
lawda bhosdi wali mar,Hinglish,Nuclear
chutiya lavda choos madarchod,Hinglish,Nuclear
phad dunga gand mar phadke,Hinglish,Nuclear
phadke randi ka lund daal dunga,Hinglish,Nuclear
mar behen ki chut harami,Hinglish,Nuclear
zavadya madarchod gaandu ki aulad,Hinglish,Nuclear
gaandu gaand phaad choos,Hinglish,Nuclear
tujha aila kutryawani madarchod lund,Hinglish,Nuclear
tuzya aaichi pucchi daal dunga gaandu,Hinglish/Marathi Mix,Nuclear
zavadya madarchod lund bhosdike,Hinglish,Nuclear
chut mein lund ki aulad harami,Hinglish,Nuclear
phad dunga gand mar bhosdike,Hinglish,Nuclear
daal dunga zavadya madarchod lawda,Hinglish,Nuclear
mar teri maa ki chut lund,Hinglish,Nuclear
daal dunga maa ka bhosada lund,Hinglish,Nuclear
daal dunga randi ka lund harami,Hinglish,Nuclear
tuzya aaicha foda bhosdike mar,Hinglish/Marathi Mix,Nuclear
bhosdike lavda choos ki aulad,Hinglish,Nuclear
chutiya tuzya aaichi pucchi hijda,Hinglish/Marathi Mix,Nuclear
bhosdike gand mar randi,Hinglish,Nuclear
phadke gand mar randi,Hinglish,Nuclear
lawda harami chutiya hijda,Hinglish,Nuclear
gand mar phadke gaandu,Hinglish,Nuclear
ki aulad chut mein lund phadke,Hinglish,Nuclear
lawda lavde ka baal gaandu,Hinglish,Nuclear
phadke gand phatli bhenchod chutiya,Hinglish/Marathi Mix,Nuclear
harami ayica dana chutiya,Hinglish,Nuclear
bhadwa pucchi khajvya randi,Hinglish/Marathi Mix,Nuclear
tuzya aaicha foda ki aulad lund,Hinglish/Marathi Mix,Nuclear
madarchod aai chi gand harami,Hinglish/Marathi Mix,Nuclear
tujha aila kutryawani mar chutiya,Hinglish,Nuclear
teri maa ki chut lawda gaandu,Hinglish,Nuclear
randi ka lund phad dunga phad dunga,Hinglish,Nuclear
kutte ki aulad hijda mar,Hinglish,Nuclear
ki aulad teri maa ki chut bhosdike,Hinglish,Nuclear
lund tuzya aaichi pucchi lawda,Hinglish/Marathi Mix,Nuclear
tuzya aaichi pucchi bhosdike gaandu,Hinglish/Marathi Mix,Nuclear
bhosdi wali lund randi,Hinglish,Nuclear
choos lavde ka baal lund,Hinglish,Nuclear
mar behenchod randi gaandu,Hinglish,Nuclear
teri maa ki chut lund ki aulad,Hinglish,Nuclear
bhadwa aai chi gand lund,Hinglish/Marathi Mix,Nuclear
teri maa ki chut lund hijda,Hinglish,Nuclear
gand phatli bhenchod ki aulad ki aulad,Hinglish/Marathi Mix,Nuclear
tujha aila kutryawani randi lund,Hinglish,Nuclear
maa ka bhosada phadke harami,Hinglish,Nuclear
daal dunga teri maa ki chut harami,Hinglish,Nuclear
chutiya harami chutiya bhadwa,Hinglish,Nuclear
choos behenchod randi bhosdike,Hinglish,Nuclear
gaand phaad ki aulad madarchod,Hinglish,Nuclear
gand phatli bhenchod madarchod choos,Hinglish/Marathi Mix,Nuclear
bhadwa tujha aila kutryawani phad dunga,Hinglish,Nuclear
chutiya harami chutiya harami,Hinglish,Nuclear
phad dunga gand phatli bhenchod lund,Hinglish/Marathi Mix,Nuclear
tuzya aaichi pucchi bhadwa lawda,Hinglish/Marathi Mix,Nuclear
madarchod bhosdike gaandu phad dunga,Hinglish,Nuclear
gand mar ki aulad daal dunga,Hinglish,Nuclear
behen ki chut bhadwa madarchod,Hinglish,Nuclear
phad dunga lavda choos bhadwa,Hinglish,Nuclear
bhosdi wali daal dunga bhosdike,Hinglish,Nuclear
tujha aila kutryawani lund daal dunga,Hinglish,Nuclear
zavadya madarchod bhadwa choos,Hinglish,Nuclear
lavde ka baal randi choos,Hinglish,Nuclear
teri maa ki chut mar harami,Hinglish,Nuclear
phadke teri maa ki chut chutiya,Hinglish,Nuclear
lavda choos chutiya phadke,Hinglish,Nuclear
gaandu aai chi gand ki aulad,Hinglish/Marathi Mix,Nuclear
gaand phaad lawda chutiya,Hinglish,Nuclear
madarchod bhosdike chutiya harami,Hinglish,Nuclear
ki aulad harami chutiya hijda,Hinglish,Nuclear
gaand phaad bhadwa madarchod,Hinglish,Nuclear
madarchod behen ki chut hijda,Hinglish,Nuclear
lund randi ka lund choos,Hinglish,Nuclear
ki aulad tuzya aaicha foda bhadwa,Hinglish/Marathi Mix,Nuclear
teri maa ki chut phadke harami,Hinglish,Nuclear
choos aai chi gand chutiya,Hinglish/Marathi Mix,Nuclear
gaand phaad bhadwa harami,Hinglish,Nuclear
lund zavadya madarchod madarchod,Hinglish,Nuclear
phadke pucchi khajvya madarchod,Hinglish/Marathi Mix,Nuclear
choos chut mein lund bhosdike,Hinglish,Nuclear
behenchod randi phad dunga bhadwa,Hinglish,Nuclear
hijda lavde ka baal bhadwa,Hinglish,Nuclear
madarchod gand mar randi,Hinglish,Nuclear
tujha aila kutryawani gaandu phadke,Hinglish,Nuclear
gand mar ki aulad bhosdike,Hinglish,Nuclear
kutte ki aulad choos mar,Hinglish,Nuclear
tujha aila kutryawani daal dunga chutiya,Hinglish,Nuclear
bhosdi wali choos phadke,Hinglish,Nuclear
gaand phaad daal dunga gaandu,Hinglish,Nuclear
ki aulad behenchod randi lund,Hinglish,Nuclear
randi gand phatli bhenchod hijda,Hinglish/Marathi Mix,Nuclear
choos tuzya aaicha foda mar,Hinglish/Marathi Mix,Nuclear
tujha aila kutryawani harami gaandu,Hinglish,Nuclear
daal dunga lavda choos phad dunga,Hinglish,Nuclear
lavde ka baal ki aulad gaandu,Hinglish,Nuclear
chutiya teri maa ki chut daal dunga,Hinglish,Nuclear
lawda gand phatli bhenchod daal dunga,Hinglish/Marathi Mix,Nuclear
mar aai chi gand harami,Hinglish/Marathi Mix,Nuclear
tuzya aaichi pucchi randi mar,Hinglish/Marathi Mix,Nuclear
gaandu kutte ki aulad mar,Hinglish,Nuclear
chutiya bhosdi wali madarchod,Hinglish,Nuclear
phadke harami chutiya harami,Hinglish,Nuclear
madarchod bhosdike phad dunga mar,Hinglish,Nuclear
madarchod bhosdike phadke lund,Hinglish,Nuclear
pucchi khajvya chutiya phad dunga,Hinglish/Marathi Mix,Nuclear
randi behenchod randi madarchod,Hinglish,Nuclear
madarchod bhosdike daal dunga ki aulad,Hinglish,Nuclear
behenchod randi bhadwa gaandu,Hinglish,Nuclear
phadke tuzya aaicha foda hijda,Hinglish/Marathi Mix,Nuclear
bhadwa harami chutiya madarchod,Hinglish,Nuclear
randi ka lund randi lawda,Hinglish,Nuclear
zavadya madarchod lund lawda,Hinglish,Nuclear
lawda pucchi khajvya lawda,Hinglish/Marathi Mix,Nuclear
lawda tuzya aaichi pucchi mar,Hinglish/Marathi Mix,Nuclear
behen ki chut lund madarchod,Hinglish,Nuclear
harami madarchod bhosdike randi,Hinglish,Nuclear
harami chutiya chutiya hijda,Hinglish,Nuclear
choos randi ka lund ki aulad,Hinglish,Nuclear
pucchi khajvya choos bhadwa,Hinglish/Marathi Mix,Nuclear
phadke pucchi khajvya bhadwa,Hinglish/Marathi Mix,Nuclear
tuzya aaichi pucchi hijda ki aulad,Hinglish/Marathi Mix,Nuclear
phadke behenchod randi hijda,Hinglish,Nuclear
behen ki chut phadke gaandu,Hinglish,Nuclear
lund gaand phaad choos,Hinglish,Nuclear
bhosdi wali lawda lund,Hinglish,Nuclear
phad dunga maa ka bhosada gaandu,Hinglish,Nuclear
choos pucchi khajvya bhadwa,Hinglish/Marathi Mix,Nuclear
phad dunga pucchi khajvya lund,Hinglish/Marathi Mix,Nuclear
harami chutiya madarchod bhadwa,Hinglish,Nuclear
lavde ka baal choos lawda,Hinglish,Nuclear
lawda behen ki chut phad dunga,Hinglish,Nuclear
lavde ka baal mar phadke,Hinglish,Nuclear
lawda zavadya madarchod phad dunga,Hinglish,Nuclear
gand mar mar lund,Hinglish,Nuclear
chut mein lund bhosdike ki aulad,Hinglish,Nuclear
kutte ki aulad harami gaandu,Hinglish,Nuclear
randi lavde ka baal lund,Hinglish,Nuclear
ayica dana phadke gaandu,Hinglish,Nuclear
bhosdi wali daal dunga chutiya,Hinglish,Nuclear
zavadya madarchod gaandu harami,Hinglish,Nuclear
tuzya aaichi pucchi bhadwa ki aulad,Hinglish/Marathi Mix,Nuclear
gand phatli bhenchod phad dunga phadke,Hinglish/Marathi Mix,Nuclear
phadke pucchi khajvya daal dunga,Hinglish/Marathi Mix,Nuclear
choos zavadya madarchod ki aulad,Hinglish,Nuclear
lavda choos bhosdike madarchod,Hinglish,Nuclear
ki aulad randi ka lund bhadwa,Hinglish,Nuclear
choos ayica dana gaandu,Hinglish,Nuclear
lavda choos lund bhadwa,Hinglish,Nuclear
randi ka lund ki aulad randi,Hinglish,Nuclear
harami behen ki chut phad dunga,Hinglish,Nuclear
gand mar chutiya bhadwa,Hinglish,Nuclear
lund zavadya madarchod bhadwa,Hinglish,Nuclear
gaandu zavadya madarchod choos,Hinglish,Nuclear
bhadwa lavda choos choos,Hinglish,Nuclear
tujha aila kutryawani harami lawda,Hinglish,Nuclear
randi randi ka lund hijda,Hinglish,Nuclear
lawda bhosdi wali randi,Hinglish,Nuclear
bhosdike lavda choos daal dunga,Hinglish,Nuclear
lavda choos choos bhadwa,Hinglish,Nuclear
daal dunga harami chutiya choos,Hinglish,Nuclear
behenchod randi chutiya mar,Hinglish,Nuclear
lawda gand phatli bhenchod phad dunga,Hinglish/Marathi Mix,Nuclear
phadke gand mar madarchod,Hinglish,Nuclear
choos gand mar choos,Hinglish,Nuclear
madarchod bhosdike bhadwa bhadwa,Hinglish,Nuclear
gaandu randi ka lund gaandu,Hinglish,Nuclear
zavadya madarchod madarchod gaandu,Hinglish,Nuclear
lavde ka baal harami choos,Hinglish,Nuclear
daal dunga lavda choos lawda,Hinglish,Nuclear
bhadwa gand mar mar,Hinglish,Nuclear
madarchod pucchi khajvya harami,Hinglish/Marathi Mix,Nuclear
choos ayica dana madarchod,Hinglish,Nuclear
mar behenchod randi ki aulad,Hinglish,Nuclear
gand mar choos ki aulad,Hinglish,Nuclear
tujha aila kutryawani hijda lawda,Hinglish,Nuclear
ayica dana lund daal dunga,Hinglish,Nuclear
hijda behen ki chut randi,Hinglish,Nuclear
tuzya aaichi pucchi gaandu gaandu,Hinglish/Marathi Mix,Nuclear
gaandu harami mar madarchod,Hinglish,Nuclear
harami behen ki chut phadke,Hinglish,Nuclear
harami chut mein lund randi,Hinglish,Nuclear
ki aulad madarchod bhosdike lund,Hinglish,Nuclear
gaand phaad bhadwa chutiya,Hinglish,Nuclear
kutte ki aulad chutiya lawda,Hinglish,Nuclear
lund behen ki chut randi,Hinglish,Nuclear
gand phatli bhenchod lawda bhadwa,Hinglish/Marathi Mix,Nuclear
madarchod harami chutiya phadke,Hinglish,Nuclear
daal dunga lavda choos lund,Hinglish,Nuclear
phadke harami chutiya mar,Hinglish,Nuclear
tuzya aaicha foda gaandu harami,Hinglish/Marathi Mix,Nuclear
teri maa ki chut lund bhosdike,Hinglish,Nuclear
chutiya maa ka bhosada harami,Hinglish,Nuclear
mar harami chutiya lund,Hinglish,Nuclear
ki aulad tuzya aaicha foda lawda,Hinglish/Marathi Mix,Nuclear
bhosdike aai chi gand hijda,Hinglish/Marathi Mix,Nuclear
tujha aila kutryawani hijda madarchod,Hinglish,Nuclear
madarchod bhosdike hijda choos,Hinglish,Nuclear
lavda choos daal dunga phad dunga,Hinglish,Nuclear
behenchod randi madarchod mar,Hinglish,Nuclear
teri maa ki chut ki aulad madarchod,Hinglish,Nuclear
lavda choos lawda mar,Hinglish,Nuclear
hijda chut mein lund mar,Hinglish,Nuclear
behenchod randi mar chutiya,Hinglish,Nuclear
gaand phaad mar harami,Hinglish,Nuclear
chut mein lund gaandu harami,Hinglish,Nuclear
ayica dana phad dunga harami,Hinglish,Nuclear
bhosdike tuzya aaichi pucchi phadke,Hinglish/Marathi Mix,Nuclear
behenchod randi lawda bhadwa,Hinglish,Nuclear
lavde ka baal phadke phadke,Hinglish,Nuclear
ayica dana choos daal dunga,Hinglish,Nuclear
ayica dana madarchod harami,Hinglish,Nuclear
lawda aai chi gand chutiya,Hinglish/Marathi Mix,Nuclear
pucchi khajvya bhadwa bhadwa,Hinglish/Marathi Mix,Nuclear
phad dunga maa ka bhosada bhosdike,Hinglish,Nuclear
pucchi khajvya madarchod madarchod,Hinglish/Marathi Mix,Nuclear
zavadya madarchod chutiya phad dunga,Hinglish,Nuclear
phadke zavadya madarchod madarchod,Hinglish,Nuclear
tuzya aaicha foda chutiya phadke,Hinglish/Marathi Mix,Nuclear
zavadya madarchod ki aulad mar,Hinglish,Nuclear
harami chutiya lund phadke,Hinglish,Nuclear
gaand phaad bhosdike gaandu,Hinglish,Nuclear
behenchod randi chutiya choos,Hinglish,Nuclear
phadke teri maa ki chut mar,Hinglish,Nuclear
phadke kutte ki aulad phad dunga,Hinglish,Nuclear
ayica dana ki aulad harami,Hinglish,Nuclear
phad dunga randi ka lund daal dunga,Hinglish,Nuclear
madarchod ayica dana madarchod,Hinglish,Nuclear
pucchi khajvya bhosdike lund,Hinglish/Marathi Mix,Nuclear
daal dunga bhosdi wali madarchod,Hinglish,Nuclear
phad dunga teri maa ki chut gaandu,Hinglish,Nuclear
zavadya madarchod lawda madarchod,Hinglish,Nuclear
ayica dana randi gaandu,Hinglish,Nuclear
bhosdi wali phad dunga bhosdike,Hinglish,Nuclear
harami chutiya madarchod choos,Hinglish,Nuclear
bhosdike tujha aila kutryawani mar,Hinglish,Nuclear
randi chut mein lund mar,Hinglish,Nuclear
bhadwa madarchod bhosdike hijda,Hinglish,Nuclear
madarchod harami chutiya lawda,Hinglish,Nuclear
kutte ki aulad mar phad dunga,Hinglish,Nuclear
bhosdi wali harami gaandu,Hinglish,Nuclear
choos gaandu harami phadke,Hinglish,Nuclear
bhadwa tuzya aaichi pucchi hijda,Hinglish/Marathi Mix,Nuclear
madarchod bhosdike chutiya ki aulad,Hinglish,Nuclear
chutiya randi ka lund harami,Hinglish,Nuclear
daal dunga behen ki chut mar,Hinglish,Nuclear
daal dunga tujha aila kutryawani chutiya,Hinglish,Nuclear
mar gand mar madarchod,Hinglish,Nuclear
randi ka lund lawda daal dunga,Hinglish,Nuclear
chut mein lund ki aulad phad dunga,Hinglish,Nuclear
daal dunga behenchod randi lawda,Hinglish,Nuclear
harami randi ka lund bhosdike,Hinglish,Nuclear
hijda maa ka bhosada phad dunga,Hinglish,Nuclear
lavde ka baal gaandu lawda,Hinglish,Nuclear
lawda lavde ka baal randi,Hinglish,Nuclear
phad dunga kutte ki aulad madarchod,Hinglish,Nuclear
choos harami chutiya lund,Hinglish,Nuclear
madarchod tuzya aaichi pucchi gaandu,Hinglish/Marathi Mix,Nuclear
mar gaandu harami lund,Hinglish,Nuclear
pucchi khajvya ki aulad lawda,Hinglish/Marathi Mix,Nuclear
lavda choos gaandu randi,Hinglish,Nuclear
bhadwa madarchod bhosdike choos,Hinglish,Nuclear
lund madarchod bhosdike bhosdike,Hinglish,Nuclear
gaandu harami phadke bhosdike,Hinglish,Nuclear
lavde ka baal gaandu phadke,Hinglish,Nuclear
ki aulad maa ka bhosada harami,Hinglish,Nuclear
chut mein lund chutiya phad dunga,Hinglish,Nuclear
choos ayica dana daal dunga,Hinglish,Nuclear
bhosdi wali phad dunga randi,Hinglish,Nuclear
bhadwa chut mein lund bhadwa,Hinglish,Nuclear
randi ka lund bhadwa gaandu,Hinglish,Nuclear
ayica dana lawda bhosdike,Hinglish,Nuclear
hijda bhosdi wali randi,Hinglish,Nuclear
behen ki chut lund daal dunga,Hinglish,Nuclear
ki aulad chut mein lund lund,Hinglish,Nuclear
bhosdike tujha aila kutryawani choos,Hinglish,Nuclear
kutte ki aulad randi hijda,Hinglish,Nuclear
tujha aila kutryawani phad dunga ki aulad,Hinglish,Nuclear
gaand phaad bhadwa bhosdike,Hinglish,Nuclear
tuzya aaicha foda lund chutiya,Hinglish/Marathi Mix,Nuclear
chutiya pucchi khajvya randi,Hinglish/Marathi Mix,Nuclear
harami gand mar harami,Hinglish,Nuclear
pucchi khajvya hijda daal dunga,Hinglish/Marathi Mix,Nuclear
ki aulad tuzya aaichi pucchi bhadwa,Hinglish/Marathi Mix,Nuclear
bhosdike bhosdi wali hijda,Hinglish,Nuclear
gand phatli bhenchod phadke madarchod,Hinglish/Marathi Mix,Nuclear
bhadwa randi ka lund bhadwa,Hinglish,Nuclear
phadke gaand phaad harami,Hinglish,Nuclear
lawda lavda choos madarchod,Hinglish,Nuclear
kutte ki aulad bhosdike phadke,Hinglish,Nuclear
lavde ka baal ki aulad lund,Hinglish,Nuclear
pucchi khajvya harami lund,Hinglish/Marathi Mix,Nuclear
kutte ki aulad chutiya bhadwa,Hinglish,Nuclear
randi ka lund hijda gaandu,Hinglish,Nuclear
gaand phaad lund phad dunga,Hinglish,Nuclear
ayica dana chutiya choos,Hinglish,Nuclear
choos aai chi gand harami,Hinglish/Marathi Mix,Nuclear
gand phatli bhenchod bhosdike choos,Hinglish/Marathi Mix,Nuclear
lawda pucchi khajvya lund,Hinglish/Marathi Mix,Nuclear
randi kutte ki aulad randi,Hinglish,Nuclear
bhosdi wali phad dunga phadke,Hinglish,Nuclear
aai chi gand lawda choos,Hinglish/Marathi Mix,Nuclear
hijda chut mein lund harami,Hinglish,Nuclear
gand phatli bhenchod randi bhosdike,Hinglish/Marathi Mix,Nuclear
phadke teri maa ki chut ki aulad,Hinglish,Nuclear
harami chutiya bhosdike phad dunga,Hinglish,Nuclear
aai chi gand chutiya madarchod,Hinglish/Marathi Mix,Nuclear
chut mein lund gaandu chutiya,Hinglish,Nuclear
lawda chut mein lund hijda,Hinglish,Nuclear
ki aulad behen ki chut chutiya,Hinglish,Nuclear
harami pucchi khajvya gaandu,Hinglish/Marathi Mix,Nuclear
gand phatli bhenchod lawda madarchod,Hinglish/Marathi Mix,Nuclear
phad dunga maa ka bhosada choos,Hinglish,Nuclear
gaandu harami madarchod phadke,Hinglish,Nuclear
choos gand phatli bhenchod ki aulad,Hinglish/Marathi Mix,Nuclear
tujha aila kutryawani daal dunga ki aulad,Hinglish,Nuclear
lawda zavadya madarchod randi,Hinglish,Nuclear
chutiya madarchod bhosdike gaandu,Hinglish,Nuclear
randi kutte ki aulad mar,Hinglish,Nuclear
aai chi gand choos mar,Hinglish/Marathi Mix,Nuclear
gand mar hijda bhosdike,Hinglish,Nuclear
tuzya aaicha foda daal dunga madarchod,Hinglish/Marathi Mix,Nuclear
ki aulad maa ka bhosada chutiya,Hinglish,Nuclear
lund randi ka lund bhadwa,Hinglish,Nuclear
gaand phaad choos hijda,Hinglish,Nuclear
hijda aai chi gand phad dunga,Hinglish/Marathi Mix,Nuclear
ayica dana daal dunga hijda,Hinglish,Nuclear
daal dunga teri maa ki chut lund,Hinglish,Nuclear
hijda lavda choos phad dunga,Hinglish,Nuclear
lawda lavde ka baal bhadwa,Hinglish,Nuclear
gand phatli bhenchod ki aulad choos,Hinglish/Marathi Mix,Nuclear
pucchi khajvya hijda hijda,Hinglish/Marathi Mix,Nuclear
daal dunga randi ka lund madarchod,Hinglish,Nuclear
madarchod behenchod randi randi,Hinglish,Nuclear
hijda kutte ki aulad choos,Hinglish,Nuclear
randi aai chi gand chutiya,Hinglish/Marathi Mix,Nuclear
pucchi khajvya bhadwa madarchod,Hinglish/Marathi Mix,Nuclear
tuzya aaichi pucchi ki aulad bhosdike,Hinglish/Marathi Mix,Nuclear
gaand phaad daal dunga bhosdike,Hinglish,Nuclear
lavda choos hijda lund,Hinglish,Nuclear
chut mein lund phadke bhadwa,Hinglish,Nuclear
gaandu harami choos gaandu,Hinglish,Nuclear
bhosdike zavadya madarchod chutiya,Hinglish,Nuclear
lawda maa ka bhosada phadke,Hinglish,Nuclear
bhadwa gand mar gaandu,Hinglish,Nuclear
madarchod bhosdike bhosdike harami,Hinglish,Nuclear
gand mar harami chutiya,Hinglish,Nuclear
phadke behen ki chut madarchod,Hinglish,Nuclear
hijda pucchi khajvya phadke,Hinglish/Marathi Mix,Nuclear
hijda lavde ka baal madarchod,Hinglish,Nuclear
bhosdike randi ka lund lawda,Hinglish,Nuclear
hijda behen ki chut mar,Hinglish,Nuclear
choos madarchod bhosdike bhadwa,Hinglish,Nuclear
madarchod randi ka lund harami,Hinglish,Nuclear
lawda aai chi gand hijda,Hinglish/Marathi Mix,Nuclear
madarchod tuzya aaichi pucchi bhadwa,Hinglish/Marathi Mix,Nuclear
harami gaandu harami lawda,Hinglish,Nuclear
chutiya gaand phaad madarchod,Hinglish,Nuclear
harami behenchod randi madarchod,Hinglish,Nuclear
hijda aai chi gand lawda,Hinglish/Marathi Mix,Nuclear
choos zavadya madarchod lawda,Hinglish,Nuclear
phadke randi ka lund phadke,Hinglish,Nuclear
phadke tujha aila kutryawani madarchod,Hinglish,Nuclear
phad dunga randi ka lund madarchod,Hinglish,Nuclear
zavadya madarchod choos gaandu,Hinglish,Nuclear
behen ki chut phad dunga lawda,Hinglish,Nuclear
harami tuzya aaichi pucchi bhosdike,Hinglish/Marathi Mix,Nuclear
madarchod behen ki chut chutiya,Hinglish,Nuclear
hijda chut mein lund lund,Hinglish,Nuclear
harami pucchi khajvya choos,Hinglish/Marathi Mix,Nuclear
lavde ka baal bhadwa chutiya,Hinglish,Nuclear
hijda gand phatli bhenchod choos,Hinglish/Marathi Mix,Nuclear
ki aulad gaandu harami gaandu,Hinglish,Nuclear
gaandu lavda choos daal dunga,Hinglish,Nuclear
mar bhosdi wali choos,Hinglish,Nuclear
phadke tujha aila kutryawani choos,Hinglish,Nuclear
gaandu harami lawda lawda,Hinglish,Nuclear
randi bhosdi wali daal dunga,Hinglish,Nuclear
ki aulad lavda choos ki aulad,Hinglish,Nuclear
phad dunga zavadya madarchod lund,Hinglish,Nuclear
aai chi gand daal dunga gaandu,Hinglish/Marathi Mix,Nuclear
chutiya pucchi khajvya bhadwa,Hinglish/Marathi Mix,Nuclear
maa ka bhosada gaandu lawda,Hinglish,Nuclear
bhadwa behen ki chut bhadwa,Hinglish,Nuclear
lavda choos randi bhadwa,Hinglish,Nuclear
randi ka lund bhosdike harami,Hinglish,Nuclear
madarchod tuzya aaicha foda phad dunga,Hinglish/Marathi Mix,Nuclear
gaandu harami bhosdike harami,Hinglish,Nuclear
daal dunga zavadya madarchod ki aulad,Hinglish,Nuclear
randi gand mar chutiya,Hinglish,Nuclear
tuzya aaichi pucchi chutiya randi,Hinglish/Marathi Mix,Nuclear
tujha aila kutryawani phadke bhadwa,Hinglish,Nuclear
zavadya madarchod phad dunga lawda,Hinglish,Nuclear
zavadya madarchod hijda hijda,Hinglish,Nuclear
gaand phaad madarchod lund,Hinglish,Nuclear
bhosdi wali bhosdike harami,Hinglish,Nuclear
hijda aai chi gand bhadwa,Hinglish/Marathi Mix,Nuclear
gaandu harami bhadwa phadke,Hinglish,Nuclear
chutiya behen ki chut randi,Hinglish,Nuclear
phad dunga gaand phaad lawda,Hinglish,Nuclear
aai chi gand daal dunga phadke,Hinglish/Marathi Mix,Nuclear
lavde ka baal hijda choos,Hinglish,Nuclear
teri maa ki chut harami gaandu,Hinglish,Nuclear
lawda bhosdi wali gaandu,Hinglish,Nuclear
gaandu behenchod randi ki aulad,Hinglish,Nuclear
ayica dana bhosdike bhadwa,Hinglish,Nuclear
daal dunga gand phatli bhenchod bhadwa,Hinglish/Marathi Mix,Nuclear
phadke lavde ka baal ki aulad,Hinglish,Nuclear
chut mein lund madarchod bhadwa,Hinglish,Nuclear
gaand phaad hijda gaandu,Hinglish,Nuclear
behen ki chut gaandu lawda,Hinglish,Nuclear
randi ka lund choos ki aulad,Hinglish,Nuclear
bhosdi wali choos chutiya,Hinglish,Nuclear
madarchod gand phatli bhenchod choos,Hinglish/Marathi Mix,Nuclear
gand phatli bhenchod lawda bhosdike,Hinglish/Marathi Mix,Nuclear
tujha aila kutryawani phadke hijda,Hinglish,Nuclear
gand mar lund phad dunga,Hinglish,Nuclear
maa ka bhosada phad dunga hijda,Hinglish,Nuclear
randi tujha aila kutryawani harami,Hinglish,Nuclear
choos behen ki chut harami,Hinglish,Nuclear
chut mein lund ki aulad hijda,Hinglish,Nuclear
hijda tuzya aaichi pucchi bhadwa,Hinglish/Marathi Mix,Nuclear
bhadwa kutte ki aulad daal dunga,Hinglish,Nuclear
teri maa ki chut hijda phadke,Hinglish,Nuclear
lund tujha aila kutryawani phadke,Hinglish,Nuclear
kutte ki aulad daal dunga daal dunga,Hinglish,Nuclear
harami lavda choos chutiya,Hinglish,Nuclear
bhadwa teri maa ki chut daal dunga,Hinglish,Nuclear
zavadya madarchod madarchod mar,Hinglish,Nuclear
lund randi ka lund ki aulad,Hinglish,Nuclear
madarchod lavda choos harami,Hinglish,Nuclear
daal dunga gand mar phadke,Hinglish,Nuclear
madarchod bhosdike daal dunga randi,Hinglish,Nuclear
gaandu harami bhosdike chutiya,Hinglish,Nuclear
gaand phaad chutiya ki aulad,Hinglish,Nuclear
harami chutiya gaandu lund,Hinglish,Nuclear
tuzya aaichi pucchi ki aulad gaandu,Hinglish/Marathi Mix,Nuclear
ayica dana hijda bhosdike,Hinglish,Nuclear
daal dunga behenchod randi mar,Hinglish,Nuclear
tuzya aaicha foda bhadwa harami,Hinglish/Marathi Mix,Nuclear
madarchod tuzya aaichi pucchi phad dunga,Hinglish/Marathi Mix,Nuclear
aai chi gand madarchod lund,Hinglish/Marathi Mix,Nuclear
maa ka bhosada phad dunga lund,Hinglish,Nuclear
kutte ki aulad lawda daal dunga,Hinglish,Nuclear
zavadya madarchod madarchod madarchod,Hinglish,Nuclear
chutiya zavadya madarchod ki aulad,Hinglish,Nuclear
phadke kutte ki aulad madarchod,Hinglish,Nuclear
gaandu zavadya madarchod lund,Hinglish,Nuclear
daal dunga madarchod bhosdike phadke,Hinglish,Nuclear
behen ki chut harami phad dunga,Hinglish,Nuclear
gaand phaad choos phad dunga,Hinglish,Nuclear
lavda choos bhosdike gaandu,Hinglish,Nuclear
tuzya aaicha foda lawda madarchod,Hinglish/Marathi Mix,Nuclear
gaandu gaand phaad daal dunga,Hinglish,Nuclear
mar aai chi gand phad dunga,Hinglish/Marathi Mix,Nuclear
gand phatli bhenchod choos bhadwa,Hinglish/Marathi Mix,Nuclear
gaand phaad lawda ki aulad,Hinglish,Nuclear
harami chutiya madarchod phadke,Hinglish,Nuclear
daal dunga ayica dana harami,Hinglish,Nuclear
randi tujha aila kutryawani lund,Hinglish,Nuclear
zavadya madarchod gaandu chutiya,Hinglish,Nuclear
zavadya madarchod lawda bhadwa,Hinglish,Nuclear
madarchod pucchi khajvya lund,Hinglish/Marathi Mix,Nuclear
ki aulad behenchod randi madarchod,Hinglish,Nuclear
lavda choos phad dunga harami,Hinglish,Nuclear
tuzya aaicha foda chutiya lund,Hinglish/Marathi Mix,Nuclear
harami kutte ki aulad lund,Hinglish,Nuclear
randi harami chutiya phad dunga,Hinglish,Nuclear
lavda choos hijda bhosdike,Hinglish,Nuclear
daal dunga gand phatli bhenchod mar,Hinglish/Marathi Mix,Nuclear
phadke maa ka bhosada harami,Hinglish,Nuclear
lund tuzya aaichi pucchi bhadwa,Hinglish/Marathi Mix,Nuclear
ki aulad gaandu harami choos,Hinglish,Nuclear
bhosdike lavda choos phadke,Hinglish,Nuclear
chutiya bhosdi wali phadke,Hinglish,Nuclear
daal dunga tuzya aaicha foda lawda,Hinglish/Marathi Mix,Nuclear
tuzya aaicha foda chutiya bhadwa,Hinglish/Marathi Mix,Nuclear
behen ki chut lawda phad dunga,Hinglish,Nuclear
zavadya madarchod hijda bhadwa,Hinglish,Nuclear
hijda gand mar gaandu,Hinglish,Nuclear
bhadwa gand phatli bhenchod bhadwa,Hinglish/Marathi Mix,Nuclear
tuzya aaicha foda choos madarchod,Hinglish/Marathi Mix,Nuclear
gaandu tuzya aaicha foda hijda,Hinglish/Marathi Mix,Nuclear
aai chi gand phadke randi,Hinglish/Marathi Mix,Nuclear
teri maa ki chut bhosdike lund,Hinglish,Nuclear
bhosdi wali bhadwa madarchod,Hinglish,Nuclear
harami chutiya bhosdike harami,Hinglish,Nuclear
pucchi khajvya hijda lawda,Hinglish/Marathi Mix,Nuclear
gand mar chutiya chutiya,Hinglish,Nuclear
choos zavadya madarchod madarchod,Hinglish,Nuclear
aai chi gand daal dunga choos,Hinglish/Marathi Mix,Nuclear
phad dunga pucchi khajvya gaandu,Hinglish/Marathi Mix,Nuclear
phadke lavde ka baal gaandu,Hinglish,Nuclear
behenchod randi lawda ki aulad,Hinglish,Nuclear
pucchi khajvya choos daal dunga,Hinglish/Marathi Mix,Nuclear
kutte ki aulad mar hijda,Hinglish,Nuclear
lund aai chi gand choos,Hinglish/Marathi Mix,Nuclear
kutte ki aulad bhadwa phad dunga,Hinglish,Nuclear
gand mar phad dunga ki aulad,Hinglish,Nuclear
gand phatli bhenchod randi choos,Hinglish/Marathi Mix,Nuclear
bhosdike gaandu harami daal dunga,Hinglish,Nuclear
gaandu lavda choos gaandu,Hinglish,Nuclear
gaandu harami choos bhadwa,Hinglish,Nuclear
hijda zavadya madarchod bhosdike,Hinglish,Nuclear
lund madarchod bhosdike lawda,Hinglish,Nuclear
lawda gand phatli bhenchod bhosdike,Hinglish/Marathi Mix,Nuclear
bhosdi wali chutiya madarchod,Hinglish,Nuclear
bhosdi wali phadke harami,Hinglish,Nuclear
madarchod randi ka lund choos,Hinglish,Nuclear
aai chi gand madarchod phadke,Hinglish/Marathi Mix,Nuclear
ayica dana randi ki aulad,Hinglish,Nuclear
lund chut mein lund phad dunga,Hinglish,Nuclear
chutiya bhosdi wali harami,Hinglish,Nuclear
phad dunga lavde ka baal gaandu,Hinglish,Nuclear
gand phatli bhenchod choos lawda,Hinglish/Marathi Mix,Nuclear
tuzya aaichi pucchi daal dunga randi,Hinglish/Marathi Mix,Nuclear
daal dunga kutte ki aulad lund,Hinglish,Nuclear
madarchod behenchod randi lund,Hinglish,Nuclear
kutte ki aulad hijda randi,Hinglish,Nuclear
lavde ka baal chutiya chutiya,Hinglish,Nuclear
daal dunga kutte ki aulad bhosdike,Hinglish,Nuclear
lawda maa ka bhosada harami,Hinglish,Nuclear
chutiya chut mein lund gaandu,Hinglish,Nuclear
lund pucchi khajvya ki aulad,Hinglish/Marathi Mix,Nuclear
maa ka bhosada hijda hijda,Hinglish,Nuclear
behenchod randi randi bhosdike,Hinglish,Nuclear
harami lavda choos madarchod,Hinglish,Nuclear
lavde ka baal madarchod gaandu,Hinglish,Nuclear
madarchod bhosdike ki aulad daal dunga,Hinglish,Nuclear
phad dunga harami chutiya lawda,Hinglish,Nuclear
gand phatli bhenchod phadke randi,Hinglish/Marathi Mix,Nuclear
lawda kutte ki aulad phadke,Hinglish,Nuclear
harami gand mar bhosdike,Hinglish,Nuclear
gaand phaad lawda bhosdike,Hinglish,Nuclear
choos tuzya aaicha foda bhadwa,Hinglish/Marathi Mix,Nuclear
maa ka bhosada lawda harami,Hinglish,Nuclear
harami chutiya bhadwa choos,Hinglish,Nuclear
gaand phaad bhadwa ki aulad,Hinglish,Nuclear
lawda gand mar ki aulad,Hinglish,Nuclear
harami chutiya bhadwa harami,Hinglish,Nuclear
lavde ka baal daal dunga bhosdike,Hinglish,Nuclear
tujha aila kutryawani lawda chutiya,Hinglish,Nuclear
teri maa ki chut bhadwa gaandu,Hinglish,Nuclear
lavde ka baal lund bhosdike,Hinglish,Nuclear
lavde ka baal phad dunga phad dunga,Hinglish,Nuclear
aai chi gand madarchod chutiya,Hinglish/Marathi Mix,Nuclear
mar tuzya aaichi pucchi choos,Hinglish/Marathi Mix,Nuclear
hijda randi ka lund lund,Hinglish,Nuclear
choos gand mar lund,Hinglish,Nuclear
ki aulad tuzya aaichi pucchi hijda,Hinglish/Marathi Mix,Nuclear
madarchod bhosdi wali bhadwa,Hinglish,Nuclear
lawda gand phatli bhenchod lund,Hinglish/Marathi Mix,Nuclear
daal dunga bhosdi wali phad dunga,Hinglish,Nuclear
madarchod madarchod bhosdike bhosdike,Hinglish,Nuclear
maa ka bhosada harami choos,Hinglish,Nuclear
chutiya tuzya aaicha foda phadke,Hinglish/Marathi Mix,Nuclear
mar ayica dana hijda,Hinglish,Nuclear
gaand phaad choos mar,Hinglish,Nuclear
phadke randi ka lund madarchod,Hinglish,Nuclear
madarchod bhosdike choos gaandu,Hinglish,Nuclear
randi randi ka lund madarchod,Hinglish,Nuclear
maa ka bhosada gaandu lund,Hinglish,Nuclear
mar behenchod randi lund,Hinglish,Nuclear
lund ayica dana gaandu,Hinglish,Nuclear
zavadya madarchod lawda lawda,Hinglish,Nuclear
ayica dana gaandu chutiya,Hinglish,Nuclear
ki aulad maa ka bhosada madarchod,Hinglish,Nuclear
mar gaand phaad lawda,Hinglish,Nuclear
zavadya madarchod bhosdike bhadwa,Hinglish,Nuclear
chutiya lavde ka baal harami,Hinglish,Nuclear
gaand phaad lund harami,Hinglish,Nuclear
gaandu bhosdi wali phadke,Hinglish,Nuclear
maa ka bhosada ki aulad choos,Hinglish,Nuclear
phadke tuzya aaicha foda choos,Hinglish/Marathi Mix,Nuclear
maa ka bhosada phadke ki aulad,Hinglish,Nuclear
chutiya randi ka lund phad dunga,Hinglish,Nuclear
lavde ka baal lund hijda,Hinglish,Nuclear
gand phatli bhenchod mar randi,Hinglish/Marathi Mix,Nuclear
zavadya madarchod phad dunga randi,Hinglish,Nuclear
lavda choos daal dunga choos,Hinglish,Nuclear
gaandu gand phatli bhenchod harami,Hinglish/Marathi Mix,Nuclear
behen ki chut phadke daal dunga,Hinglish,Nuclear
chutiya gaand phaad bhadwa,Hinglish,Nuclear
choos lavda choos hijda,Hinglish,Nuclear
harami tujha aila kutryawani lund,Hinglish,Nuclear
phad dunga aai chi gand randi,Hinglish/Marathi Mix,Nuclear
kutte ki aulad lawda bhosdike,Hinglish,Nuclear
lund pucchi khajvya hijda,Hinglish/Marathi Mix,Nuclear
tuzya aaicha foda mar lund,Hinglish/Marathi Mix,Nuclear
